customer_id,churn
NVT-E9EXTV4CXKUN,0.24691666666666667
NVT-QPKCCQHNCJXC,0.24691666666666667
NVT-5Z8HTRYSMWFH,0.24691666666666667
NVT-BD5NVDKZ4LZ9,0.24691666666666667
NVT-WCU3MK4PB7EF,0.24691666666666667
NVT-XJ3QULM7XP4D,0.24691666666666667
NVT-JXVY7L5YREZF,0.24691666666666667
NVT-CVD5AF3UPZZP,0.24691666666666667
NVT-2THGQPEE6ZWV,0.24691666666666667
NVT-P7C8SP5D76QV,0.24691666666666667
NVT-7MWNLWXY3D5X,0.24691666666666667
NVT-8YJFSSLKJ3LM,0.24691666666666667
NVT-5724LUTCYTCY,0.24691666666666667
NVT-Z9NCSEYVBSBH,0.24691666666666667
NVT-CL9ATHQP2Z46,0.24691666666666667
NVT-BEMCWBAR8953,0.24691666666666667
NVT-X3FZRXXR9GEZ,0.24691666666666667
NVT-A4FC78JDG67B,0.24691666666666667
NVT-6985QKCBX8EG,0.24691666666666667
NVT-ZSE6JNMNUKHB,0.24691666666666667
NVT-ZD6ZJ8634AVR,0.24691666666666667
NVT-F6XRZWQGP67M,0.24691666666666667
NVT-WTEMLF4MEJ8J,0.24691666666666667
NVT-DXR54YGKA35H,0.24691666666666667
NVT-CRM72NGBZA4U,0.24691666666666667
NVT-8WAP3BRMQUG2,0.24691666666666667
NVT-YN43RRRMSXRU,0.24691666666666667
NVT-SASSYRFFJ7AQ,0.24691666666666667
NVT-QFG8NEVE97BR,0.24691666666666667
NVT-7LF5UYT6PSMF,0.24691666666666667
NVT-SMMYL4H3Y2VC,0.24691666666666667
NVT-UY9TE62HGHB7,0.24691666666666667
NVT-9CLNAYUTZY7A,0.24691666666666667
NVT-6K75296VBR5P,0.24691666666666667
NVT-5GSTCXYYJ5BF,0.24691666666666667
NVT-HV9XQNMFW3SE,0.24691666666666667
NVT-DF4QDDNYFRXG,0.24691666666666667
NVT-5PLBA4TUKKFW,0.24691666666666667
NVT-5ZKPE3BD2NFR,0.24691666666666667
NVT-HPXWKZ73YB8D,0.24691666666666667
NVT-ZNV4B695YZEA,0.24691666666666667
NVT-ZG98ZWBJPVQT,0.24691666666666667
NVT-UTMPRFAXBQJN,0.24691666666666667
NVT-G5NRFSVZ5SPC,0.24691666666666667
NVT-3XKQC67Y4LAY,0.24691666666666667
NVT-472P65X7XTPW,0.24691666666666667
NVT-DXPFNT7JKZU6,0.24691666666666667
NVT-PARWM35TG72E,0.24691666666666667
NVT-MD2WEVA47P59,0.24691666666666667
NVT-NWK8YY7Z8LWW,0.24691666666666667
NVT-6ALEAMY4PHCY,0.24691666666666667
NVT-B36CZAPDR5ZN,0.24691666666666667
NVT-N7G33UCSZ5L4,0.24691666666666667
NVT-CMZMM6P3LGWA,0.24691666666666667
NVT-9XKZW37ECN64,0.24691666666666667
NVT-ZX4AC93XHBWE,0.24691666666666667
NVT-G8HTYGFRNSU3,0.24691666666666667
NVT-V7WKHW5LGMQH,0.24691666666666667
NVT-8KBFSK3BECTR,0.24691666666666667
NVT-H2A3Y3QYMXEW,0.24691666666666667
NVT-E7RS8ZTQ8MGT,0.24691666666666667
NVT-Q7D265WXXHF3,0.24691666666666667
NVT-CYVKBKK5236N,0.24691666666666667
NVT-5T4APRHMZTNK,0.24691666666666667
NVT-7LNYXDD9ZW2B,0.24691666666666667
NVT-X33MT6UM4K65,0.24691666666666667
NVT-F9PATTKMWV5U,0.24691666666666667
NVT-7KNUBMFZZCSN,0.24691666666666667
NVT-YMXEN52T98CP,0.24691666666666667
NVT-KHKZ8JGNWTJA,0.24691666666666667
NVT-9JK4LEEXZHN3,0.24691666666666667
NVT-J6AMSQMNH642,0.24691666666666667
NVT-FVEUXDUK2ECS,0.24691666666666667
NVT-L5D5TZ4AAF4D,0.24691666666666667
NVT-S4SVAT9RCDGQ,0.24691666666666667
NVT-4BA8C72ZAKWJ,0.24691666666666667
NVT-R9TSTV7WPAX4,0.24691666666666667
NVT-CKM37SNH3LPW,0.24691666666666667
NVT-NDXYN88SH7DV,0.24691666666666667
NVT-TTHW8APM9N4N,0.24691666666666667
NVT-B8TRTPKZ8VCX,0.24691666666666667
NVT-FFMGGWF64UQU,0.24691666666666667
NVT-G8PJ5RSR9EZZ,0.24691666666666667
NVT-ATBHN5PY8U5P,0.24691666666666667
NVT-EEBMHQKQD6A6,0.24691666666666667
NVT-4HW4UEQ7BL94,0.24691666666666667
NVT-99TJMMWEGM87,0.24691666666666667
NVT-C2KTSXP754VY,0.24691666666666667
NVT-4JJ74AQYPVZW,0.24691666666666667
NVT-Q4F76Q4YC2NF,0.24691666666666667
NVT-PHAUSQVE9NSD,0.24691666666666667
NVT-EMPSHPA28J8C,0.24691666666666667
NVT-GXDTH7TNH7X7,0.24691666666666667
NVT-GKU4CZ8UERJ8,0.24691666666666667
NVT-YLA9L3RCUVVX,0.24691666666666667
NVT-6Q32GBFFJPDK,0.24691666666666667
NVT-DH9KWVUY32V5,0.24691666666666667
NVT-LVR8Y5FYSZNF,0.24691666666666667
NVT-4R9RW6SPCZJQ,0.24691666666666667
NVT-EZQ688Q4NNJC,0.24691666666666667
NVT-H82FZ55PWK8F,0.24691666666666667
NVT-3T8TS9SM6X2P,0.24691666666666667
NVT-AZG5RQBSWTZZ,0.24691666666666667
NVT-NMNE4UBML7KQ,0.24691666666666667
NVT-WYY4RRCCMLM7,0.24691666666666667
NVT-6B4DQRB8ZUVU,0.24691666666666667
NVT-6FWUCFP5RE4T,0.24691666666666667
NVT-C4XYJKZCL868,0.24691666666666667
NVT-ZY3GLVYBA3QW,0.24691666666666667
NVT-NG9GHJARVQDY,0.24691666666666667
NVT-8G5658CLPY6A,0.24691666666666667
NVT-PMNBQUHUDUFM,0.24691666666666667
NVT-K752MD44Y45T,0.24691666666666667
NVT-NKDNY2AZCWWE,0.24691666666666667
NVT-XRU9YJ8PMU22,0.24691666666666667
NVT-TKULJ3RN5YXZ,0.24691666666666667
NVT-SBLVFRKU24H6,0.24691666666666667
NVT-65KF5UPX6Z2C,0.24691666666666667
NVT-MBLN75BYCGE9,0.24691666666666667
NVT-DQQQ2DVXG3RA,0.24691666666666667
NVT-AU9G544X5F9R,0.24691666666666667
NVT-X5YWZEQ4ZKXG,0.24691666666666667
NVT-ZX6YRQEKPJCL,0.24691666666666667
NVT-FK8S3C5CSN3Y,0.24691666666666667
NVT-6382C5DDXHLG,0.24691666666666667
NVT-4BC3PCUM427X,0.24691666666666667
NVT-6MCYBHBVQ8VY,0.24691666666666667
NVT-NB76YKGUM3Q5,0.24691666666666667
NVT-6J272BQJQSX7,0.24691666666666667
NVT-M488PKN9GEKB,0.24691666666666667
NVT-EPRUWH964DKD,0.24691666666666667
NVT-DFSMY45USWTU,0.24691666666666667
NVT-698G8RLGPNDG,0.24691666666666667
NVT-LWHTD9AYD4U5,0.24691666666666667
NVT-TK9ZUDEXUU6M,0.24691666666666667
NVT-ELBV4B2WFFM4,0.24691666666666667
NVT-NEETRCHUUJYQ,0.24691666666666667
NVT-T8T5EM8429N5,0.24691666666666667
NVT-A5DWXBYSRLDF,0.24691666666666667
NVT-WCFW4SAEMXPC,0.24691666666666667
NVT-9GCHM739ETPC,0.24691666666666667
NVT-VS8RJQ85K3HY,0.24691666666666667
NVT-L22XJYPRQPYE,0.24691666666666667
NVT-NH7SKZYNF5KD,0.24691666666666667
NVT-786D6MFQ4W5S,0.24691666666666667
NVT-F2VX5RK5RA8D,0.24691666666666667
NVT-H2W2ZCV9CUC2,0.24691666666666667
NVT-PQB9L4X7AGSX,0.24691666666666667
NVT-AW62RZKH6WC6,0.24691666666666667
NVT-NFXQJR5CMTUR,0.24691666666666667
NVT-WXTKM2RETJVV,0.24691666666666667
NVT-GNU7B5SG2J7X,0.24691666666666667
NVT-VBUSMB4GFE8E,0.24691666666666667
NVT-KH4H58KFZNYB,0.24691666666666667
NVT-5KKLFAUV6Q3Y,0.24691666666666667
NVT-FQWCZMWGJAXL,0.24691666666666667
NVT-7755KF3AE5KP,0.24691666666666667
NVT-T8S3A3N2TRE6,0.24691666666666667
NVT-H9J5NSEZAEB5,0.24691666666666667
NVT-P4REH9GRUQSC,0.24691666666666667
NVT-XHZKEEAG2ZVY,0.24691666666666667
NVT-TVDNXE2GFZXF,0.24691666666666667
NVT-FT5C36YUJF7B,0.24691666666666667
NVT-AYRPQMYH9FG8,0.24691666666666667
NVT-5G6JUHMSHN49,0.24691666666666667
NVT-CZSCHJJAZFVU,0.24691666666666667
NVT-LB9DAS35YKGF,0.24691666666666667
NVT-CKDA4RKWDGLP,0.24691666666666667
NVT-5RYSTMZ47BWW,0.24691666666666667
NVT-C8HDN97H2M47,0.24691666666666667
NVT-LSY3RJPJKXNX,0.24691666666666667
NVT-PLQJ9KH2AVYM,0.24691666666666667
NVT-DHPBYZSRUTBJ,0.24691666666666667
NVT-545ZDZBUU2TW,0.24691666666666667
NVT-LQE3N96R73TY,0.24691666666666667
NVT-CRN74A5PNRBZ,0.24691666666666667
NVT-UZN72D56SPM7,0.24691666666666667
NVT-EGLUQ6FWP237,0.24691666666666667
NVT-AXN6XLBPKGQV,0.24691666666666667
NVT-J9CL6HLE883P,0.24691666666666667
NVT-L44WTW9SE4XJ,0.24691666666666667
NVT-LN44CT23XBNV,0.24691666666666667
NVT-NFVVPYHCCPRF,0.24691666666666667
NVT-BYQMXKPPAARN,0.24691666666666667
NVT-644RL768USBA,0.24691666666666667
NVT-2D3BCFXNKYBL,0.24691666666666667
NVT-Y2FGUZD9W93M,0.24691666666666667
NVT-ST9ZT2CDCTD4,0.24691666666666667
NVT-23DCNEUCYEQM,0.24691666666666667
NVT-6NVHHT5T6PQH,0.24691666666666667
NVT-79BLXRFDEN44,0.24691666666666667
NVT-YRXFVMMW2HLV,0.24691666666666667
NVT-M4R7P4W9G8QF,0.24691666666666667
NVT-QTB8J5Y8AYMC,0.24691666666666667
NVT-UCYBU2LKR4QX,0.24691666666666667
NVT-X7UQJ4SCVW9A,0.24691666666666667
NVT-6VKM4H7KGMBU,0.24691666666666667
NVT-SPUD9CQBUKQC,0.24691666666666667
NVT-9YABMSG5X3DK,0.24691666666666667
NVT-WHNYFE6EW2WU,0.24691666666666667
NVT-ZCJV64TU2G6V,0.24691666666666667
NVT-SJ7NG33TNT4J,0.24691666666666667
NVT-J8EASUJESY9J,0.24691666666666667
NVT-Z6GGFSA4JM33,0.24691666666666667
NVT-XM6XWJL4LL26,0.24691666666666667
NVT-RLRNJRU7K4VY,0.24691666666666667
NVT-5V6ZE8SP2KUF,0.24691666666666667
NVT-MFT5RDBXEV9A,0.24691666666666667
NVT-TUMS79JX3ZUN,0.24691666666666667
NVT-BY8YGR35G79S,0.24691666666666667
NVT-HZXRSQ2WSAR6,0.24691666666666667
NVT-D3DC7FWFVFUA,0.24691666666666667
NVT-Q2QRK7U32MA5,0.24691666666666667
NVT-DRPH8JU77DWD,0.24691666666666667
NVT-7VD4E6XQ22QH,0.24691666666666667
NVT-94DC47ZMRBF2,0.24691666666666667
NVT-9WVF6BA7ZR4V,0.24691666666666667
NVT-ARCWZ3FKVHHK,0.24691666666666667
NVT-GWSY3S67ZLVQ,0.24691666666666667
NVT-HVC222A83J75,0.24691666666666667
NVT-8DHDC36YFYTN,0.24691666666666667
NVT-J3LNCYUSRN96,0.24691666666666667
NVT-YUFL8C9YTN2C,0.24691666666666667
NVT-NA532ABB9XDD,0.24691666666666667
NVT-35PUA2NE5FCA,0.24691666666666667
NVT-XC6AKUEN6QEB,0.24691666666666667
NVT-YQYDHYLQH78X,0.24691666666666667
NVT-JLZPQ85B9RJX,0.24691666666666667
NVT-CLP6EUUU6ZWH,0.24691666666666667
NVT-U4AFP453ZH5R,0.24691666666666667
NVT-8FJ4EEQQP8XK,0.24691666666666667
NVT-QFAL7EQ2GPU4,0.24691666666666667
NVT-ED42NQ8HERRQ,0.24691666666666667
NVT-UHJ6H82BYUZV,0.24691666666666667
NVT-LTM644EA6MTV,0.24691666666666667
NVT-JXL5D6G4UTB2,0.24691666666666667
NVT-BX5KTRMTTGXH,0.24691666666666667
NVT-GSYQSHZKQCX3,0.24691666666666667
NVT-NQCAG9WHU944,0.24691666666666667
NVT-QW8ARKKKQZPW,0.24691666666666667
NVT-HJHWHKKAPDM4,0.24691666666666667
NVT-J3LSXDPYKNFL,0.24691666666666667
NVT-QMR6YKTUR8J7,0.24691666666666667
NVT-MWZCM85YB25L,0.24691666666666667
NVT-KWRU7XQEUR2H,0.24691666666666667
NVT-F73VHWNNY4JC,0.24691666666666667
NVT-ZB4NBWZ25CPK,0.24691666666666667
NVT-R77VXKLYRFYA,0.24691666666666667
NVT-NBBG2KY4TKPP,0.24691666666666667
NVT-6CDMF7TSGVZU,0.24691666666666667
NVT-HERKC29VAEWD,0.24691666666666667
NVT-JJ7P54LS2K27,0.24691666666666667
NVT-JRGYMBTWZYXX,0.24691666666666667
NVT-UC4D3LCGY8HP,0.24691666666666667
NVT-HRX8CNA8MRFP,0.24691666666666667
NVT-EVJ8R4UKSYSA,0.24691666666666667
NVT-TK4EWTPE32QQ,0.24691666666666667
NVT-562FHC4YDCG4,0.24691666666666667
NVT-FZEJWWKMXVR8,0.24691666666666667
NVT-RMB8758ZSBQY,0.24691666666666667
NVT-T4ZXBMY76A6A,0.24691666666666667
NVT-EBQ6W5BWWDQB,0.24691666666666667
NVT-X3FDZ4P7VKUJ,0.24691666666666667
NVT-ZBCAJVMW96YM,0.24691666666666667
NVT-GTDL4FQ3TCVQ,0.24691666666666667
NVT-XGHM9YNNHG29,0.24691666666666667
NVT-VUAQMK282RRQ,0.24691666666666667
NVT-YMX8CRMCQ6A4,0.24691666666666667
NVT-6CBRD6TYTLKY,0.24691666666666667
NVT-DVYFZK4SVRZR,0.24691666666666667
NVT-C5THMMNTSVXM,0.24691666666666667
NVT-ABDVLXTF6AS4,0.24691666666666667
NVT-TNCTMP54PRW2,0.24691666666666667
NVT-LW27KMJRXE3C,0.24691666666666667
NVT-6DL7627J93YX,0.24691666666666667
NVT-D3EN9LCA5BBA,0.24691666666666667
NVT-QHU667HEJ45D,0.24691666666666667
NVT-7DFQFYVCNGVT,0.24691666666666667
NVT-TJJJY9NVMZDP,0.24691666666666667
NVT-MS4QFU2T87Y9,0.24691666666666667
NVT-UX4BPR3TSYDC,0.24691666666666667
NVT-4F578WA8XTRG,0.24691666666666667
NVT-7ULGCZJRMYXN,0.24691666666666667
NVT-WVE7BPX4BWFT,0.24691666666666667
NVT-CPHNFMYT9V58,0.24691666666666667
NVT-XYGH8JHEMKCH,0.24691666666666667
NVT-UHS9Y5J5E5AP,0.24691666666666667
NVT-QHD5SLTRPSVC,0.24691666666666667
NVT-VAP3QJWKVNM2,0.24691666666666667
NVT-JB2QHG2ZQD6G,0.24691666666666667
NVT-Y8LVJ7Q68693,0.24691666666666667
NVT-AJERMWYRR27W,0.24691666666666667
NVT-JZXXPZQVT85V,0.24691666666666667
NVT-D2QHU6ES2AUD,0.24691666666666667
NVT-F6GH8ZHMPDT3,0.24691666666666667
NVT-YVWA2Y76DTX7,0.24691666666666667
NVT-9G5EEDXVLESC,0.24691666666666667
NVT-XSNCC2NHF8KL,0.24691666666666667
NVT-UE2KBT5DNQSR,0.24691666666666667
NVT-ATYLK2XTVJRE,0.24691666666666667
NVT-PRPEQE3XUB8X,0.24691666666666667
NVT-4H8CSWUUL4S3,0.24691666666666667
NVT-D8GE2XHYUENW,0.24691666666666667
NVT-WPPPSF4YWJ6G,0.24691666666666667
NVT-HJ829LGSGGWS,0.24691666666666667
NVT-WBSE7Z4THGZY,0.24691666666666667
NVT-59SMZ76QXJPM,0.24691666666666667
NVT-RDPAHBFM2GPN,0.24691666666666667
NVT-BHK49D6YMLPZ,0.24691666666666667
NVT-YQYWHJ2SXRQR,0.24691666666666667
NVT-LMQ25XD8WGKY,0.24691666666666667
NVT-JFDPUQEAWEYR,0.24691666666666667
NVT-T8S2TGRYXJP9,0.24691666666666667
NVT-4JG9HC6HXZEH,0.24691666666666667
NVT-PYQJXBDWZUGR,0.24691666666666667
NVT-YUAL9KLLDZDZ,0.24691666666666667
NVT-B369H4UJ2V4V,0.24691666666666667
NVT-KZL6MALE3M7K,0.24691666666666667
NVT-6X7WCEJSQLMV,0.24691666666666667
NVT-NUW5G35UGEXY,0.24691666666666667
NVT-AA65FJRQFGWK,0.24691666666666667
NVT-V8BKE52QDLY3,0.24691666666666667
NVT-KXS7YNDR4GHE,0.24691666666666667
NVT-JZP7KAV2S3AP,0.24691666666666667
NVT-4Z9LUJND23XM,0.24691666666666667
NVT-327BTKSA8JGT,0.24691666666666667
NVT-AAD8PHK2JJZB,0.24691666666666667
NVT-SWD9ENHM373U,0.24691666666666667
NVT-DZH9PPPTVZ8G,0.24691666666666667
NVT-AVTSWY9YVB8R,0.24691666666666667
NVT-4S23ZG8SR3GZ,0.24691666666666667
NVT-V8SLC9JUVTDY,0.24691666666666667
NVT-WMVCUKNGHC34,0.24691666666666667
NVT-NCJWYWAHZJY9,0.24691666666666667
NVT-HA32SD5NQ5SX,0.24691666666666667
NVT-6R2YKY7EBQJV,0.24691666666666667
NVT-MXPYQVEXAWPF,0.24691666666666667
NVT-3LGCPBK5PKFX,0.24691666666666667
NVT-STG4TJRD2PUE,0.24691666666666667
NVT-FR2LVZMH9B6S,0.24691666666666667
NVT-62FXUK2G4T7W,0.24691666666666667
NVT-GPKZRLF2LAUA,0.24691666666666667
NVT-437JZ9FA392A,0.24691666666666667
NVT-XLNLZS78LAVG,0.24691666666666667
NVT-JAZKNFCHESWP,0.24691666666666667
NVT-398Q7Y2P7CNF,0.24691666666666667
NVT-2QQGGYGUJ6JX,0.24691666666666667
NVT-7HDEC5ZWLCT2,0.24691666666666667
NVT-28SNDPQGU8WA,0.24691666666666667
NVT-2ZA5E44ZP7PV,0.24691666666666667
NVT-WQL7NW9RLZNF,0.24691666666666667
NVT-7FPBJ5YKZ7HW,0.24691666666666667
NVT-C2JZGS9WC89F,0.24691666666666667
NVT-74BWBN9EC28F,0.24691666666666667
NVT-AYGJGH76N2TZ,0.24691666666666667
NVT-T4YZBUZ2TTDG,0.24691666666666667
NVT-NQZ3HHMXZB29,0.24691666666666667
NVT-DB77N7CM5CLH,0.24691666666666667
NVT-W6PXGV5HTM2J,0.24691666666666667
NVT-ZWE3Y4E4D9JX,0.24691666666666667
NVT-WTGESPZNXCMF,0.24691666666666667
NVT-GAP8JDF2AK9Q,0.24691666666666667
NVT-YB9N7HCMBJXP,0.24691666666666667
NVT-SQM8BBMQ6C4U,0.24691666666666667
NVT-NFL855X4XR8A,0.24691666666666667
NVT-ZN7W9PU2THP5,0.24691666666666667
NVT-X3MVUK5TQAKM,0.24691666666666667
NVT-GH65F8YJ75W7,0.24691666666666667
NVT-NHYM97AUDQPD,0.24691666666666667
NVT-2DMLAT3CSGFG,0.24691666666666667
NVT-X44AVFCHMJN2,0.24691666666666667
NVT-NAAYKWYERYS7,0.24691666666666667
NVT-GM8UGWVR59C3,0.24691666666666667
NVT-NZNNM5AC3VX5,0.24691666666666667
NVT-FVFNULPJGUDN,0.24691666666666667
NVT-TBYFV5U77NME,0.24691666666666667
NVT-7995W2AZ8TV6,0.24691666666666667
NVT-8T5WFAXFY5C3,0.24691666666666667
NVT-SMJACYUV5KEZ,0.24691666666666667
NVT-CYFVMPVQDQRJ,0.24691666666666667
NVT-6W6QVVT6QXAF,0.24691666666666667
NVT-CM6S77SRYCL2,0.24691666666666667
NVT-VPY88GUNVTED,0.24691666666666667
NVT-4SQJJAPJ3563,0.24691666666666667
NVT-TPANGYR2BTCK,0.24691666666666667
NVT-6H2MMJTURJ3K,0.24691666666666667
NVT-M5GTRWKKFRKY,0.24691666666666667
NVT-3JPHARE7QRZT,0.24691666666666667
NVT-FFPCRNWQZGWU,0.24691666666666667
NVT-8ABFE8N6E6Q8,0.24691666666666667
NVT-THYD6TZG774D,0.24691666666666667
NVT-27CP2Z5JBQVY,0.24691666666666667
NVT-95P956W8CSRJ,0.24691666666666667
NVT-QU8VZMP7882U,0.24691666666666667
NVT-9H7AMB67JC7E,0.24691666666666667
NVT-3ANPYCRQ4AHS,0.24691666666666667
NVT-MLBPDSSDD4JE,0.24691666666666667
NVT-ZZRD6XY7VBJ5,0.24691666666666667
NVT-JJJLSTJEH8U6,0.24691666666666667
NVT-4ZZBZ6U5C4Y3,0.24691666666666667
NVT-CKF9PTKKH87M,0.24691666666666667
NVT-FPAVJHWK4T9E,0.24691666666666667
NVT-QNWCTUJWUVQM,0.24691666666666667
NVT-QK7B4AB5YNC9,0.24691666666666667
NVT-Q6UASUBVJPUE,0.24691666666666667
NVT-USC8MKYQVE5U,0.24691666666666667
NVT-RKWRU7HRJAMZ,0.24691666666666667
NVT-68GDNDC8HYUR,0.24691666666666667
NVT-VLJPR5KLQXAE,0.24691666666666667
NVT-BVJ2JPLYZQ2R,0.24691666666666667
NVT-TBG2APC9FBG8,0.24691666666666667
NVT-8PUTYZKRVEXN,0.24691666666666667
NVT-3AYNQAWLGKJJ,0.24691666666666667
NVT-XGC4DGFALYG8,0.24691666666666667
NVT-A8JSQWT9K9H8,0.24691666666666667
NVT-5AT8JBH2ADQ8,0.24691666666666667
NVT-VP9T4ZH47J7H,0.24691666666666667
NVT-73873WZ5FCBR,0.24691666666666667
NVT-GF3KCTRN6B3Z,0.24691666666666667
NVT-NDYPDWYVU3SX,0.24691666666666667
NVT-JN88FLTBT5FC,0.24691666666666667
NVT-9HLMKTE69BFP,0.24691666666666667
NVT-UA8B66EX8T7T,0.24691666666666667
NVT-2ED9UFRR479R,0.24691666666666667
NVT-7SS2BMTHLAJB,0.24691666666666667
NVT-T64MMEJ3JTKQ,0.24691666666666667
NVT-SDWEKWTH3X5T,0.24691666666666667
NVT-H2ZJYT32P4Q8,0.24691666666666667
NVT-RH4SZMQ23R4W,0.24691666666666667
NVT-J7KTNNY694SZ,0.24691666666666667
NVT-V2N4HCVV3B64,0.24691666666666667
NVT-ZTNWSYA9Z8UN,0.24691666666666667
NVT-Z9W5UZVXPEU4,0.24691666666666667
NVT-KZUFU5PTFFVJ,0.24691666666666667
NVT-6YB8ECN4NWM2,0.24691666666666667
NVT-ZUG2Y527HWRU,0.24691666666666667
NVT-543KL5LXZKNV,0.24691666666666667
NVT-WRLQ9BDNJV3G,0.24691666666666667
NVT-6MZ8CTWETWZ2,0.24691666666666667
NVT-TLAAULZZTSU3,0.24691666666666667
NVT-6M5WNQBWXM3X,0.24691666666666667
NVT-YLQWFZCR8JHK,0.24691666666666667
NVT-PSVNPV3JQ8RF,0.24691666666666667
NVT-ET2HEPCB6KLX,0.24691666666666667
NVT-4MX4S2XPQ9SR,0.24691666666666667
NVT-3G3QQDKMNDLB,0.24691666666666667
NVT-JR39CDFL7RVU,0.24691666666666667
NVT-9D7AK32725MQ,0.24691666666666667
NVT-8UYTJHM7EJDJ,0.24691666666666667
NVT-QRU58643ZE8E,0.24691666666666667
NVT-92YU2X9DN8P8,0.24691666666666667
NVT-GNKEFLQ5D9BM,0.24691666666666667
NVT-NVVC5GQLARTA,0.24691666666666667
NVT-858WB8XNB5RS,0.24691666666666667
NVT-MJ6T5GX84C64,0.24691666666666667
NVT-6N97X6BA94FD,0.24691666666666667
NVT-TJNQD6R2GA72,0.24691666666666667
NVT-V7P2NFT5B5CG,0.24691666666666667
NVT-MUJ9N3L32BVL,0.24691666666666667
NVT-2CGY6FACYZDA,0.24691666666666667
NVT-QD27L5A7QERV,0.24691666666666667
NVT-2XG4CBKFUA9B,0.24691666666666667
NVT-XDPPEA828H43,0.24691666666666667
NVT-4WSJF6XMK75J,0.24691666666666667
NVT-LQPBMRJGSPM9,0.24691666666666667
NVT-4ECNS33LAEGN,0.24691666666666667
NVT-J85SY2ZMFRUW,0.24691666666666667
NVT-HYLS23JV9LEE,0.24691666666666667
NVT-NLY7M8JAXE33,0.24691666666666667
NVT-278NKRBTDVV9,0.24691666666666667
NVT-QSTG6N4KVA6T,0.24691666666666667
NVT-ZPV7QUB6D4A2,0.24691666666666667
NVT-UN36E7MPDHRC,0.24691666666666667
NVT-CFYXBDMQ64ZR,0.24691666666666667
NVT-NZ883S8XLX86,0.24691666666666667
NVT-E7YKWN3TRF59,0.24691666666666667
NVT-NFJN84MBTVRQ,0.24691666666666667
NVT-89ZXV2HJW5PC,0.24691666666666667
NVT-U6V76DRT6GZ3,0.24691666666666667
NVT-CTHXVARTRHSY,0.24691666666666667
NVT-8X7HRDYNMAZB,0.24691666666666667
NVT-Z36MY3FPFU5R,0.24691666666666667
NVT-ZZ99MUL5G9KJ,0.24691666666666667
NVT-9JUK4TT8G275,0.24691666666666667
NVT-ZAPKHCMVQ46Z,0.24691666666666667
NVT-S7MFKXJZSWNB,0.24691666666666667
NVT-WKCAGQC7RDE3,0.24691666666666667
NVT-S43NFBU8C6L2,0.24691666666666667
NVT-NYW2GPAPXZMB,0.24691666666666667
NVT-7M6KDHC5N3D4,0.24691666666666667
NVT-ZBP44VX4ZSML,0.24691666666666667
NVT-N87CFPHG8PEU,0.24691666666666667
NVT-YPWNL4G8HHKT,0.24691666666666667
NVT-P86E5DTNPZMB,0.24691666666666667
NVT-WHMBV5W3KU8E,0.24691666666666667
NVT-J2FTMCQGNS27,0.24691666666666667
NVT-JZ6V6PNPCQ5Y,0.24691666666666667
NVT-L98MAKFUMV8P,0.24691666666666667
NVT-42W3SYDP9E2F,0.24691666666666667
NVT-QHUVNVLEEUEL,0.24691666666666667
NVT-SLRM3JWTHH4Q,0.24691666666666667
NVT-3VFV4ZPN5KBH,0.24691666666666667
NVT-T723PPUZ8H7Y,0.24691666666666667
NVT-FN9PVK6FTUBV,0.24691666666666667
NVT-F5B49562G58U,0.24691666666666667
NVT-HWZQ7ZLRVR7C,0.24691666666666667
NVT-TTQM7S9ZBACN,0.24691666666666667
NVT-LG2FKBKRPUVK,0.24691666666666667
NVT-BX7XCXF22Q7T,0.24691666666666667
NVT-6A4FQUZWPHKQ,0.24691666666666667
NVT-M8SFP4GSD262,0.24691666666666667
NVT-UJ5A4J6Z9W58,0.24691666666666667
NVT-9MMWYT9P6DP7,0.24691666666666667
NVT-3DTH6P896P3J,0.24691666666666667
NVT-XSBWC2KZ4J5P,0.24691666666666667
NVT-7W9NPUMAGANN,0.24691666666666667
NVT-KFEBKGHTHPYH,0.24691666666666667
NVT-3AF79QMHYKHH,0.24691666666666667
NVT-9HCSKMKT6ME8,0.24691666666666667
NVT-L7VQYM3WGFYZ,0.24691666666666667
NVT-DJQ9PDPNXUCU,0.24691666666666667
NVT-CUQTLYB9B6TV,0.24691666666666667
NVT-TVL3X886JSU9,0.24691666666666667
NVT-B5SYBQXMGQGE,0.24691666666666667
NVT-D2NRFFKZR5R9,0.24691666666666667
NVT-6TD7AVHYAZAU,0.24691666666666667
NVT-4JVEQLKNQEXH,0.24691666666666667
NVT-AGVFKEKHABSK,0.24691666666666667
NVT-6MTN5GAPRVBX,0.24691666666666667
NVT-ZUSRA2YS587A,0.24691666666666667
NVT-Q4QZTUQ696JL,0.24691666666666667
NVT-KYPNF3QJEEV7,0.24691666666666667
NVT-RBE6HF73Y8KH,0.24691666666666667
NVT-SAAJW6AH22QC,0.24691666666666667
NVT-455K62YBNWQD,0.24691666666666667
NVT-9PQ2LXHS5ASE,0.24691666666666667
NVT-VZQ2VUPWBWER,0.24691666666666667
NVT-C7FT3488AZLM,0.24691666666666667
NVT-N4HV8LLVHB7D,0.24691666666666667
NVT-APZK4EWRFLK8,0.24691666666666667
NVT-X2QQZ5X5NNZV,0.24691666666666667
NVT-MRC2RX2GWSJE,0.24691666666666667
NVT-NDPLZZ8JFRQV,0.24691666666666667
NVT-MG43732KML2N,0.24691666666666667
NVT-CTMBGP3D4CQD,0.24691666666666667
NVT-S26C36KFJAMY,0.24691666666666667
NVT-3VLABSKCG4QN,0.24691666666666667
NVT-KERWCN2QCK2E,0.24691666666666667
NVT-HSC3HQP6JBF4,0.24691666666666667
NVT-SKWVP2E8K8MC,0.24691666666666667
NVT-PXS9ABPULNLZ,0.24691666666666667
NVT-X2XE3848YNM5,0.24691666666666667
NVT-SJ42HLZVG2Y5,0.24691666666666667
NVT-R6MJBGEAQSGF,0.24691666666666667
NVT-XZVBFMM33L4L,0.24691666666666667
NVT-4DC62TDC36MD,0.24691666666666667
NVT-9R85L23E4HVF,0.24691666666666667
NVT-59PEGYT2A6SZ,0.24691666666666667
NVT-RSM36WT7JWV5,0.24691666666666667
NVT-W9HFER76PRGP,0.24691666666666667
NVT-UFW6FADXGMLE,0.24691666666666667
NVT-J5P3MRPV6XME,0.24691666666666667
NVT-6BK289CXFJT4,0.24691666666666667
NVT-C53JSMVMJNW5,0.24691666666666667
NVT-PVNAP733DT98,0.24691666666666667
NVT-ZT6XYRA23L6C,0.24691666666666667
NVT-PAC9JQVH46RM,0.24691666666666667
NVT-J26DG227ZEEZ,0.24691666666666667
NVT-JLMSKNSXBF67,0.24691666666666667
NVT-UMCW656KAKYD,0.24691666666666667
NVT-C23NY7KETZKC,0.24691666666666667
NVT-PNZJ77BXS4VP,0.24691666666666667
NVT-MVMQSTTEM2EJ,0.24691666666666667
NVT-ZY9QK8J4MTH4,0.24691666666666667
NVT-LUTW6LH5JMRY,0.24691666666666667
NVT-AGN9DM98WBJH,0.24691666666666667
NVT-4BX4T5BYH5CK,0.24691666666666667
NVT-UA3XUZU2PQQ3,0.24691666666666667
NVT-MRD36CPVDNPN,0.24691666666666667
NVT-XGLJH65RYCDS,0.24691666666666667
NVT-UGQLEDAJFXU8,0.24691666666666667
NVT-TQMPQVCTCDA3,0.24691666666666667
NVT-KFE3RP3982NH,0.24691666666666667
NVT-LGZ3AWP2X39B,0.24691666666666667
NVT-E67SFLG7VGHE,0.24691666666666667
NVT-CJGM3EBD23BU,0.24691666666666667
NVT-6LZTP59D6GUC,0.24691666666666667
NVT-AL6EW79R4QZY,0.24691666666666667
NVT-BC7W8PQ2BEWX,0.24691666666666667
NVT-DXHVXJFGEBKJ,0.24691666666666667
NVT-WAUP6EELDPSL,0.24691666666666667
NVT-QZDXNF3HS8NY,0.24691666666666667
NVT-WHLJGGNA65M8,0.24691666666666667
NVT-S3HNZEZLMJ4M,0.24691666666666667
NVT-Y5DHUHHYLNX7,0.24691666666666667
NVT-4ZR7XRHSY6P4,0.24691666666666667
NVT-NKJRTN5ZCMKQ,0.24691666666666667
NVT-QLZJZ3G472J3,0.24691666666666667
NVT-DKXRLUT5AUH8,0.24691666666666667
NVT-6F7VLG8CYTCW,0.24691666666666667
NVT-S3EE4ZCZBPGR,0.24691666666666667
NVT-T7LD4JSAG84J,0.24691666666666667
NVT-KTNCK47WU2AD,0.24691666666666667
NVT-25AMZFRP5KUV,0.24691666666666667
NVT-YZVXKMBB85ZW,0.24691666666666667
NVT-NYXF5CZA4B44,0.24691666666666667
NVT-Y3SS687CZX6V,0.24691666666666667
NVT-3JKPMNTG6MGA,0.24691666666666667
NVT-TX86LNDNR2GE,0.24691666666666667
NVT-MVZKFK86X4GR,0.24691666666666667
NVT-CJBJ3NB5ACAS,0.24691666666666667
NVT-HB25MHR9F6JC,0.24691666666666667
NVT-97UN4WZQB8SD,0.24691666666666667
NVT-PNVT9PVN8UZ4,0.24691666666666667
NVT-D7RMFBWAP2G4,0.24691666666666667
NVT-VWTUYP7N3HVD,0.24691666666666667
NVT-TKZPSHG9W2RR,0.24691666666666667
NVT-64SC7WERCRJQ,0.24691666666666667
NVT-AL483ERWBX3S,0.24691666666666667
NVT-XRVNDPC2RXHQ,0.24691666666666667
NVT-PYMBD92PYTU3,0.24691666666666667
NVT-JA2HQUBEM36V,0.24691666666666667
NVT-GCUU58USEGZH,0.24691666666666667
NVT-K9MYR6B2G2W9,0.24691666666666667
NVT-QR7KMCBYNLYD,0.24691666666666667
NVT-CMEWXY69TVLY,0.24691666666666667
NVT-ZP5VLDQ4QB5Y,0.24691666666666667
NVT-N4XN6TFEJBM6,0.24691666666666667
NVT-XKWE77AJFRRM,0.24691666666666667
NVT-58MYEDCL6UPY,0.24691666666666667
NVT-NVVZUL283T4G,0.24691666666666667
NVT-MGSDFX32MK2Q,0.24691666666666667
NVT-2GA8G5KF7R3D,0.24691666666666667
NVT-NKAPQWFWEX5X,0.24691666666666667
NVT-A867GLZFHFUG,0.24691666666666667
NVT-J3XD9QDRRYY8,0.24691666666666667
NVT-ANLHN7XW9SSH,0.24691666666666667
NVT-62YFYQR6J47L,0.24691666666666667
NVT-J9H689QEAJRK,0.24691666666666667
NVT-MSWFPK5DWUNS,0.24691666666666667
NVT-TGU2B6BGN9XT,0.24691666666666667
NVT-NQLB3FPBNDAV,0.24691666666666667
NVT-W3Q4PJRA5ELS,0.24691666666666667
NVT-FCGYKYMHQYAK,0.24691666666666667
NVT-PFBDSCD78G4N,0.24691666666666667
NVT-2TZYUQ533KMB,0.24691666666666667
NVT-DNQRG9NJP52C,0.24691666666666667
NVT-U9N6U9HB3ESB,0.24691666666666667
NVT-HKQRFUAJNBYH,0.24691666666666667
NVT-747HEWREBXPK,0.24691666666666667
NVT-4SFFDGWHU5VA,0.24691666666666667
NVT-N72NJZLDVX47,0.24691666666666667
NVT-6XWE5DT7NSAX,0.24691666666666667
NVT-LPKLPX6J7P9T,0.24691666666666667
NVT-658CKDAHVWUG,0.24691666666666667
NVT-BCTQ6LVYRN8Z,0.24691666666666667
NVT-N623ENY34W6H,0.24691666666666667
NVT-QWQPX2KNUW6K,0.24691666666666667
NVT-9ZB9VJMAVKS7,0.24691666666666667
NVT-E54F4RHVULMR,0.24691666666666667
NVT-2M8SYR4TG8YW,0.24691666666666667
NVT-DRPCT5FHF49Q,0.24691666666666667
NVT-MY8C2DEZX4YJ,0.24691666666666667
NVT-W88LJJY7AQGH,0.24691666666666667
NVT-8MAZLSFW7A3Q,0.24691666666666667
NVT-44SBLAXFSTPH,0.24691666666666667
NVT-ZTRFV4CGRMYV,0.24691666666666667
NVT-ASH6958RXDF7,0.24691666666666667
NVT-92AHSGP5K8WA,0.24691666666666667
NVT-TYA896YP49TB,0.24691666666666667
NVT-SEFXESD897DQ,0.24691666666666667
NVT-JUHSKWS4LS2W,0.24691666666666667
NVT-PKZHVBXLB6P6,0.24691666666666667
NVT-ARLVGLQ2WGVH,0.24691666666666667
NVT-Q66P5JCTFB75,0.24691666666666667
NVT-V7H3UX3N4HPA,0.24691666666666667
NVT-36PB6AN39JX8,0.24691666666666667
NVT-EJPHC4UG55U3,0.24691666666666667
NVT-C388KQJAN2QP,0.24691666666666667
NVT-5E6UE9MDBRCD,0.24691666666666667
NVT-PKXMP9UUURA9,0.24691666666666667
NVT-BCPFFRBMFZMC,0.24691666666666667
NVT-UKC3X7WKBLJ8,0.24691666666666667
NVT-ARU49KCQD8RT,0.24691666666666667
NVT-TKXEYPTFLHSB,0.24691666666666667
NVT-CAD7HQX76GTM,0.24691666666666667
NVT-AUBPR7FYNPNM,0.24691666666666667
NVT-62P9CMWBM36J,0.24691666666666667
NVT-R9YS7VJS79SS,0.24691666666666667
NVT-A33HCSV4L2FF,0.24691666666666667
NVT-7QKNSYJE3TMB,0.24691666666666667
NVT-KP5PKLKTXVWE,0.24691666666666667
NVT-DYQXRZ4XTRNQ,0.24691666666666667
NVT-Y7Y8VLK863YA,0.24691666666666667
NVT-D3YCHYAAB728,0.24691666666666667
NVT-SLNBG5TNMS9R,0.24691666666666667
NVT-PX3US7TZLXJ9,0.24691666666666667
NVT-XHVLNVQSS2Q2,0.24691666666666667
NVT-HSD539S9LHYB,0.24691666666666667
NVT-D8R7ANLJM48A,0.24691666666666667
NVT-8BY5VPFA7V3P,0.24691666666666667
NVT-N52AV2CCT9TK,0.24691666666666667
NVT-W8JMFGHHF8M8,0.24691666666666667
NVT-5S9QMHCR4YVH,0.24691666666666667
NVT-4LMZTMMSR9K9,0.24691666666666667
NVT-5H5VP9W6P6F7,0.24691666666666667
NVT-EF6QN48LGR7K,0.24691666666666667
NVT-JCU9J5Q79DEU,0.24691666666666667
NVT-LDQJBJZAA3XB,0.24691666666666667
NVT-72MA7B9JMAEE,0.24691666666666667
NVT-2TPKJ84NCDAS,0.24691666666666667
NVT-92WBA49FT3L7,0.24691666666666667
NVT-9X8J82YJ88YZ,0.24691666666666667
NVT-HBBGU32W2THH,0.24691666666666667
NVT-6FTXKUNZSM3P,0.24691666666666667
NVT-SFQWE2K578B3,0.24691666666666667
NVT-ULT9MART23VK,0.24691666666666667
NVT-X9D8S7HAQ7XH,0.24691666666666667
NVT-VUCYHLQNE92P,0.24691666666666667
NVT-Q4G2WQ4KRE2R,0.24691666666666667
NVT-E7YQ9WSD4FGW,0.24691666666666667
NVT-LK5DRMQXURA7,0.24691666666666667
NVT-VXMUNQSGT5GH,0.24691666666666667
NVT-DLQ3EKQR5V9D,0.24691666666666667
NVT-PCYM5QJQEYEN,0.24691666666666667
NVT-GWJZ4AGBC5DE,0.24691666666666667
NVT-AS3LMVEH46ZB,0.24691666666666667
NVT-Q7FCG2CZK2ZT,0.24691666666666667
NVT-5P928YHAYSHV,0.24691666666666667
NVT-4DUZWQPKAHG3,0.24691666666666667
NVT-YMVMNFAGAC74,0.24691666666666667
NVT-67QMS2NGSC9V,0.24691666666666667
NVT-VEM83WMGCZV2,0.24691666666666667
NVT-GGP6XD9YK5MC,0.24691666666666667
NVT-KPBHAG24Q325,0.24691666666666667
NVT-UP4HC7YZ43EZ,0.24691666666666667
NVT-BJ3A427RDVK5,0.24691666666666667
NVT-LDD7N3JPWMKD,0.24691666666666667
NVT-9DTSALFCGY75,0.24691666666666667
NVT-S8R5JFGDEWT3,0.24691666666666667
NVT-J8887YCXBEDY,0.24691666666666667
NVT-YAR4VNALGW53,0.24691666666666667
NVT-48D3B3CR6J2T,0.24691666666666667
NVT-ZR5NA7WMV34N,0.24691666666666667
NVT-UWZJ5XYLTV2U,0.24691666666666667
NVT-X77H7FWQGV34,0.24691666666666667
NVT-WSTYFG3SQDHU,0.24691666666666667
NVT-4MEEJMPB4SQT,0.24691666666666667
NVT-PPNEWUUF3V9R,0.24691666666666667
NVT-9VF8H7W7TRRV,0.24691666666666667
NVT-6EA77GHBYYHP,0.24691666666666667
NVT-JWVVUDDRDW4L,0.24691666666666667
NVT-NY936PSKUH23,0.24691666666666667
NVT-JMRCNYHDG97N,0.24691666666666667
NVT-DGR3283HLGSE,0.24691666666666667
NVT-6A9PJ6HKZZ4Z,0.24691666666666667
NVT-78A8Q5LJFPGL,0.24691666666666667
NVT-ULBFGFA4F5LS,0.24691666666666667
NVT-F73FMEQ5GETU,0.24691666666666667
NVT-Z5MGDQ2GSNRW,0.24691666666666667
NVT-2BKZWA5PYWUV,0.24691666666666667
NVT-VH9T75QTRKQX,0.24691666666666667
NVT-2PYYEZSCD8NC,0.24691666666666667
NVT-X7YAWAE5HDSJ,0.24691666666666667
NVT-W5D3BCPM8C2E,0.24691666666666667
NVT-FZPC3NMVS73N,0.24691666666666667
NVT-THP6HH7ESWG6,0.24691666666666667
NVT-W5YG7KYZD23B,0.24691666666666667
NVT-FCR552ZVLAYC,0.24691666666666667
NVT-R9KGAYE82677,0.24691666666666667
NVT-HZ5W948CFDLS,0.24691666666666667
NVT-KUHYQP8DD3LM,0.24691666666666667
NVT-826XK6NYK4GK,0.24691666666666667
NVT-VB2E8YGEDPY4,0.24691666666666667
NVT-FDKY549WL8DK,0.24691666666666667
NVT-R4G7QLC6FLS2,0.24691666666666667
NVT-WY9N8RL83B5N,0.24691666666666667
NVT-64N6XC4QAUNC,0.24691666666666667
NVT-PZBUAHS8B3MW,0.24691666666666667
NVT-AZK7TKW5NAXS,0.24691666666666667
NVT-5VWP4M63M47M,0.24691666666666667
NVT-F9M4RB67Z3HY,0.24691666666666667
NVT-8W6J6TUNCWTZ,0.24691666666666667
NVT-GAUU7XXJ8LEY,0.24691666666666667
NVT-F4HD9GNQ68HR,0.24691666666666667
NVT-TCX9XMLK223D,0.24691666666666667
NVT-GJDDVEE7YSAZ,0.24691666666666667
NVT-J4R8W3QPQFUG,0.24691666666666667
NVT-P4332J4GY8Y2,0.24691666666666667
NVT-D8Y4E4AJ4KT7,0.24691666666666667
NVT-XVFPHHHUMVWA,0.24691666666666667
NVT-J5FWP2F4Q3NU,0.24691666666666667
NVT-NKCYZ7E6L7MJ,0.24691666666666667
NVT-WD3YRXQ2LX73,0.24691666666666667
NVT-XFLZRAR6LB2A,0.24691666666666667
NVT-ZR3TYNUEHU4L,0.24691666666666667
NVT-QUTZDFLXS94D,0.24691666666666667
NVT-V5N8D7JXGFYU,0.24691666666666667
NVT-3UJCN7PB6UBR,0.24691666666666667
NVT-JYZECBZG7PZG,0.24691666666666667
NVT-JF4EC7KG7K6G,0.24691666666666667
NVT-G5FL8YXJNU9J,0.24691666666666667
NVT-K3HEKDTS93NK,0.24691666666666667
NVT-W24J8M3EY3XC,0.24691666666666667
NVT-T7VJSFM4APED,0.24691666666666667
NVT-UY8Q7D6LS8DU,0.24691666666666667
NVT-UHDMPH5P6JJ2,0.24691666666666667
NVT-TN75WK4TNN82,0.24691666666666667
NVT-C6HBW7BENQSS,0.24691666666666667
NVT-9KPY2JQLGYPV,0.24691666666666667
NVT-7P8STC9QX8PK,0.24691666666666667
NVT-A6PRNG98TAFR,0.24691666666666667
NVT-4DBS4JMEXZX5,0.24691666666666667
NVT-N268GRYVUWPH,0.24691666666666667
NVT-JJPENHDAJX3K,0.24691666666666667
NVT-8AEJESNHBPB6,0.24691666666666667
NVT-MDQFL58649RH,0.24691666666666667
NVT-5X7BXSRYSQ4B,0.24691666666666667
NVT-MA4FKXM87ETF,0.24691666666666667
NVT-P4JNYUX48RYX,0.24691666666666667
NVT-TC3NCNCA73VJ,0.24691666666666667
NVT-PAR5BSRDH4LQ,0.24691666666666667
NVT-TNVFV3MBDRY9,0.24691666666666667
NVT-APGQ5VG9Y7XZ,0.24691666666666667
NVT-KCQML8QBE8MW,0.24691666666666667
NVT-U6GZBYLR7M3U,0.24691666666666667
NVT-6NHA6WW7FP85,0.24691666666666667
NVT-NXT27AXH55YC,0.24691666666666667
NVT-SPMTCMMTAGAJ,0.24691666666666667
NVT-FCWUX9YFU399,0.24691666666666667
NVT-TSDBLZD2JGDP,0.24691666666666667
NVT-UY65NYQHJC64,0.24691666666666667
NVT-E5N4WWQ5NBMC,0.24691666666666667
NVT-LMPNV563EKRV,0.24691666666666667
NVT-V6YBDSG366FL,0.24691666666666667
NVT-6URXW5F2H2S5,0.24691666666666667
NVT-NLVKVRRVT3D7,0.24691666666666667
NVT-BUMDMTWATFPP,0.24691666666666667
NVT-MXUT6F9NQN6H,0.24691666666666667
NVT-B5XNXEPHPFCA,0.24691666666666667
NVT-MHHZUJKBC8SE,0.24691666666666667
NVT-P5TC4WGU2RHH,0.24691666666666667
NVT-EHUB93PXK4UZ,0.24691666666666667
NVT-EKZ8WC626JHU,0.24691666666666667
NVT-D82UTE4QB5VH,0.24691666666666667
NVT-EPDUCDDX24SK,0.24691666666666667
NVT-DFKZ3R768HHV,0.24691666666666667
NVT-DHHY5WWCH972,0.24691666666666667
NVT-4UZHX3ZQ4TUG,0.24691666666666667
NVT-E2VCZXR26KY3,0.24691666666666667
NVT-96RJ9F5RYZMY,0.24691666666666667
NVT-96KBF7XJSDS8,0.24691666666666667
NVT-LEXLPZKDZ8DT,0.24691666666666667
NVT-S35PDE2SQNHV,0.24691666666666667
NVT-D3ESET3JTAYS,0.24691666666666667
NVT-X2FQP5WUX83J,0.24691666666666667
NVT-VRJB3GBSWSM9,0.24691666666666667
NVT-FFK6G9G5ZXHK,0.24691666666666667
NVT-DHQB96XFFHXC,0.24691666666666667
NVT-KD9F7XVHEWRK,0.24691666666666667
NVT-FYG3TWMDAN25,0.24691666666666667
NVT-3U9LG73T26TT,0.24691666666666667
NVT-XUZYQRW64AB7,0.24691666666666667
NVT-4GJMQT2T9H3B,0.24691666666666667
NVT-FJ93EKCNY64L,0.24691666666666667
NVT-3LMRFQEK22AR,0.24691666666666667
NVT-6FMFAVXW3MQC,0.24691666666666667
NVT-D2T3E4WYQCW4,0.24691666666666667
NVT-Y99JRQUH58K9,0.24691666666666667
NVT-HP5ZTZ6H9E2K,0.24691666666666667
NVT-ZZTA7BFSQFZT,0.24691666666666667
NVT-3UU3CVESM6HE,0.24691666666666667
NVT-7QMDC59JPB97,0.24691666666666667
NVT-MDN2V5BJV3YQ,0.24691666666666667
NVT-3X99ZV456VTR,0.24691666666666667
NVT-XBBTRLVGNMW2,0.24691666666666667
NVT-RJ3GQM7HBC5L,0.24691666666666667
NVT-CRSJLMKZF37D,0.24691666666666667
NVT-ZXUXZP4R7Z8E,0.24691666666666667
NVT-D3QGAM4TBEQA,0.24691666666666667
NVT-ET49SBMTAKQ9,0.24691666666666667
NVT-3RNYHADQR2PF,0.24691666666666667
NVT-BFK873VFFADV,0.24691666666666667
NVT-QPNWG46NM2LF,0.24691666666666667
NVT-JC2D8EH95NAZ,0.24691666666666667
NVT-52EHMGRSLZXN,0.24691666666666667
NVT-YFKAMF6RB2G8,0.24691666666666667
NVT-9K2P794RHZVQ,0.24691666666666667
NVT-DKXHDX6AYQFM,0.24691666666666667
NVT-7AD3VH2293BU,0.24691666666666667
NVT-8XQES9PEULVT,0.24691666666666667
NVT-LK4DZEGNSN6L,0.24691666666666667
NVT-HV6G88GLUF4R,0.24691666666666667
NVT-2ZG5N7TS8L64,0.24691666666666667
NVT-5B2XX9CH3G6B,0.24691666666666667
NVT-DX22TH9BPDSJ,0.24691666666666667
NVT-N7FX3A6FGT2G,0.24691666666666667
NVT-KZNARM2G4YPV,0.24691666666666667
NVT-U65YGVAVY4MC,0.24691666666666667
NVT-BDJFXDMTJX3Z,0.24691666666666667
NVT-VWLKTC675NPN,0.24691666666666667
NVT-8LSLDEZ6RG2H,0.24691666666666667
NVT-KTNQQST6BDGL,0.24691666666666667
NVT-QGUBF6NBRREN,0.24691666666666667
NVT-ASDHM3AMERVA,0.24691666666666667
NVT-73VJVEN8MHJQ,0.24691666666666667
NVT-R8F3LYXC7TA4,0.24691666666666667
NVT-7XZPAVYSMN3B,0.24691666666666667
NVT-YHMKYFHU35HJ,0.24691666666666667
NVT-EHWR5YP7GJFX,0.24691666666666667
NVT-RWD9GREME2AW,0.24691666666666667
NVT-EDFEA8Z7AMKU,0.24691666666666667
NVT-724CMQPL4C4Z,0.24691666666666667
NVT-ZJ6GDCVEGR8M,0.24691666666666667
NVT-AS989W35S9Z2,0.24691666666666667
NVT-NZ56XYEF9TSZ,0.24691666666666667
NVT-3WAL3UP456LT,0.24691666666666667
NVT-5QUVDC8G8QJW,0.24691666666666667
NVT-AYJ2NABBKSMP,0.24691666666666667
NVT-V7MG9LJ3T6EK,0.24691666666666667
NVT-BDTE5RUPE5SR,0.24691666666666667
NVT-2DRC5R988B4B,0.24691666666666667
NVT-N7524NT9KRLJ,0.24691666666666667
NVT-X2K7JUFMVFAQ,0.24691666666666667
NVT-36FTGXW2NSP2,0.24691666666666667
NVT-SNWV3KHWASRV,0.24691666666666667
NVT-JGT4MA5WN6ZT,0.24691666666666667
NVT-4XPSRESSABGS,0.24691666666666667
NVT-9ZASGJDQNALD,0.24691666666666667
NVT-NSQNFAA5SWDE,0.24691666666666667
NVT-X23HYQEVHJFT,0.24691666666666667
NVT-76SPJXDSU78J,0.24691666666666667
NVT-AXD96SJJYHDC,0.24691666666666667
NVT-K79NY7UCS6BP,0.24691666666666667
NVT-6UACJQ7WKZUS,0.24691666666666667
NVT-55GT7SGED8BP,0.24691666666666667
NVT-48B3TELWGB6D,0.24691666666666667
NVT-N488S8JVYXJS,0.24691666666666667
NVT-7G5HJ6SAWVZZ,0.24691666666666667
NVT-TNWSKV9FEUXN,0.24691666666666667
NVT-LD4ZY9AHNA9F,0.24691666666666667
NVT-U2Z3ZB82PASD,0.24691666666666667
NVT-WUAFJB59BG32,0.24691666666666667
NVT-6XX5J2ZUSPL9,0.24691666666666667
NVT-VY8PQMDX5CPH,0.24691666666666667
NVT-SG3HKQMEBM65,0.24691666666666667
NVT-A6RAS5M3XDQM,0.24691666666666667
NVT-C8E93XPBADH9,0.24691666666666667
NVT-VKBUBAL3VQMN,0.24691666666666667
NVT-RJVPW2KBGEZP,0.24691666666666667
NVT-DHKY365UU27H,0.24691666666666667
NVT-LVUMQ82QNYPQ,0.24691666666666667
NVT-8N9R8HYSNHZP,0.24691666666666667
NVT-4SKFC82F8R2D,0.24691666666666667
NVT-BK6A4V7AU8PU,0.24691666666666667
NVT-ZVXPBPGWWB6W,0.24691666666666667
NVT-X9WVCLWRKU8P,0.24691666666666667
NVT-5NBHB8BRNNQK,0.24691666666666667
NVT-TLSCHDML74AQ,0.24691666666666667
NVT-NWNTWWAZ8TYM,0.24691666666666667
NVT-KBPDJWAF9G46,0.24691666666666667
NVT-JENRT2ELRA6Z,0.24691666666666667
NVT-ZNVTZV49HWHR,0.24691666666666667
NVT-2QZVXS578ZYX,0.24691666666666667
NVT-8Z6LF457KDSW,0.24691666666666667
NVT-YC69B2QSJXWV,0.24691666666666667
NVT-ZT76E5A6RVZA,0.24691666666666667
NVT-QCK2ZCTA2WJA,0.24691666666666667
NVT-9RLRYYWRLE2C,0.24691666666666667
NVT-LX9F2YD5RV26,0.24691666666666667
NVT-LYWWGTASGYJ5,0.24691666666666667
NVT-MMSF56VZVD9X,0.24691666666666667
NVT-KM9JL495Z3PQ,0.24691666666666667
NVT-KS49VG97VMSK,0.24691666666666667
NVT-JHXP9TLM933F,0.24691666666666667
NVT-5U6UQ9CMHCDR,0.24691666666666667
NVT-UVU7F7744ZM9,0.24691666666666667
NVT-2638JLQ3BCN7,0.24691666666666667
NVT-FS7P7T7TJ33F,0.24691666666666667
NVT-LNWZ2YXN7ATC,0.24691666666666667
NVT-NKYC3GKDR7RS,0.24691666666666667
NVT-UZQSF3CHPWZJ,0.24691666666666667
NVT-Q483GFLMAMH5,0.24691666666666667
NVT-CZDBHM5WC4C7,0.24691666666666667
NVT-BJW3JK9LSLXE,0.24691666666666667
NVT-VSBTHTUPKQW6,0.24691666666666667
NVT-DH2YYUEJCLLW,0.24691666666666667
NVT-D4EFGX65WB3A,0.24691666666666667
NVT-VMBFCYPSUABF,0.24691666666666667
NVT-WZ7FEJMFTCN6,0.24691666666666667
NVT-JQ8GXHGYDTMT,0.24691666666666667
NVT-6AMG66JVHR8K,0.24691666666666667
NVT-8RNL9A8QCSDH,0.24691666666666667
NVT-32YG38EN86GS,0.24691666666666667
NVT-6PCA886CMCNJ,0.24691666666666667
NVT-QW3AYQ9FFZ8H,0.24691666666666667
NVT-AZ3PKYWEBVBU,0.24691666666666667
NVT-BYNACUB232F4,0.24691666666666667
NVT-A94M4947MBLU,0.24691666666666667
NVT-K9W596RPJD2W,0.24691666666666667
NVT-7TXZGDLKCJZV,0.24691666666666667
NVT-4TFFFAD7PHQR,0.24691666666666667
NVT-U9RUH7V3UU22,0.24691666666666667
NVT-HAZCAF56XWE3,0.24691666666666667
NVT-YB2DV9FQ99A9,0.24691666666666667
NVT-TVX7HNTSWYZ8,0.24691666666666667
NVT-PF8T7MEFXSWK,0.24691666666666667
NVT-QD2X6H4CUTKS,0.24691666666666667
NVT-AKQBFG6B6JZB,0.24691666666666667
NVT-Z8662RHZUN5D,0.24691666666666667
NVT-Z3C4DCFBKB8Y,0.24691666666666667
NVT-J7DMNUW6ZWWV,0.24691666666666667
NVT-AS5PCX3AH6LK,0.24691666666666667
NVT-D4FW63REFCP2,0.24691666666666667
NVT-HZRDWRGL29EN,0.24691666666666667
NVT-KC348TZX2ZZ4,0.24691666666666667
NVT-3J8MT64ZPB95,0.24691666666666667
NVT-Y9P3XPKE56PE,0.24691666666666667
NVT-XA3Z4PDLDVSV,0.24691666666666667
NVT-MC6TMMYEUVEW,0.24691666666666667
NVT-8XWBRGCQTFLZ,0.24691666666666667
NVT-EXHR6598ANTH,0.24691666666666667
NVT-BT7BCM5SJLWL,0.24691666666666667
NVT-5SSM9NXURADR,0.24691666666666667
NVT-R2JVBZ8ESQE5,0.24691666666666667
NVT-G787JQRTKRMX,0.24691666666666667
NVT-DFXU553E22ZK,0.24691666666666667
NVT-EH96PC8VJDP4,0.24691666666666667
NVT-T2W4G6LD5JZ2,0.24691666666666667
NVT-Z7GAA2MQJ2VR,0.24691666666666667
NVT-EUDG9RS4J2BQ,0.24691666666666667
NVT-FSM5PA73CPCL,0.24691666666666667
NVT-D597JYPVMAQN,0.24691666666666667
NVT-DQ8BURVV84GQ,0.24691666666666667
NVT-6B8EQMSR2SHJ,0.24691666666666667
NVT-47CJWN9Y7CCF,0.24691666666666667
NVT-93L4TJTDSMVX,0.24691666666666667
NVT-XAH5SYS7UCYF,0.24691666666666667
NVT-W9SZ7K3GKFD5,0.24691666666666667
NVT-YZYCVHL9V3WR,0.24691666666666667
NVT-GET685YN5KQM,0.24691666666666667
NVT-CNAWNDBUYGVC,0.24691666666666667
NVT-GYGK7FRPDZKD,0.24691666666666667
NVT-JBM4P7H4B89Q,0.24691666666666667
NVT-2HHFG9MW9A9N,0.24691666666666667
NVT-AZH6SN4MTTAX,0.24691666666666667
NVT-JYW94634XVAE,0.24691666666666667
NVT-SJRTVXY5478A,0.24691666666666667
NVT-E68KRXJGFNTR,0.24691666666666667
NVT-MU5J2R5ZYK89,0.24691666666666667
NVT-6U2WKSTN9L2A,0.24691666666666667
NVT-HUT32DN3J28E,0.24691666666666667
NVT-PYMPFRUCG2Y4,0.24691666666666667
NVT-JU8LCKKBQKYS,0.24691666666666667
NVT-JLJMZEGLUP3T,0.24691666666666667
NVT-ZBQDKU9MJYXC,0.24691666666666667
NVT-8BZXNPRNNKTM,0.24691666666666667
NVT-2FGQQ4U53J9B,0.24691666666666667
NVT-DQXU9FQAHAC9,0.24691666666666667
NVT-SF2GVZS8UWVB,0.24691666666666667
NVT-HUXT4554JK66,0.24691666666666667
NVT-8QAXBXCQXPU2,0.24691666666666667
NVT-Q54TLUV6L3SA,0.24691666666666667
NVT-RVL9A55Q4AUR,0.24691666666666667
NVT-3ZARSNW6MM6X,0.24691666666666667
NVT-VY9UVR2FXVRT,0.24691666666666667
NVT-2GSC58FY5GSK,0.24691666666666667
NVT-Q42KEB38E758,0.24691666666666667
NVT-EB9ES66C6SQE,0.24691666666666667
NVT-2ZANG5YCQATE,0.24691666666666667
NVT-JL2MREUJR4FZ,0.24691666666666667
NVT-NRKTNP9FFVWM,0.24691666666666667
NVT-AUZ7PMPQ579D,0.24691666666666667
NVT-HMS75XFJ3DEP,0.24691666666666667
NVT-7HB66N2JYUY6,0.24691666666666667
NVT-AM5G5XJG828E,0.24691666666666667
NVT-D6F2MSPKQ5WK,0.24691666666666667
NVT-NEHEND7XYD9M,0.24691666666666667
NVT-LY33Y9N6NPY7,0.24691666666666667
NVT-ZYZZPPLRVSTA,0.24691666666666667
NVT-FELJQ973BYRE,0.24691666666666667
NVT-P7LERVBYTKQ5,0.24691666666666667
NVT-8988WHHV5W8H,0.24691666666666667
NVT-6ETPPBD24TJM,0.24691666666666667
NVT-9XB6FTH5ZU2B,0.24691666666666667
NVT-5FQ8SZQ7XT2N,0.24691666666666667
NVT-N3P88GB6A2U9,0.24691666666666667
NVT-9X54NX53YAB4,0.24691666666666667
NVT-GRUKXBD4M6CS,0.24691666666666667
NVT-MDDNCB4RTPDZ,0.24691666666666667
NVT-PNW6RRABRXJG,0.24691666666666667
NVT-HQLG5YWKSCWN,0.24691666666666667
NVT-YWCPD83CMAPU,0.24691666666666667
NVT-E3F3CXTNCCES,0.24691666666666667
NVT-JTZBJD7PWP4F,0.24691666666666667
NVT-UGYDJ9D5LUZR,0.24691666666666667
NVT-F5PDANAAFQFX,0.24691666666666667
NVT-ZR9EWDC3TV3U,0.24691666666666667
NVT-27UV9AT2XPN4,0.24691666666666667
NVT-T7LXWBW6LSLV,0.24691666666666667
NVT-XMKNQ3N44QE2,0.24691666666666667
NVT-HCB2898MHCC3,0.24691666666666667
NVT-65QRLWKZU946,0.24691666666666667
NVT-X73REZUWUPHR,0.24691666666666667
NVT-MGDTRZDGMJU8,0.24691666666666667
NVT-DAVCH7DRD633,0.24691666666666667
NVT-QD2ML6JG24S4,0.24691666666666667
NVT-F3XMR4FSQDP2,0.24691666666666667
NVT-9D4PXN722CPB,0.24691666666666667
NVT-JVMR3V9EW76R,0.24691666666666667
NVT-8SNF7VZU9DLN,0.24691666666666667
NVT-WVTK6VVU5RTM,0.24691666666666667
NVT-MCYTUCYUABFL,0.24691666666666667
NVT-9JQBJK7JB538,0.24691666666666667
NVT-EYWP5S39LFR8,0.24691666666666667
NVT-Y24HZHX754FR,0.24691666666666667
NVT-L4N3VBJQT3CK,0.24691666666666667
NVT-VD84F373L67T,0.24691666666666667
NVT-9NCKHKGH4MCT,0.24691666666666667
NVT-MQFZ3QKGWEMD,0.24691666666666667
NVT-YD5UPRYFK3NA,0.24691666666666667
NVT-TB9J4PQYZHT2,0.24691666666666667
NVT-PMSXXRT439EP,0.24691666666666667
NVT-EARMU76ZKWZU,0.24691666666666667
NVT-H9YLV2WTUCFM,0.24691666666666667
NVT-B4NUX6YW436F,0.24691666666666667
NVT-CZLSZUWQPTQC,0.24691666666666667
NVT-CTLH4VXC2GZT,0.24691666666666667
NVT-F62CUZ5CX5D5,0.24691666666666667
NVT-BPJHFQWZQNFQ,0.24691666666666667
NVT-W5W2FPEKJ79C,0.24691666666666667
NVT-77LPBMULHRXV,0.24691666666666667
NVT-RLB4VQ5BMP2E,0.24691666666666667
NVT-988XH2CJDU45,0.24691666666666667
NVT-CFKENVDR3EVY,0.24691666666666667
NVT-PKMHNBQ3ACXU,0.24691666666666667
NVT-F6LGRPP9THSE,0.24691666666666667
NVT-R52XZVH9PDAA,0.24691666666666667
NVT-2U9QTPM8QTSX,0.24691666666666667
NVT-TSMHATVQRPQR,0.24691666666666667
NVT-F9N7BMUVXZZS,0.24691666666666667
NVT-D5P49NRMVQKG,0.24691666666666667
NVT-N42LZHQWYUKY,0.24691666666666667
NVT-4MYDY3NY5WB3,0.24691666666666667
NVT-SUQNKN7ZM7N8,0.24691666666666667
NVT-XL5FEZFJSUQG,0.24691666666666667
NVT-HLUX58Z9UQFK,0.24691666666666667
NVT-WEFWWPKFAYQM,0.24691666666666667
NVT-JWVDEP99D7G5,0.24691666666666667
NVT-62CBQ3ERVAY5,0.24691666666666667
NVT-TWW9J92XL5FM,0.24691666666666667
NVT-8K9MZKET9ESZ,0.24691666666666667
NVT-LVMW35L8QD4D,0.24691666666666667
NVT-NAZWE3H38CN6,0.24691666666666667
NVT-HFHGST37Q9PH,0.24691666666666667
NVT-J5BLLVW8QKZU,0.24691666666666667
NVT-X4XJ96V24DSE,0.24691666666666667
NVT-ZXUR5NDXYESZ,0.24691666666666667
NVT-VSBLDDJ7NHJN,0.24691666666666667
NVT-6W2SVFBZP7TW,0.24691666666666667
NVT-DTJVWBY4ZPVK,0.24691666666666667
NVT-LMYV53CZTXJM,0.24691666666666667
NVT-RKCHHVSJAFGG,0.24691666666666667
NVT-XUG488UEQRXM,0.24691666666666667
NVT-GQFJX8C7DGAF,0.24691666666666667
NVT-D94EX7493R4K,0.24691666666666667
NVT-BKVFPQH9W82Z,0.24691666666666667
NVT-NA2T6L6VBUGS,0.24691666666666667
NVT-MA5WMWSL5S3E,0.24691666666666667
NVT-R72CD6Q49N7V,0.24691666666666667
NVT-WLU3HWX3UPRR,0.24691666666666667
NVT-HR68RBFDGHFQ,0.24691666666666667
NVT-5UWJ96TNKKU9,0.24691666666666667
NVT-RHTQCZFYAKJT,0.24691666666666667
NVT-YFB7WV9BKD9X,0.24691666666666667
NVT-UG4KPYKRKAQH,0.24691666666666667
NVT-LMP53XT7L8F7,0.24691666666666667
NVT-Z8L9GRCY27P4,0.24691666666666667
NVT-MQE6GFV6QBD6,0.24691666666666667
NVT-5JF79WE6JSWS,0.24691666666666667
NVT-NLSWK9DS6D7B,0.24691666666666667
NVT-3QDN2RWKY4DN,0.24691666666666667
NVT-YTLEAUHANM56,0.24691666666666667
NVT-U9VU3TDBLZRM,0.24691666666666667
NVT-CUKNVLW6HDUM,0.24691666666666667
NVT-F5KBJRX2DDS5,0.24691666666666667
NVT-5KH4YZZ329DA,0.24691666666666667
NVT-CHA8RJCCWFGB,0.24691666666666667
NVT-ZDTTRSURVDE6,0.24691666666666667
NVT-K2U6YCGKHZEX,0.24691666666666667
NVT-6DNJBUQ4KJVU,0.24691666666666667
NVT-G4Z8GDAPMZF9,0.24691666666666667
NVT-B6LF8YNSJXDY,0.24691666666666667
NVT-Y7UDYZ6TUYGC,0.24691666666666667
NVT-MRNB4JAEUD5L,0.24691666666666667
NVT-G9DQ73ZV85X3,0.24691666666666667
NVT-TLPU84JF656H,0.24691666666666667
NVT-6NG6GHY78R6U,0.24691666666666667
NVT-TTC9K23QM45T,0.24691666666666667
NVT-Z8AQECGKH2B8,0.24691666666666667
NVT-MHZ7ARLRBAPS,0.24691666666666667
NVT-6FCEBBQF9XE3,0.24691666666666667
NVT-DEXKU8KGUV97,0.24691666666666667
NVT-KQ6LNJGRE9JU,0.24691666666666667
NVT-ED7NWZTF55K6,0.24691666666666667
NVT-M6G2PDHVN3KA,0.24691666666666667
NVT-J9NF7932723L,0.24691666666666667
NVT-GCMRKAMBZF54,0.24691666666666667
NVT-EWTRMR4DNG7C,0.24691666666666667
NVT-PSB4LDBKHGGX,0.24691666666666667
NVT-KE8NYCFBW9P3,0.24691666666666667
NVT-Z334AY6DR4HE,0.24691666666666667
NVT-G5WJ93KMR7WN,0.24691666666666667
NVT-SPKEU7BM8YMV,0.24691666666666667
NVT-D6JWD6AT29TL,0.24691666666666667
NVT-ZT3BEWHA9ZB8,0.24691666666666667
NVT-XZGETLPNDVKX,0.24691666666666667
NVT-D8VUC7RFLA2N,0.24691666666666667
NVT-XFEHB6E398U3,0.24691666666666667
NVT-5S3DWUSS9HRZ,0.24691666666666667
NVT-XYKK9ATEPBMH,0.24691666666666667
NVT-FBMAPSW3VELX,0.24691666666666667
NVT-V358EYHE25JE,0.24691666666666667
NVT-S5TB67WYRX79,0.24691666666666667
NVT-EMZTM5HKJWJT,0.24691666666666667
NVT-ESY9LY773J8C,0.24691666666666667
NVT-MJVZ8C6MVF9M,0.24691666666666667
NVT-SXRAMTGVZ95P,0.24691666666666667
NVT-DJZA9TMDH8ZT,0.24691666666666667
NVT-T7HL8QN76KPF,0.24691666666666667
NVT-4PCGQP424RY2,0.24691666666666667
NVT-Q2LK6LKDQJJR,0.24691666666666667
NVT-4VPFXQZDZULB,0.24691666666666667
NVT-DDLV8XMU74J3,0.24691666666666667
NVT-F55WYNB8BC5H,0.24691666666666667
NVT-FR6VW7E9B5UN,0.24691666666666667
NVT-53EXAVL382VR,0.24691666666666667
NVT-D5UTWXRVUB6Q,0.24691666666666667
NVT-8M3B35CF9XGN,0.24691666666666667
NVT-226Y4R9AF37V,0.24691666666666667
NVT-QPDW4UVRZC6D,0.24691666666666667
NVT-9DHSJ7VM454B,0.24691666666666667
NVT-LRX6JZW9WGJY,0.24691666666666667
NVT-36U98YAHKVMH,0.24691666666666667
NVT-CSDK8ADXZX3U,0.24691666666666667
NVT-VLD4Q22NXP7R,0.24691666666666667
NVT-LNKFWC64LS9F,0.24691666666666667
NVT-UVJFJFH9VVYM,0.24691666666666667
NVT-CRU2PAP26FBG,0.24691666666666667
NVT-9RBS4MTKZS68,0.24691666666666667
NVT-X93KY2R8M4HH,0.24691666666666667
NVT-JTV26Y8E25BB,0.24691666666666667
NVT-VUZA4DA36TFQ,0.24691666666666667
NVT-JXHSCN4RNFDP,0.24691666666666667
NVT-TY4CXYDJA358,0.24691666666666667
NVT-37C2YWY7KS6X,0.24691666666666667
NVT-N8Y7P4MYBNSM,0.24691666666666667
NVT-QASXTGYRJB66,0.24691666666666667
NVT-9Q8FVSGZ7NYS,0.24691666666666667
NVT-WT5WMWS53BKW,0.24691666666666667
NVT-N6CTZHF2KZ3T,0.24691666666666667
NVT-3WE5TRPNTHYM,0.24691666666666667
NVT-4V7WBWEQMMLV,0.24691666666666667
NVT-RGCVG3M3KEWQ,0.24691666666666667
NVT-XZ7WWTQCXLCV,0.24691666666666667
NVT-MYK6VVPB4ATS,0.24691666666666667
NVT-KH5NDYENRYM7,0.24691666666666667
NVT-RBL9Q2Q35FNZ,0.24691666666666667
NVT-5MLTMRTXFV78,0.24691666666666667
NVT-97S7H56QMPYH,0.24691666666666667
NVT-PV4SVMJ42CC8,0.24691666666666667
NVT-L6NV3XQ5VZPC,0.24691666666666667
NVT-MUFLEVAT7FDF,0.24691666666666667
NVT-MTH2UH33Y3HW,0.24691666666666667
NVT-WTQ7X23RH6WZ,0.24691666666666667
NVT-LFJSCHXPV9L4,0.24691666666666667
NVT-2RBMX9VKE6M7,0.24691666666666667
NVT-VNERDSPLVGPK,0.24691666666666667
NVT-XFQRDDSQPAJM,0.24691666666666667
NVT-4UP35N75PWT2,0.24691666666666667
NVT-SZA3SEVWG8XW,0.24691666666666667
NVT-UQMLEF8PXAH9,0.24691666666666667
NVT-XZU5E7LVTAXH,0.24691666666666667
NVT-D8TDYWPZ2DAN,0.24691666666666667
NVT-XVRDUHSHNW3A,0.24691666666666667
NVT-B2ZHCHQWJT64,0.24691666666666667
NVT-LDNW54FJM7E3,0.24691666666666667
NVT-MB6A6RQ3DC7X,0.24691666666666667
NVT-V76GDZAN93ZD,0.24691666666666667
NVT-SHZ5HV3JWC3T,0.24691666666666667
NVT-KJSTK7MGKYXT,0.24691666666666667
NVT-ALY9GFB7LN4S,0.24691666666666667
NVT-NC94P3GM49ML,0.24691666666666667
NVT-JNMLN3XXFPFW,0.24691666666666667
NVT-EWUHD9RC7L6N,0.24691666666666667
NVT-RMKNFVC8KVKL,0.24691666666666667
NVT-NB8JJUAR6NNZ,0.24691666666666667
NVT-ZZZNB2JWKCAW,0.24691666666666667
NVT-FKBHPKWZAH7P,0.24691666666666667
NVT-JFRV6WAQNEYA,0.24691666666666667
NVT-ARUWYL39HSFX,0.24691666666666667
NVT-XJ3ELGPG9LGD,0.24691666666666667
NVT-TDWVRRH7GLYF,0.24691666666666667
NVT-Y6BAUVJNCH9C,0.24691666666666667
NVT-7UZ92DGLCC8W,0.24691666666666667
NVT-34H3JWC736MG,0.24691666666666667
NVT-BEC8S7DEQKRT,0.24691666666666667
NVT-7K3HC2RZX5KM,0.24691666666666667
NVT-PALWL24WGY7P,0.24691666666666667
NVT-FSTNFMNAFWDF,0.24691666666666667
NVT-PC6TTXL5ERJ7,0.24691666666666667
NVT-S64D9CJCVASW,0.24691666666666667
NVT-FTNZ3NJD6AXS,0.24691666666666667
NVT-7F8MM8J347LD,0.24691666666666667
NVT-EPF6B2NAAASD,0.24691666666666667
NVT-W6XWRQA26KE6,0.24691666666666667
NVT-MSDFXF6LGUUM,0.24691666666666667
NVT-GB5CK8CKUNX5,0.24691666666666667
NVT-HQ7727DGGL3A,0.24691666666666667
NVT-HG2RW523FFD3,0.24691666666666667
NVT-UBLVVQTVWK4F,0.24691666666666667
NVT-PTLSJENP9ZYP,0.24691666666666667
NVT-AJ7YLQTN4YUH,0.24691666666666667
NVT-X9TJJYZB9PGD,0.24691666666666667
NVT-BZWB5N8SZYYB,0.24691666666666667
NVT-VQE8DXWEG44Q,0.24691666666666667
NVT-BZSQBF6EPYH4,0.24691666666666667
NVT-ZM6YQ28U84DV,0.24691666666666667
NVT-5TSMBW4CHN3P,0.24691666666666667
NVT-J832ML7K894B,0.24691666666666667
NVT-NQUZJ84GPXXG,0.24691666666666667
NVT-8QL8BBVKYSWJ,0.24691666666666667
NVT-B373UAMLDBWC,0.24691666666666667
NVT-PRNMMWN3RLR8,0.24691666666666667
NVT-B3UFMG2XZHMM,0.24691666666666667
NVT-VTYUGK6XEJC8,0.24691666666666667
NVT-QXY5ZKJUS69J,0.24691666666666667
NVT-UDM2ZLYPEFFH,0.24691666666666667
NVT-BSAAZ5BV6HQJ,0.24691666666666667
NVT-Z2HN7THHSLY4,0.24691666666666667
NVT-2SE4ND8PRFY6,0.24691666666666667
NVT-828YXRQWHJL4,0.24691666666666667
NVT-399XHXQYS9CA,0.24691666666666667
NVT-4DNEUKHVB7FS,0.24691666666666667
NVT-KVV8V5YZHLFM,0.24691666666666667
NVT-Z8SSCNAAN953,0.24691666666666667
NVT-U992HZEPLMBN,0.24691666666666667
NVT-9KNCA3DGPVCM,0.24691666666666667
NVT-8JRETCQ2B3G2,0.24691666666666667
NVT-2KSFX3BMXN73,0.24691666666666667
NVT-PQ3FUDDXFVNT,0.24691666666666667
NVT-V3PLBNNSP8GV,0.24691666666666667
NVT-TM2YWFPLDBVB,0.24691666666666667
NVT-E9Q395NBSZDA,0.24691666666666667
NVT-LL7ZUMXPRNQC,0.24691666666666667
NVT-AMMT5BPG5AGT,0.24691666666666667
NVT-6WK4CFNFLXRX,0.24691666666666667
NVT-GCE7LTZZ658W,0.24691666666666667
NVT-JGYSY4ZTSJQE,0.24691666666666667
NVT-3XJMER9JHUEM,0.24691666666666667
NVT-E4FMB3JER572,0.24691666666666667
NVT-MEN5ZXCKXALJ,0.24691666666666667
NVT-7EE2ASC9RXGS,0.24691666666666667
NVT-SGUNT6MXW6W8,0.24691666666666667
NVT-C8FR7GQ6SPNA,0.24691666666666667
NVT-5EZ7HL6SKHRJ,0.24691666666666667
NVT-KQVN55CZQYKB,0.24691666666666667
NVT-VHYC6U58G4LA,0.24691666666666667
NVT-UJV3EG3LZ299,0.24691666666666667
NVT-SWCSUEMQA9UC,0.24691666666666667
NVT-VVR6ND2ZNDSE,0.24691666666666667
NVT-89NHF5Q3EU8U,0.24691666666666667
NVT-J4ZPXF3RW74K,0.24691666666666667
NVT-QEL9LHJFPTER,0.24691666666666667
NVT-6GSMW52WFJN5,0.24691666666666667
NVT-FCR7CYFMZGVH,0.24691666666666667
NVT-RTCPX4JV26UA,0.24691666666666667
NVT-5WZY69VSEYFM,0.24691666666666667
NVT-6CQ6GSHRNNNV,0.24691666666666667
NVT-NVGZASUNFWY3,0.24691666666666667
NVT-9KNASEGU73YM,0.24691666666666667
NVT-DTWUQ2HWZE8R,0.24691666666666667
NVT-6HGMJMYYTQK7,0.24691666666666667
NVT-5RNDFKXJZHD2,0.24691666666666667
NVT-T5KL8WEHZ8MA,0.24691666666666667
NVT-DK5TPCRXRTV8,0.24691666666666667
NVT-ZXGHNFL4W6NH,0.24691666666666667
NVT-7PCJWKC48NXJ,0.24691666666666667
NVT-MAQMSRM5HZR7,0.24691666666666667
NVT-S78CTPE4WJ8A,0.24691666666666667
NVT-E9V459JFLU73,0.24691666666666667
NVT-B5FJTTHGMRXL,0.24691666666666667
NVT-WD633DETJUAK,0.24691666666666667
NVT-P4227D86CCMQ,0.24691666666666667
NVT-DYLFS4W8PAAB,0.24691666666666667
NVT-X2VPHCHBGK7R,0.24691666666666667
NVT-8DV4MK35QL3H,0.24691666666666667
NVT-3G8Q6D934PK2,0.24691666666666667
NVT-NWVZZ8V8RCFW,0.24691666666666667
NVT-HHSNKLMHUA96,0.24691666666666667
NVT-RL6DYWNLU5EC,0.24691666666666667
NVT-HW3C8YZAAT9F,0.24691666666666667
NVT-8HPXYV8K6BAN,0.24691666666666667
NVT-Y5M4KW9BNJKP,0.24691666666666667
NVT-XUEV5NPG7J3M,0.24691666666666667
NVT-PS86LGZEDVMX,0.24691666666666667
NVT-DRREH35MVVDN,0.24691666666666667
NVT-UBD5SB74AYFE,0.24691666666666667
NVT-YU8QRHSX56SK,0.24691666666666667
NVT-JRT3XDEFHCHK,0.24691666666666667
NVT-MJANQ5KTLGBB,0.24691666666666667
NVT-869K9KJGXFQK,0.24691666666666667
NVT-8XT3DZ7SE9LP,0.24691666666666667
NVT-HAY2DB3RMGYP,0.24691666666666667
NVT-E48SKKU7MKGB,0.24691666666666667
NVT-XNE6PLSPTTM7,0.24691666666666667
NVT-ZUPKF8QFCQRJ,0.24691666666666667
NVT-LLUPB4PXFC2C,0.24691666666666667
NVT-TUY885LZUUHF,0.24691666666666667
NVT-2MLANV5MHUB4,0.24691666666666667
NVT-GSRLD8ECNA6F,0.24691666666666667
NVT-EFTJAVPGC59D,0.24691666666666667
NVT-T7K23HKHU2S4,0.24691666666666667
NVT-J5667VL5NWKH,0.24691666666666667
NVT-9Q9XR6MHENK7,0.24691666666666667
NVT-SSTWECE2PWVW,0.24691666666666667
NVT-XAJ8XMG2K52X,0.24691666666666667
NVT-HPJ6SVWY8AC9,0.24691666666666667
NVT-B2AK7SGSBTMM,0.24691666666666667
NVT-KEVA53GWMWJF,0.24691666666666667
NVT-97SQBNUZA9XX,0.24691666666666667
NVT-GL6XBFJH95HM,0.24691666666666667
NVT-QYXSFRYSN8Z4,0.24691666666666667
NVT-K7SERTP84W4D,0.24691666666666667
NVT-57P5ZJZFNNQQ,0.24691666666666667
NVT-6EGDDEEA4RJK,0.24691666666666667
NVT-USZRD94VPPAE,0.24691666666666667
NVT-VBZTNGWMVXSM,0.24691666666666667
NVT-TGD272MHB76X,0.24691666666666667
NVT-L3BWVFMMV6CJ,0.24691666666666667
NVT-7JV6JXNWDNE8,0.24691666666666667
NVT-58Z6K32CYH8Z,0.24691666666666667
NVT-956ZA56M6VJG,0.24691666666666667
NVT-RCJUBZVJUGNQ,0.24691666666666667
NVT-QQKCV53F6SFP,0.24691666666666667
NVT-SYPT8V7X5C7F,0.24691666666666667
NVT-ACYWUHBP5DAP,0.24691666666666667
NVT-VEGJDAU3EQU7,0.24691666666666667
NVT-XV6J4XMWGHGY,0.24691666666666667
NVT-XDNB9KNB5MSU,0.24691666666666667
NVT-2YHXCAY47TD8,0.24691666666666667
NVT-39QF8CJPHLCJ,0.24691666666666667
NVT-2F25J9TGQ9TA,0.24691666666666667
NVT-8JQDZJ449KK4,0.24691666666666667
NVT-XF6NURW8AZ2W,0.24691666666666667
NVT-63UE5BNJ9LE4,0.24691666666666667
NVT-2Y3U5VPTT6B8,0.24691666666666667
NVT-ZSB7T7LPRJTQ,0.24691666666666667
NVT-D3ES9KG4UKUE,0.24691666666666667
NVT-HGDVEK6TAZR3,0.24691666666666667
NVT-G5NWA2QMNH95,0.24691666666666667
NVT-SB57YGC2C3S5,0.24691666666666667
NVT-86GEA4JREAHL,0.24691666666666667
NVT-DWQUMKQW3QEE,0.24691666666666667
NVT-8GPQ7KYNT9AT,0.24691666666666667
NVT-JUE5DMGMPCBJ,0.24691666666666667
NVT-JLLCSVFLPNSF,0.24691666666666667
NVT-BDMGNKJRZ55X,0.24691666666666667
NVT-GUL3FJA62FWV,0.24691666666666667
NVT-YL7WPJKM6SKM,0.24691666666666667
NVT-Y74RPZ224TK8,0.24691666666666667
NVT-HNLN5K7WYEP8,0.24691666666666667
NVT-BN5FQ5JWE99R,0.24691666666666667
NVT-CJE7AJUMFH72,0.24691666666666667
NVT-E32AC7589RAF,0.24691666666666667
NVT-36BZ33CXBPP4,0.24691666666666667
NVT-U9DSVX97QLTK,0.24691666666666667
NVT-XQEFWW79Y4EB,0.24691666666666667
NVT-CLFD7WSXCZVG,0.24691666666666667
NVT-Q8KTMXRZKLNY,0.24691666666666667
NVT-CSUBYRJFPDMW,0.24691666666666667
NVT-XGVAC2JTBHPR,0.24691666666666667
NVT-5ZYCTTS66YA2,0.24691666666666667
NVT-AQST7HUCEP6R,0.24691666666666667
NVT-JHASRBSD2WXW,0.24691666666666667
NVT-VJD9LCXDT7TZ,0.24691666666666667
NVT-A5N6WAP48ESP,0.24691666666666667
NVT-2U37G8TCUVQA,0.24691666666666667
NVT-HTEXB2M54KEP,0.24691666666666667
NVT-EJ3Q68UAPVQC,0.24691666666666667
NVT-AGM83FBQPQNE,0.24691666666666667
NVT-D4Z4DW4J2652,0.24691666666666667
NVT-QVKVG3SJDHHZ,0.24691666666666667
NVT-JXHUJCDPQL4U,0.24691666666666667
NVT-6C4NBLYRJEQC,0.24691666666666667
NVT-WJ338CB2Z78Y,0.24691666666666667
NVT-8RTQC38UY54Z,0.24691666666666667
NVT-74LVPG3P3K6N,0.24691666666666667
NVT-7UFZSKWGFRHL,0.24691666666666667
NVT-8XBX48U4BBSH,0.24691666666666667
NVT-R3AG8U9SV2JE,0.24691666666666667
NVT-ZRPLB69EY7Q8,0.24691666666666667
NVT-S7GH7N8APJRV,0.24691666666666667
NVT-Z2GQ6JKSF3AB,0.24691666666666667
NVT-AQFAZ8EJS9SW,0.24691666666666667
NVT-MXR3DYJQTDG3,0.24691666666666667
NVT-Y9W7EULVQJH7,0.24691666666666667
NVT-M3UEZCB5KQBL,0.24691666666666667
NVT-6ETBC3TXX5FD,0.24691666666666667
NVT-TL4XYFTTCGJY,0.24691666666666667
NVT-VMWQNNRF2VLD,0.24691666666666667
NVT-7JQKNKLXS62C,0.24691666666666667
NVT-ZT3ME79SJQXX,0.24691666666666667
NVT-QU6EREZE876Y,0.24691666666666667
NVT-W2PDTDUG58FU,0.24691666666666667
NVT-5VMP4CTVRY6J,0.24691666666666667
NVT-HP2E4SDHHCH7,0.24691666666666667
NVT-U37GFLKEFNRV,0.24691666666666667
NVT-DCBBW39TLQ76,0.24691666666666667
NVT-9RBH845J4CFG,0.24691666666666667
NVT-XG54VM5REDBL,0.24691666666666667
NVT-XFDWAPEY3TVX,0.24691666666666667
NVT-WXB3PHRZYG3C,0.24691666666666667
NVT-RRT5HR4K47H4,0.24691666666666667
NVT-VVZX3W2PAKZ2,0.24691666666666667
NVT-7NQ75USMYQ94,0.24691666666666667
NVT-YH58ZLBU3KNK,0.24691666666666667
NVT-KFEGG2YMAAPF,0.24691666666666667
NVT-7VQBCR84AJTZ,0.24691666666666667
NVT-7DWF962BLLY5,0.24691666666666667
NVT-S67YQ72UFY4Y,0.24691666666666667
NVT-2PHJVL8U43U3,0.24691666666666667
NVT-F8ZY86VJC73B,0.24691666666666667
NVT-DB89VYN4VD6Q,0.24691666666666667
NVT-UGGFUNGTKUVT,0.24691666666666667
NVT-Y82JLGSDGMPQ,0.24691666666666667
NVT-5YPGYTCH7XZA,0.24691666666666667
NVT-2VHF5W5AVKWP,0.24691666666666667
NVT-DA28J88P85EM,0.24691666666666667
NVT-4NBCDR98XM5A,0.24691666666666667
NVT-44MR9RU5JB3X,0.24691666666666667
NVT-YVCQXNCCTA5G,0.24691666666666667
NVT-K4Q6SV2DSU9P,0.24691666666666667
NVT-QBZFTKPFVUBA,0.24691666666666667
NVT-877CNBPRX358,0.24691666666666667
NVT-Y69JCZ792XZS,0.24691666666666667
NVT-G9Q7YAQJMVVD,0.24691666666666667
NVT-JHSURRV4WWGH,0.24691666666666667
NVT-TQYBGTWZKANF,0.24691666666666667
NVT-2VEPV235KXU9,0.24691666666666667
NVT-9V7S8Y7U8HZC,0.24691666666666667
NVT-EWPB9KNMWA6B,0.24691666666666667
NVT-Q7N6NJB7HPFY,0.24691666666666667
NVT-8K57HVEWBKRJ,0.24691666666666667
NVT-XTCL5DVAB4UX,0.24691666666666667
NVT-4SYDF5FFZ3VG,0.24691666666666667
NVT-E6AP2RKPJSEV,0.24691666666666667
NVT-7L9TABKP7SAS,0.24691666666666667
NVT-B9B46LVQV5NA,0.24691666666666667
NVT-T5J283S55PQM,0.24691666666666667
NVT-2WXVZTCNWWM4,0.24691666666666667
NVT-DQ3BBZM9U58R,0.24691666666666667
NVT-9HHWPPKJUHGG,0.24691666666666667
NVT-M2EXC8X4H357,0.24691666666666667
NVT-UJEQX3AR32W5,0.24691666666666667
NVT-E28MXZ8H2Q3Q,0.24691666666666667
NVT-JV4KVLGDGL3L,0.24691666666666667
NVT-YQR56C8DNZVN,0.24691666666666667
NVT-FPXXX559WTM6,0.24691666666666667
NVT-TVWPR6BQAE6Z,0.24691666666666667
NVT-8YXZ3KDP67FW,0.24691666666666667
NVT-CMZTT3YN6GM4,0.24691666666666667
NVT-UA86SWAFRFJ5,0.24691666666666667
NVT-68ZBFSCU7SYB,0.24691666666666667
NVT-E5Y5Z4RDNHX9,0.24691666666666667
NVT-FXMRB5ZPT7NU,0.24691666666666667
NVT-HFLFBDGCEPSQ,0.24691666666666667
NVT-G5CMBT3F6392,0.24691666666666667
NVT-J2DVC58NAV5Z,0.24691666666666667
NVT-AHFKF54RCAAT,0.24691666666666667
NVT-SDFLQ8BX7FW5,0.24691666666666667
NVT-EBG72U2DCRV8,0.24691666666666667
NVT-7B9LSPCAUZQ3,0.24691666666666667
NVT-HRBKDG9TVME9,0.24691666666666667
NVT-NK7BDL6WRX4J,0.24691666666666667
NVT-V37HW7298453,0.24691666666666667
NVT-9N63G58J4GSP,0.24691666666666667
NVT-8THJ2Q8PBU8U,0.24691666666666667
NVT-C3N4EUEPSWHU,0.24691666666666667
NVT-KSKEJCH3KYZT,0.24691666666666667
NVT-H724HZ8MTEUU,0.24691666666666667
NVT-4L7N7WJZ9H85,0.24691666666666667
NVT-Z8522LJPNVQF,0.24691666666666667
NVT-3HR5955PQDLN,0.24691666666666667
NVT-H9DPL7WRBTV3,0.24691666666666667
NVT-H254FBDP983B,0.24691666666666667
NVT-UV6DS2CK59R4,0.24691666666666667
NVT-8ZZJZTXMA3PE,0.24691666666666667
NVT-R2JKS96J6RQ9,0.24691666666666667
NVT-84LP8HKDH33V,0.24691666666666667
NVT-UQCCRAG5T2RK,0.24691666666666667
NVT-FHTYNRFVSGJK,0.24691666666666667
NVT-NYZ2A343GG9T,0.24691666666666667
NVT-J3RH5WQ5EFPL,0.24691666666666667
NVT-2FJNKWS7GJKG,0.24691666666666667
NVT-Q2C6WCFVAFCH,0.24691666666666667
NVT-7ACNPZHGZGVN,0.24691666666666667
NVT-AEPDHBCCETPJ,0.24691666666666667
NVT-A9WY47KYVFKE,0.24691666666666667
NVT-VPVTQG6AWZRM,0.24691666666666667
NVT-PXYZGNNHTKLY,0.24691666666666667
NVT-RZGR453GE484,0.24691666666666667
NVT-8JTDS7TTPFW3,0.24691666666666667
NVT-JCLB6XSV2A4X,0.24691666666666667
NVT-E67QG5SZ4RE7,0.24691666666666667
NVT-56G3ZCV2P7XZ,0.24691666666666667
NVT-UZYQHLL9NNU7,0.24691666666666667
NVT-JY7YNUPVELHU,0.24691666666666667
NVT-ED7PRGQYEXRU,0.24691666666666667
NVT-5ZUHGSZSR4N8,0.24691666666666667
NVT-UW2WVRKC7NF3,0.24691666666666667
NVT-R4YFMXWYA4BX,0.24691666666666667
NVT-ZPB2ECM36LY3,0.24691666666666667
NVT-XKTFTFWMJ9U4,0.24691666666666667
NVT-8CDVU4UPDV9K,0.24691666666666667
NVT-BR4CCGLQF82B,0.24691666666666667
NVT-CCLCUT2HZCHP,0.24691666666666667
NVT-EQJHYRK6PNVW,0.24691666666666667
NVT-DGNT24QSQD3Q,0.24691666666666667
NVT-BBGR2KWH8HMF,0.24691666666666667
NVT-TCG7LS6VZWM9,0.24691666666666667
NVT-KYZGWNSSZBRE,0.24691666666666667
NVT-ZKGQKH4EVM2P,0.24691666666666667
NVT-FFTB3SA56F9H,0.24691666666666667
NVT-RRCNDHY44DV3,0.24691666666666667
NVT-9C9USCQ49BNM,0.24691666666666667
NVT-4RMDQ8AUQBM2,0.24691666666666667
NVT-F57WFBBRV9GQ,0.24691666666666667
NVT-DPPR4658BQT7,0.24691666666666667
NVT-D5D6QF4TSYZE,0.24691666666666667
NVT-GE3ZSXWSJKXN,0.24691666666666667
NVT-VS42L2CFE32F,0.24691666666666667
NVT-E4CG7RJVND2V,0.24691666666666667
NVT-CTPDSNKAGJXT,0.24691666666666667
NVT-6QLLCQ7DQEK8,0.24691666666666667
NVT-X8KK26ANYRW5,0.24691666666666667
NVT-9RAXX25XH8YE,0.24691666666666667
NVT-S4QT25PUK94D,0.24691666666666667
NVT-XLJBKBXPD2HE,0.24691666666666667
NVT-WAVC478MPEQR,0.24691666666666667
NVT-6LEZM2ZPY3Y2,0.24691666666666667
NVT-PCYK9CKWFSBU,0.24691666666666667
NVT-XFPHGLC9YVCJ,0.24691666666666667
NVT-4JT8957Q3A4R,0.24691666666666667
NVT-GRSVN34YKARX,0.24691666666666667
NVT-TG2K96M3MGSM,0.24691666666666667
NVT-5CEC96ENG5RZ,0.24691666666666667
NVT-CYM9J4Y4VSRC,0.24691666666666667
NVT-E8Z9EWSJW9LB,0.24691666666666667
NVT-MKGATG65LFYY,0.24691666666666667
NVT-2EKJNJAXD8U5,0.24691666666666667
NVT-4YHP754ND9XX,0.24691666666666667
NVT-AHF9RCL964RD,0.24691666666666667
NVT-Z7HUHPBX6TJ9,0.24691666666666667
NVT-R6PP2M28GGHW,0.24691666666666667
NVT-CZT83TAVV7LL,0.24691666666666667
NVT-HT9TEJHSAYEP,0.24691666666666667
NVT-WJ7PEZT2VH85,0.24691666666666667
NVT-SHLWBWJB83WW,0.24691666666666667
NVT-4AZFGT2T4RWW,0.24691666666666667
NVT-ER76HK4FL3XL,0.24691666666666667
NVT-43ZQDRABYRQ3,0.24691666666666667
NVT-LLC6UHMYRN29,0.24691666666666667
NVT-JL88ZP2KPUP7,0.24691666666666667
NVT-TRCZCAUMVBGD,0.24691666666666667
NVT-UHKLJQGJPBBX,0.24691666666666667
NVT-2EGNDQAEFZJU,0.24691666666666667
NVT-8KMLH6GSY6ED,0.24691666666666667
NVT-79MQFD645FPK,0.24691666666666667
NVT-8X5VN5X4PTB9,0.24691666666666667
NVT-FWSA8QT5WUUV,0.24691666666666667
NVT-ZV2UB64U6XG6,0.24691666666666667
NVT-FHXJ5QJDKGCK,0.24691666666666667
NVT-3RPFFJNN2X7Q,0.24691666666666667
NVT-ETS4DSBS4JFK,0.24691666666666667
NVT-5659M823D3EG,0.24691666666666667
NVT-DDLWNBXV4CMJ,0.24691666666666667
NVT-LZU2JMJRYXQ3,0.24691666666666667
NVT-XKTG8TFTUDF2,0.24691666666666667
NVT-CAA8SZ7SUKDV,0.24691666666666667
NVT-ASJU6UEWVG9T,0.24691666666666667
NVT-58BTYYLEE85C,0.24691666666666667
NVT-5G8LCAHMJFHB,0.24691666666666667
NVT-CFARE96K8DML,0.24691666666666667
NVT-YEU8DFZD5PJW,0.24691666666666667
NVT-2YG2Z6SZ3Q6F,0.24691666666666667
NVT-XPXKP2KSRVHS,0.24691666666666667
NVT-XCNWEWX4YBT9,0.24691666666666667
NVT-7X943URMKJQW,0.24691666666666667
NVT-S6F9XBUGGCEC,0.24691666666666667
NVT-AEQYSYTUL74N,0.24691666666666667
NVT-LU3QU3RVZU34,0.24691666666666667
NVT-R646UCNB3XW7,0.24691666666666667
NVT-QXJ2LSNFPTXD,0.24691666666666667
NVT-VP8U2MFJDPXM,0.24691666666666667
NVT-ZQ4WXC5AU2UC,0.24691666666666667
NVT-NBU8U6RJGC29,0.24691666666666667
NVT-GZ9T6RUZE6X7,0.24691666666666667
NVT-UU38DKR26F6E,0.24691666666666667
NVT-3SLBA4ZUXMXH,0.24691666666666667
NVT-9Q2ZZVQUJBPD,0.24691666666666667
NVT-69GHQH455CWJ,0.24691666666666667
NVT-WAQLEWKJM83M,0.24691666666666667
NVT-3YC4KYYULJH8,0.24691666666666667
NVT-JR9YL3M9HA6Z,0.24691666666666667
NVT-CD2K9CCQF56F,0.24691666666666667
NVT-YMPAGVLWDLDM,0.24691666666666667
NVT-WDPDFX5KHLCZ,0.24691666666666667
NVT-XZRAGRYS48Z9,0.24691666666666667
NVT-9FJD2PPDB7AZ,0.24691666666666667
NVT-MJV5WVWLXAVR,0.24691666666666667
NVT-KNEXP8NT5RFF,0.24691666666666667
NVT-9KVM3YEVU6ZJ,0.24691666666666667
NVT-KLVXAYYMD5C7,0.24691666666666667
NVT-Q62DUF6EKSDS,0.24691666666666667
NVT-238LZBHYAEU8,0.24691666666666667
NVT-G7UZFJ5JPABE,0.24691666666666667
NVT-QPC8CZU8HG63,0.24691666666666667
NVT-6S67NGBA5WZJ,0.24691666666666667
NVT-9WKSA3PC8XKB,0.24691666666666667
NVT-HD5779QKXURX,0.24691666666666667
NVT-7L5VPQDCYQWK,0.24691666666666667
NVT-KWECZARF7MRS,0.24691666666666667
NVT-4JVZ5DYFYKN6,0.24691666666666667
NVT-56V2P34JKTR5,0.24691666666666667
NVT-LQ28SUPNBKVV,0.24691666666666667
NVT-NS4CWU8R5C9G,0.24691666666666667
NVT-YMCXZYWZ9954,0.24691666666666667
NVT-J7V5MB2N3JTA,0.24691666666666667
NVT-N3DJZTD2DM4H,0.24691666666666667
NVT-W34CZP8E66YD,0.24691666666666667
NVT-W78Q5JE9VLN7,0.24691666666666667
NVT-QTSFLP7KA2WM,0.24691666666666667
NVT-EGXR33EYQBE8,0.24691666666666667
NVT-EMVJT4EYWVAK,0.24691666666666667
NVT-TN4GSFFXCUBX,0.24691666666666667
NVT-LEHM8JH683AW,0.24691666666666667
NVT-XZE6P3A5PCWR,0.24691666666666667
NVT-YUEX9UELZ5W9,0.24691666666666667
NVT-YX92GPQUDL48,0.24691666666666667
NVT-EPG4HZ7ZEAB5,0.24691666666666667
NVT-82RQ9H2XGNBF,0.24691666666666667
NVT-SPDXJWNUQVRX,0.24691666666666667
NVT-U7QGLMCD5QMR,0.24691666666666667
NVT-HG5PZ256AG5K,0.24691666666666667
NVT-MK37HGCW232F,0.24691666666666667
NVT-WK45EF8CJCXC,0.24691666666666667
NVT-VL2KUYLCY7EV,0.24691666666666667
NVT-JLXUR3A8P2LX,0.24691666666666667
NVT-URPGL8QSNEKT,0.24691666666666667
NVT-SWMAX2R99JBQ,0.24691666666666667
NVT-KFKJ2A2YBCU7,0.24691666666666667
NVT-JHCY9SQRHUVK,0.24691666666666667
NVT-NLFLDLJ98BF7,0.24691666666666667
NVT-BGHEE8R3H5AJ,0.24691666666666667
NVT-AMFKUKSUME9E,0.24691666666666667
NVT-DHTG93KDGVV9,0.24691666666666667
NVT-WQUZ7QWMHJQ4,0.24691666666666667
NVT-VK3XPKS4GP2Z,0.24691666666666667
NVT-QMPWUNL3D2ED,0.24691666666666667
NVT-7FEZ898Z3J3K,0.24691666666666667
NVT-NN8GQA2TAGQB,0.24691666666666667
NVT-C5ZMB58CCYNT,0.24691666666666667
NVT-KVWHWT97DSSN,0.24691666666666667
NVT-QKP65F22LG95,0.24691666666666667
NVT-JFXC44DRLEHJ,0.24691666666666667
NVT-NA6RHH35Q5UC,0.24691666666666667
NVT-D5YMYZMMZZZL,0.24691666666666667
NVT-3ZWYTGJW3JYB,0.24691666666666667
NVT-TZH3BXL84FZS,0.24691666666666667
NVT-H8FZMPWELPLQ,0.24691666666666667
NVT-XZQTPMSKRQAG,0.24691666666666667
NVT-HPRZQGXVYUN7,0.24691666666666667
NVT-GQUV36U32J5L,0.24691666666666667
NVT-UVVY6QGGXUEQ,0.24691666666666667
NVT-DMNZANCQ8UK7,0.24691666666666667
NVT-D8BH8WMCHLUF,0.24691666666666667
NVT-YNHT8RBYHBFB,0.24691666666666667
NVT-CWDLJAS765TH,0.24691666666666667
NVT-NRMZPSCYHDP3,0.24691666666666667
NVT-WZU9Z533B43D,0.24691666666666667
NVT-85CM2LNGYNL8,0.24691666666666667
NVT-G2KUREPGHWTY,0.24691666666666667
NVT-9SD9U8ASNC85,0.24691666666666667
NVT-7VLPDRXZ8ARE,0.24691666666666667
NVT-3D93KF6LJ3KF,0.24691666666666667
NVT-RH9FHPVLFFJF,0.24691666666666667
NVT-GQ7YUB67YDV6,0.24691666666666667
NVT-6QPYE4D2FNY7,0.24691666666666667
NVT-YS8FWD286D3A,0.24691666666666667
NVT-HKGQFH7JGSPL,0.24691666666666667
NVT-MBVEXX26QV6E,0.24691666666666667
NVT-UU2D3ZG8N48Z,0.24691666666666667
NVT-UZ38P5MX92BZ,0.24691666666666667
NVT-EFWT3U6VTDPX,0.24691666666666667
NVT-KE2L56X8GBTM,0.24691666666666667
NVT-VPX73EHGWAZ4,0.24691666666666667
NVT-RG654L8J8LC7,0.24691666666666667
NVT-57MCACCEQABA,0.24691666666666667
NVT-9ASVZU9V78S8,0.24691666666666667
NVT-BY74TAF6A836,0.24691666666666667
NVT-LBCFGEGALYJC,0.24691666666666667
NVT-BPF7AWKZW8PD,0.24691666666666667
NVT-LXZYD8CBTMZ2,0.24691666666666667
NVT-67LS7BUK7M7W,0.24691666666666667
NVT-DF74JZB42SEM,0.24691666666666667
NVT-KKW3NF57QNQU,0.24691666666666667
NVT-5RPERXDRSRB6,0.24691666666666667
NVT-V68F3W7Q9EZE,0.24691666666666667
NVT-DTHZZY7YJY3L,0.24691666666666667
NVT-JCS8YV6F95VL,0.24691666666666667
NVT-FHBABX4H543Q,0.24691666666666667
NVT-VT3TQ4MVZUSY,0.24691666666666667
NVT-6TWGD7ZQ7NHW,0.24691666666666667
NVT-MRRGC8PRK7AN,0.24691666666666667
NVT-C27HJTHT4EBH,0.24691666666666667
NVT-52RZBH5W455L,0.24691666666666667
NVT-LP3UURBKLJCZ,0.24691666666666667
NVT-K22LX7JR8R46,0.24691666666666667
NVT-DQVNLU9745WJ,0.24691666666666667
NVT-KMPG4KQUAAWU,0.24691666666666667
NVT-CLYVMQTB9TNL,0.24691666666666667
NVT-DD8ZSLRFGEAJ,0.24691666666666667
NVT-9UAZMRZX98WM,0.24691666666666667
NVT-WG6HUYWJAQVA,0.24691666666666667
NVT-28W3C2XTJT3K,0.24691666666666667
NVT-5E5TUBV2C8KR,0.24691666666666667
NVT-KQ5CNBQCSP8W,0.24691666666666667
NVT-NCDBXZSZZBFH,0.24691666666666667
NVT-PADXZKS2E42S,0.24691666666666667
NVT-5FKZVCN8BZQX,0.24691666666666667
NVT-ZZU3SM9929YE,0.24691666666666667
NVT-CSL596QMG47Y,0.24691666666666667
NVT-2EWFNJSFL747,0.24691666666666667
NVT-49WKYBN2YTMT,0.24691666666666667
NVT-JM8477FHRNRM,0.24691666666666667
NVT-Q4QZ8J6KKCZ4,0.24691666666666667
NVT-F83PKD7NVVYH,0.24691666666666667
NVT-CTT28SKHX695,0.24691666666666667
NVT-MCM7MECFRMBN,0.24691666666666667
NVT-MCM2P7NTEC4V,0.24691666666666667
NVT-7TVVD5UZSMPG,0.24691666666666667
NVT-SF7K448C5YS6,0.24691666666666667
NVT-FHMS475V5C9L,0.24691666666666667
NVT-XL7P3LQEZBTN,0.24691666666666667
NVT-264HYKW5UAXG,0.24691666666666667
NVT-X442EUK3Z4ZQ,0.24691666666666667
NVT-BMCPA4TXA7KE,0.24691666666666667
NVT-EDA58RFF2MAB,0.24691666666666667
NVT-ZYE9QFBWNCVS,0.24691666666666667
NVT-4NC3378F2YZA,0.24691666666666667
NVT-6RTSTNAGFCZZ,0.24691666666666667
NVT-XGEPHLZDM6XU,0.24691666666666667
NVT-STNYMWDG4Y33,0.24691666666666667
NVT-Y9V465VA8NWJ,0.24691666666666667
NVT-PN26X6BEWHU5,0.24691666666666667
NVT-TNX9CLQ544P6,0.24691666666666667
NVT-AYGG39QSSP38,0.24691666666666667
NVT-DB8T53FX4B35,0.24691666666666667
NVT-F2ATC4ZLUH8L,0.24691666666666667
NVT-87DNCAC8PMRB,0.24691666666666667
NVT-RADE4YBST4WM,0.24691666666666667
NVT-NTJDBERR7PZG,0.24691666666666667
NVT-9LJ2MKXZEKPZ,0.24691666666666667
NVT-77EY5CJQU9VG,0.24691666666666667
NVT-UKVSVHPWSNWL,0.24691666666666667
NVT-SDJESCTN4A9W,0.24691666666666667
NVT-G4VVK3UHVZ2A,0.24691666666666667
NVT-CPC9JUNKGRY3,0.24691666666666667
NVT-LZVVR7JKMKZW,0.24691666666666667
NVT-AJKC84GRUY3A,0.24691666666666667
NVT-KZSEAN6WMFK9,0.24691666666666667
NVT-YEJR5WEDY9XG,0.24691666666666667
NVT-2BWM6SD9YSVS,0.24691666666666667
NVT-TKMZT9MLRK4K,0.24691666666666667
NVT-NP7UBDM9JVQA,0.24691666666666667
NVT-4ZQUNY3XQ27U,0.24691666666666667
NVT-84JPMTKVLMCZ,0.24691666666666667
NVT-L6BXP6DGA638,0.24691666666666667
NVT-U7X4P58ETZAE,0.24691666666666667
NVT-TYDLKW7R7M2E,0.24691666666666667
NVT-3WNQADULYJB3,0.24691666666666667
NVT-9XD82G6GSLZH,0.24691666666666667
NVT-MJLVZZRZD83S,0.24691666666666667
NVT-P4ZTL7DCTFZT,0.24691666666666667
NVT-NBJSF6Q9ZALX,0.24691666666666667
NVT-VLGXFZRVD698,0.24691666666666667
NVT-RAZTUHEAUDNP,0.24691666666666667
NVT-6L64SF3HARE5,0.24691666666666667
NVT-GMA4FJVA4Q44,0.24691666666666667
NVT-LJQ2MGTQ32E8,0.24691666666666667
NVT-FKVHEDLJN86W,0.24691666666666667
NVT-YNYGXHALNDVR,0.24691666666666667
NVT-LPL7PEW65YS2,0.24691666666666667
NVT-AMPA7BWP656X,0.24691666666666667
NVT-CBMPJNP74N2S,0.24691666666666667
NVT-8Y4T2PY45Z5U,0.24691666666666667
NVT-Y5NAJY5JPS5D,0.24691666666666667
NVT-YSM3L6QV67D4,0.24691666666666667
NVT-EUNPBKGGJR34,0.24691666666666667
NVT-SJE5KGBREKM3,0.24691666666666667
NVT-DWJ4SP684FRR,0.24691666666666667
NVT-6SNQHQJR5UWW,0.24691666666666667
NVT-QSD2UJ8439JN,0.24691666666666667
NVT-4DPVXYPFJL7L,0.24691666666666667
NVT-3P7UFKNE27XY,0.24691666666666667
NVT-SRFFM2Y5ZS92,0.24691666666666667
NVT-VECREYZYU824,0.24691666666666667
NVT-Z77MJ39L9B8Z,0.24691666666666667
NVT-W7UL3BKW8ZGZ,0.24691666666666667
NVT-837CXCUHJN2L,0.24691666666666667
NVT-MRUPV9824WLX,0.24691666666666667
NVT-NPCN45TH872X,0.24691666666666667
NVT-P3FMEKPPVAFN,0.24691666666666667
NVT-DTPAAFYCRNYH,0.24691666666666667
NVT-E5L2JXRRUHEP,0.24691666666666667
NVT-D7HJWM4H7UZV,0.24691666666666667
NVT-YWX4LMQU9SGM,0.24691666666666667
NVT-GPFF9VBKF7UD,0.24691666666666667
NVT-Z2QQKJC4AVLU,0.24691666666666667
NVT-WGUNDXSG35S3,0.24691666666666667
NVT-R3Q6BYRY9VG6,0.24691666666666667
NVT-8N8XGHJ4CZTA,0.24691666666666667
NVT-RJ345TBXDEHK,0.24691666666666667
NVT-UEBL5RU8CURM,0.24691666666666667
NVT-G7JUC87MCJNM,0.24691666666666667
NVT-FF3E2QQJ96SP,0.24691666666666667
NVT-5ZUYGVSBF3PL,0.24691666666666667
NVT-3ET2RKYERBB2,0.24691666666666667
NVT-XH6BGUQD5GTA,0.24691666666666667
NVT-2CKC5LFBUPV7,0.24691666666666667
NVT-U7S94BHTA6YN,0.24691666666666667
NVT-L8SFBZ5SW2TR,0.24691666666666667
NVT-Q6L7AS75FDAW,0.24691666666666667
NVT-ZBVXXZ7JY8EW,0.24691666666666667
NVT-VN5GDX7PTRU4,0.24691666666666667
NVT-MQQFMXSVP3YS,0.24691666666666667
NVT-8U29ABPM23X5,0.24691666666666667
NVT-Z38GHNNLYR5L,0.24691666666666667
NVT-NV7HC3R3Z7VL,0.24691666666666667
NVT-DZ76R5DWHXFG,0.24691666666666667
NVT-AHQTJM5WRXR5,0.24691666666666667
NVT-VEJB9ENQFYHG,0.24691666666666667
NVT-Z63TGAV23H3L,0.24691666666666667
NVT-2MZBQ5D67BL9,0.24691666666666667
NVT-TWWXN9L9427Z,0.24691666666666667
NVT-4G4H98AGCLDR,0.24691666666666667
NVT-NFWB6KHLP4KT,0.24691666666666667
NVT-GBX26VQ2GYEJ,0.24691666666666667
NVT-HC9WWH4LQZGY,0.24691666666666667
NVT-N3ZYPUKSGC4A,0.24691666666666667
NVT-874SVN8D38LC,0.24691666666666667
NVT-VHXFCQVYRGYB,0.24691666666666667
NVT-QTRCZRX9PJXJ,0.24691666666666667
NVT-JUPYUFLYP9EZ,0.24691666666666667
NVT-GHGV7LYH5WSU,0.24691666666666667
NVT-CQLK7TTVVWF8,0.24691666666666667
NVT-CS3X6TS8Q99E,0.24691666666666667
NVT-CFU6UN6WHCNV,0.24691666666666667
NVT-PA3VDD4FHAFY,0.24691666666666667
NVT-5URX87UR96A7,0.24691666666666667
NVT-TEF6E97JGD68,0.24691666666666667
NVT-TTJB3EGRSDTY,0.24691666666666667
NVT-WHEXEBPK47JJ,0.24691666666666667
NVT-EQ5EZ3EHSEH8,0.24691666666666667
NVT-ERXK6GXQ8W9P,0.24691666666666667
NVT-PUK898HMU37F,0.24691666666666667
NVT-E2WH7JXTYPWG,0.24691666666666667
NVT-QL2F4MDSN2D2,0.24691666666666667
NVT-SB5N6RQW6BTP,0.24691666666666667
NVT-62L2DK5SF7RA,0.24691666666666667
NVT-HEFZBUFEVDCJ,0.24691666666666667
NVT-LS4W5CYBY2CX,0.24691666666666667
NVT-SSBKMSPMHC6F,0.24691666666666667
NVT-SWU7SFGW8MEN,0.24691666666666667
NVT-QT779ZCU7GXH,0.24691666666666667
NVT-NVA9MYUTM48S,0.24691666666666667
NVT-4LKWKGU2ANTT,0.24691666666666667
NVT-B93RCVN6297B,0.24691666666666667
NVT-2SDFQZGZ9BVP,0.24691666666666667
NVT-R92YMMJFDWGV,0.24691666666666667
NVT-KLK49X2W38TQ,0.24691666666666667
NVT-PXQCWLANFV5V,0.24691666666666667
NVT-2XR4M9BRTYT9,0.24691666666666667
NVT-6D9UBNXFB37B,0.24691666666666667
NVT-MHXX5NYJEFB6,0.24691666666666667
NVT-R8G24BLQ2JAM,0.24691666666666667
NVT-CU6WJWZGA6Y8,0.24691666666666667
NVT-FZ36RMKT7VP3,0.24691666666666667
NVT-CPV5GMC5KMR5,0.24691666666666667
NVT-R97GKQ8LEUK6,0.24691666666666667
NVT-VCZECT3N6ZZX,0.24691666666666667
NVT-MKV8NXQA7BSW,0.24691666666666667
NVT-AF8S2L6U8U75,0.24691666666666667
NVT-8WVU6RSR62AY,0.24691666666666667
NVT-VKSBAUKHGRPH,0.24691666666666667
NVT-BTKAVAEHGDMK,0.24691666666666667
NVT-FDKZZDLTFZUM,0.24691666666666667
NVT-TFG7GJ4XTWVL,0.24691666666666667
NVT-CL2APWUUV7ZU,0.24691666666666667
NVT-HLQH8RYURN2N,0.24691666666666667
NVT-W933DEFNPR92,0.24691666666666667
NVT-BUS8GFVJL5ZQ,0.24691666666666667
NVT-TVRBFF95RXYT,0.24691666666666667
NVT-P3CFQK7YT8H8,0.24691666666666667
NVT-JYKW39SFR3PU,0.24691666666666667
NVT-QALF5MRWTCWF,0.24691666666666667
NVT-TAR8P33VRWXX,0.24691666666666667
NVT-WV5L7V5A42MN,0.24691666666666667
NVT-3894ETAUZLDW,0.24691666666666667
NVT-PAU89Y46RX5W,0.24691666666666667
NVT-NE2CTG6EJ2E3,0.24691666666666667
NVT-E7HTAFY84B4B,0.24691666666666667
NVT-G3F6JR52JRDY,0.24691666666666667
NVT-SMDB98YEF428,0.24691666666666667
NVT-E4UFP2WY5LUP,0.24691666666666667
NVT-35AEMQTGQU5Y,0.24691666666666667
NVT-PM94Z64MFUCL,0.24691666666666667
NVT-RPYPC7CRDDCA,0.24691666666666667
NVT-NQT6ED3P4HAK,0.24691666666666667
NVT-BHM6QFVRDVEV,0.24691666666666667
NVT-65AVETJLYD83,0.24691666666666667
NVT-23WTT7HGFUAZ,0.24691666666666667
NVT-SX5KK94QTV82,0.24691666666666667
NVT-E7VDEEADJMFK,0.24691666666666667
NVT-KEESTHTHY9QS,0.24691666666666667
NVT-QKXZFVPUZNN2,0.24691666666666667
NVT-G4KD9SXF7QZ5,0.24691666666666667
NVT-AX68LY5T9LPZ,0.24691666666666667
NVT-XVZYW3G8EP6S,0.24691666666666667
NVT-7HXC39ZPD8YH,0.24691666666666667
NVT-MUF93J6TJY8Y,0.24691666666666667
NVT-ZTFH6C9KZPGP,0.24691666666666667
NVT-AKTY9J5N67BQ,0.24691666666666667
NVT-TV2L2A5T2YW4,0.24691666666666667
NVT-YVHTZSBSU7AM,0.24691666666666667
NVT-MDTWM4F3CDCL,0.24691666666666667
NVT-P4FCSQRSNNFU,0.24691666666666667
NVT-4MGV6MSFJBPJ,0.24691666666666667
NVT-F2DAXX45DT3W,0.24691666666666667
NVT-D46CPE6PA58H,0.24691666666666667
NVT-5R6Y2UW87H8V,0.24691666666666667
NVT-HY3PXLLYB53F,0.24691666666666667
NVT-3B8UJYCG2UXB,0.24691666666666667
NVT-93HNQNB58TF9,0.24691666666666667
NVT-RVAZML6A6SF2,0.24691666666666667
NVT-BKS6H8MKE9TU,0.24691666666666667
NVT-593UQZGYGYX8,0.24691666666666667
NVT-9BHFZCXWFAQ6,0.24691666666666667
NVT-HW3YUJJNWEJN,0.24691666666666667
NVT-YWC8GE8RQ6UD,0.24691666666666667
NVT-XMZSTQZ5HUUR,0.24691666666666667
NVT-CX9VCGJRX47H,0.24691666666666667
NVT-93F34BPWNQJ3,0.24691666666666667
NVT-5SS25PAPC8SP,0.24691666666666667
NVT-D4UNJA8DXA5W,0.24691666666666667
NVT-Q8EQT5KEDD3T,0.24691666666666667
NVT-CU58S43MFQE4,0.24691666666666667
NVT-9YTSLCMZKYTY,0.24691666666666667
NVT-CRWFXWGNKQH9,0.24691666666666667
NVT-QKDEZJFAY34X,0.24691666666666667
NVT-ZMRJQA2JCQT5,0.24691666666666667
NVT-SKGULXF66VSH,0.24691666666666667
NVT-UEHMP3S7W8W3,0.24691666666666667
NVT-Y962X5J6PLMD,0.24691666666666667
NVT-K2UAW5A2LCW4,0.24691666666666667
NVT-GXBMZ4YJXJUR,0.24691666666666667
NVT-GX7KMT86XKXB,0.24691666666666667
NVT-PXV4664GK484,0.24691666666666667
NVT-249HFXGA7RFA,0.24691666666666667
NVT-6R3VJV6UWAC7,0.24691666666666667
NVT-BUEJE7ZTRSXU,0.24691666666666667
NVT-BJEWTMNASXSR,0.24691666666666667
NVT-58H9FJRWPBP2,0.24691666666666667
NVT-ZJWL8V5KC2XF,0.24691666666666667
NVT-SV245J8PQUQU,0.24691666666666667
NVT-8KAA3F3DERA5,0.24691666666666667
NVT-37JV89AFJ64W,0.24691666666666667
NVT-JHYK8Z3GFW5F,0.24691666666666667
NVT-4SUNGM3NV69B,0.24691666666666667
NVT-7YT5E5WNJG6P,0.24691666666666667
NVT-CX43EM3B4EC7,0.24691666666666667
NVT-7EGASFRCMST7,0.24691666666666667
NVT-C6FHSVU9572F,0.24691666666666667
NVT-UK3SL5F5NMT3,0.24691666666666667
NVT-2ES7DWBD2RLB,0.24691666666666667
NVT-AHDQ6FQ83U2S,0.24691666666666667
NVT-7JT2TRCGQY6Y,0.24691666666666667
NVT-4JPFPCW8T9LX,0.24691666666666667
NVT-7NUTDPZ2F8R5,0.24691666666666667
NVT-ERLZDBS4ABNK,0.24691666666666667
NVT-5X9SLQWVGADG,0.24691666666666667
NVT-TRMEUZVNL4KA,0.24691666666666667
NVT-S4B3SXD4CQ3V,0.24691666666666667
NVT-WL28BYPQRKSW,0.24691666666666667
NVT-3N3MT96GLGX3,0.24691666666666667
NVT-G8TZDTT9XW3Q,0.24691666666666667
NVT-4T2Q54AUSNDF,0.24691666666666667
NVT-VTRVAYHSPBFB,0.24691666666666667
NVT-UZFQMXT9QDGB,0.24691666666666667
NVT-MP67VVF2PA97,0.24691666666666667
NVT-7QS7RJHHZ53S,0.24691666666666667
NVT-JFGT6BLEYKLS,0.24691666666666667
NVT-8K2DKAB6EDZC,0.24691666666666667
NVT-MZ5STMJTE586,0.24691666666666667
NVT-HMJTEVMTTG2D,0.24691666666666667
NVT-8HC99GDZGDYM,0.24691666666666667
NVT-F4LB9EDWD2EK,0.24691666666666667
NVT-54JDQX7D9CT2,0.24691666666666667
NVT-5Q3DEEQLWHHF,0.24691666666666667
NVT-696TZXM89TS2,0.24691666666666667
NVT-GC6BRGLPLSHZ,0.24691666666666667
NVT-U8C689FQQCS5,0.24691666666666667
NVT-LBZ4W5VUVF5L,0.24691666666666667
NVT-Z8U6AUGP9MCZ,0.24691666666666667
NVT-66RT9CFFRTVB,0.24691666666666667
NVT-2JV5D6QK3BDL,0.24691666666666667
NVT-UEJU5BWVQTK2,0.24691666666666667
NVT-8P95CQNAN4ME,0.24691666666666667
NVT-JRAYHMMREZCV,0.24691666666666667
NVT-LGYB2AVUFFEP,0.24691666666666667
NVT-MEGSE9WLCAR4,0.24691666666666667
NVT-LKVBPEMPJBKL,0.24691666666666667
NVT-65U34F7PPGGF,0.24691666666666667
NVT-NF37ZRF9XYTM,0.24691666666666667
NVT-UVC6J5B53LXQ,0.24691666666666667
NVT-Z7JDWBBMDHGN,0.24691666666666667
NVT-FJ8VJCHP277R,0.24691666666666667
NVT-CYSJ8U2RNZ3G,0.24691666666666667
NVT-MXNTMLFE5DYD,0.24691666666666667
NVT-YLNXUMW5Q3LG,0.24691666666666667
NVT-8Q5Q7WHDNLN3,0.24691666666666667
NVT-K94VM72B2MEM,0.24691666666666667
NVT-3P92EYNBVBLL,0.24691666666666667
NVT-TC7QYVKAGFEA,0.24691666666666667
NVT-ASYX98EE3EV9,0.24691666666666667
NVT-5XD8C4RKRML3,0.24691666666666667
NVT-B8SWF7J5KL5J,0.24691666666666667
NVT-B3S8EQDSLC48,0.24691666666666667
NVT-WTSRP6J5FD3Q,0.24691666666666667
NVT-7DZ9SX2L8CDN,0.24691666666666667
NVT-UKRWMCXUAYT5,0.24691666666666667
NVT-9WRSUGB9JK7L,0.24691666666666667
NVT-59JNFGR693WL,0.24691666666666667
NVT-3ZGCH7ES3YYG,0.24691666666666667
NVT-N6AKQRTWL6SZ,0.24691666666666667
NVT-N2DJG7Y7D85C,0.24691666666666667
NVT-JG65TNBR7R8W,0.24691666666666667
NVT-4RPD53XPL5PP,0.24691666666666667
NVT-KAR3VDMYBQKT,0.24691666666666667
NVT-AAZ8XLRNL3SZ,0.24691666666666667
NVT-Y8UD4NHYPMBG,0.24691666666666667
NVT-FDMWVR5SCWDA,0.24691666666666667
NVT-762GFU8YJZDU,0.24691666666666667
NVT-ADJ6CMCEWQQX,0.24691666666666667
NVT-6A3KQ33LQGFT,0.24691666666666667
NVT-JLHN4MWH8XGP,0.24691666666666667
NVT-EQ2KCHZBS9T7,0.24691666666666667
NVT-4GCLD3Q49WVT,0.24691666666666667
NVT-8DBMF24JDWE6,0.24691666666666667
NVT-PGWBDS8HG5YG,0.24691666666666667
NVT-8VXMAXTDYVC4,0.24691666666666667
NVT-TBMV8QZUXZKK,0.24691666666666667
NVT-AD2SL8FSKJV6,0.24691666666666667
NVT-YD53KCYGL3TE,0.24691666666666667
NVT-FAW2TC3BH5ZN,0.24691666666666667
NVT-D6N8NJ2HDG6G,0.24691666666666667
NVT-FY42CSGQ6QTG,0.24691666666666667
NVT-U35L69TN7UUX,0.24691666666666667
NVT-KGQ8ZRPM3UUX,0.24691666666666667
NVT-XGFBGMHDEGSR,0.24691666666666667
NVT-G77D4YACBUEL,0.24691666666666667
NVT-D62VCWA5PTLM,0.24691666666666667
NVT-UNFFUPJRQV3D,0.24691666666666667
NVT-QUQEGX733YYT,0.24691666666666667
NVT-SEXFRDN6KXLE,0.24691666666666667
NVT-LUZNBVLQFSE3,0.24691666666666667
NVT-3VSYP2HFMPE5,0.24691666666666667
NVT-NHWXDDX6PZAN,0.24691666666666667
NVT-YTG45R477ECC,0.24691666666666667
NVT-FA35CJJMARUS,0.24691666666666667
NVT-8D2FZKQV4Y3N,0.24691666666666667
NVT-RH9LALD29SYG,0.24691666666666667
NVT-UC7D8S9RS5FD,0.24691666666666667
NVT-TRVB5HM9A5QZ,0.24691666666666667
NVT-WENN76KC5KEL,0.24691666666666667
NVT-UL74TMK66RG5,0.24691666666666667
NVT-AKVRQQB9ZVMB,0.24691666666666667
NVT-ZJXMXUGAVJZT,0.24691666666666667
NVT-HQTV84ZAUW4L,0.24691666666666667
NVT-CYAPA49GUSQ7,0.24691666666666667
NVT-CJCNDWCG9PK9,0.24691666666666667
NVT-ST3YWYRS7U66,0.24691666666666667
NVT-B9HS76LVAKQJ,0.24691666666666667
NVT-YDN2NE3BDAGV,0.24691666666666667
NVT-M2NWVSEM83U8,0.24691666666666667
NVT-PULJPR3DW8QR,0.24691666666666667
NVT-74MFE6VVN84J,0.24691666666666667
NVT-YGML38ZLZBYJ,0.24691666666666667
NVT-JU24UF5A4JMJ,0.24691666666666667
NVT-X5X953W65NXT,0.24691666666666667
NVT-A3876Y6ZJZ3W,0.24691666666666667
NVT-4B6BUNU92LRD,0.24691666666666667
NVT-9VMU3434G8FR,0.24691666666666667
NVT-VS3MJCMHNS4B,0.24691666666666667
NVT-AK2QF7ZSZUNR,0.24691666666666667
NVT-MVFPZJ9QE9UV,0.24691666666666667
NVT-DU54253K3Q8G,0.24691666666666667
NVT-MGA4C4HYM3FT,0.24691666666666667
NVT-4KJRDAJXVLGL,0.24691666666666667
NVT-EDF59FYD4ZCL,0.24691666666666667
NVT-P6U6KBRA5M2Z,0.24691666666666667
NVT-MHXLHP5MAJVN,0.24691666666666667
NVT-B3CDPZ2C32K5,0.24691666666666667
NVT-5T5MEDB9A3ZV,0.24691666666666667
NVT-HPHT66NSCAXQ,0.24691666666666667
NVT-QF4KSA97AQD5,0.24691666666666667
NVT-WDH3GETJYV76,0.24691666666666667
NVT-AX8V8HPLZBKC,0.24691666666666667
NVT-N3DY6C2VCWTV,0.24691666666666667
NVT-23N4YHJMPAMK,0.24691666666666667
NVT-6857S3VRXPK7,0.24691666666666667
NVT-CW3ZAKFMN8MH,0.24691666666666667
NVT-AJJE39G56CRL,0.24691666666666667
NVT-562XFXQ9RXUX,0.24691666666666667
NVT-28S7HR6XZA7T,0.24691666666666667
NVT-WBK3GVVG7QTL,0.24691666666666667
NVT-T89J22ZA4ENH,0.24691666666666667
NVT-NK25ABE8HE79,0.24691666666666667
NVT-MBM78KNGZKXE,0.24691666666666667
NVT-ZNHRXWNRDCGW,0.24691666666666667
NVT-FYL7SRZSDZ8T,0.24691666666666667
NVT-32MEBLCDV4DZ,0.24691666666666667
NVT-9NJBW36JL3MU,0.24691666666666667
NVT-YNTU7YKQ3WVD,0.24691666666666667
NVT-QTAEKL55HUMF,0.24691666666666667
NVT-9RUK9685C3TG,0.24691666666666667
NVT-7VPEQ5EPCYSG,0.24691666666666667
NVT-DTUBJES4GM6H,0.24691666666666667
NVT-J7K2PDSDALX8,0.24691666666666667
NVT-DLAG3YD5EPS2,0.24691666666666667
NVT-4BE5W9DQ4C46,0.24691666666666667
NVT-32NMU98W9CYC,0.24691666666666667
NVT-UBJXU3AJKXQ2,0.24691666666666667
NVT-8JHBBGRLSJ3D,0.24691666666666667
NVT-K9Y6G9Y7KK3K,0.24691666666666667
NVT-AE27JAANURKC,0.24691666666666667
NVT-FEJNL4AB6C8P,0.24691666666666667
NVT-2MVH7FZTTDZ7,0.24691666666666667
NVT-94LCG8EC4JWP,0.24691666666666667
NVT-YZPR93VV9EB3,0.24691666666666667
NVT-SPPZTYMYTF2B,0.24691666666666667
NVT-XF65LUTM4PSY,0.24691666666666667
NVT-F6428S93XBQA,0.24691666666666667
NVT-JBRAX7PSDDX2,0.24691666666666667
NVT-UZ5W2DC83SB2,0.24691666666666667
NVT-68EFPXD752L9,0.24691666666666667
NVT-K7PERUVRWWYU,0.24691666666666667
NVT-LRVQDFLESEFF,0.24691666666666667
NVT-EHBVHKH2A9F7,0.24691666666666667
NVT-C56VGECDX5Y6,0.24691666666666667
NVT-47ULS372QWQW,0.24691666666666667
NVT-QNF6VT2AAGNA,0.24691666666666667
NVT-W9PU5N8Z9S5A,0.24691666666666667
NVT-E3YFP66VM4LM,0.24691666666666667
NVT-RS3LKPGWF2Z2,0.24691666666666667
NVT-UYVJJBUV6DU4,0.24691666666666667
NVT-G7XVM2CPL27C,0.24691666666666667
NVT-9WVPMNJUSQ7S,0.24691666666666667
NVT-RB7EPFMP55S8,0.24691666666666667
NVT-BVZ7UNBD63PG,0.24691666666666667
NVT-E438GMDP6K2P,0.24691666666666667
NVT-NRPBF9SHBPM5,0.24691666666666667
NVT-XTYGEZJG5KDC,0.24691666666666667
NVT-FXL78EMSDRRZ,0.24691666666666667
NVT-KF7VAH2RYFCH,0.24691666666666667
NVT-MX827QD86NZB,0.24691666666666667
NVT-RRV3RVCKEY95,0.24691666666666667
NVT-KR696F8NRG95,0.24691666666666667
NVT-4WVHXUHM528N,0.24691666666666667
NVT-EANKK4H3KUTT,0.24691666666666667
NVT-WZ6EHDRLXVPG,0.24691666666666667
NVT-2G2QG3Q4WQHC,0.24691666666666667
NVT-6RPVY5MJYRPC,0.24691666666666667
NVT-6NM4AYXNZ7DZ,0.24691666666666667
NVT-G9Q3845KWPGG,0.24691666666666667
NVT-6CY4ZYAHNY7V,0.24691666666666667
NVT-B3KW38QZN2UC,0.24691666666666667
NVT-TAWFFHNA3S6J,0.24691666666666667
NVT-AMVBVZ5UD7SU,0.24691666666666667
NVT-RQL97GYDY2GK,0.24691666666666667
NVT-Z4BUJCJWFCLG,0.24691666666666667
NVT-J23D4R9XE3G5,0.24691666666666667
NVT-R7XU3CVE3VP7,0.24691666666666667
NVT-DG4GVX4MESS5,0.24691666666666667
NVT-6FVTZ2FTZG4A,0.24691666666666667
NVT-JKWP59JBJJ34,0.24691666666666667
NVT-7TA75F8G985L,0.24691666666666667
NVT-629RKLMX595F,0.24691666666666667
NVT-U5TBZQSR3S93,0.24691666666666667
NVT-K7E5K6UDAF8A,0.24691666666666667
NVT-EME3LS4KP372,0.24691666666666667
NVT-5DM7LFDSZZGW,0.24691666666666667
NVT-SM4CGGCCVNYS,0.24691666666666667
NVT-GZSCQX4F3CZQ,0.24691666666666667
NVT-X7SU3U668FYL,0.24691666666666667
NVT-A3U52ZVNB7NT,0.24691666666666667
NVT-FK2SLPA39HT6,0.24691666666666667
NVT-WCKPH78M64PG,0.24691666666666667
NVT-ARUAMKHGJWBG,0.24691666666666667
NVT-3S3K2PTMAPNG,0.24691666666666667
NVT-AX4E4W6MQSLW,0.24691666666666667
NVT-XX2EAR26JL7G,0.24691666666666667
NVT-BNU8EL5Q93XR,0.24691666666666667
NVT-Q47SL4V2S4XS,0.24691666666666667
NVT-WAKXL65562Q2,0.24691666666666667
NVT-GWSWJR2M6XRC,0.24691666666666667
NVT-5W5824655KR9,0.24691666666666667
NVT-ATK3HTHKJLDK,0.24691666666666667
NVT-Y5R5TEENU5UN,0.24691666666666667
NVT-MTL7G958NCZQ,0.24691666666666667
NVT-VWAPJML9CSJF,0.24691666666666667
NVT-7GJM5ZGTBCST,0.24691666666666667
NVT-FVCZ8V8AMC96,0.24691666666666667
NVT-MJKB9VV33PGF,0.24691666666666667
NVT-SZZ8732JGN9Z,0.24691666666666667
NVT-TES96E4CRL8G,0.24691666666666667
NVT-U5W4TPCK3MLV,0.24691666666666667
NVT-CK92PHMXU5F3,0.24691666666666667
NVT-H2LAMX54WGQ6,0.24691666666666667
NVT-TLAA9G8D679U,0.24691666666666667
NVT-LRAP93UKJ7SJ,0.24691666666666667
NVT-R5M5DTFHRFGX,0.24691666666666667
NVT-B7LLCM7EUDR7,0.24691666666666667
NVT-8GNJCXMSUNEQ,0.24691666666666667
NVT-QYPBJZTYWMNZ,0.24691666666666667
NVT-DAPSRWZ25MV7,0.24691666666666667
NVT-A9AZ7ZUQLF6Q,0.24691666666666667
NVT-ZMC4GVRRS2SM,0.24691666666666667
NVT-RVK4BDCBWVZE,0.24691666666666667
NVT-KV4GNWG52JNE,0.24691666666666667
NVT-GUW8QSBFV3C5,0.24691666666666667
NVT-NDAW7KVYKDBQ,0.24691666666666667
NVT-7R97UCWPNKXZ,0.24691666666666667
NVT-NDHW38HAWCVG,0.24691666666666667
NVT-AHU6G52Z7YDT,0.24691666666666667
NVT-FNMWFVNDARGJ,0.24691666666666667
NVT-SQRQHHNMZNZ8,0.24691666666666667
NVT-U8EE362E3C6Z,0.24691666666666667
NVT-XBHRXXFRCBBP,0.24691666666666667
NVT-KEZLU6KQF7RH,0.24691666666666667
NVT-SZLQ8YNTQ26Q,0.24691666666666667
NVT-GFZ8YNUA6U8L,0.24691666666666667
NVT-MKYYN6GX4WUP,0.24691666666666667
NVT-9A6C7TELSBZ7,0.24691666666666667
NVT-AWMLJMGEDJS9,0.24691666666666667
NVT-DJRC3F29DVD9,0.24691666666666667
NVT-UNEBNEC6MBRM,0.24691666666666667
NVT-WBQHT2BBJPLB,0.24691666666666667
NVT-4VU9R5SV7VKJ,0.24691666666666667
NVT-UZHHUUKCF284,0.24691666666666667
NVT-PNGEFKFTKP8G,0.24691666666666667
NVT-HLUZ5PD6Z8XB,0.24691666666666667
NVT-FNXJ8P5M6AWQ,0.24691666666666667
NVT-5ZBTCSXE8MJA,0.24691666666666667
NVT-BVLHD7P7WAJE,0.24691666666666667
NVT-TR46C4TH39BJ,0.24691666666666667
NVT-FQASPB3U5TVC,0.24691666666666667
NVT-7HBCHBHRWT4P,0.24691666666666667
NVT-FTBYGEKW4C73,0.24691666666666667
NVT-9FAEJLFWTKPW,0.24691666666666667
NVT-V9JUDN8FSJMT,0.24691666666666667
NVT-T4LVYVDCPS2L,0.24691666666666667
NVT-DKU5V3M9EKCY,0.24691666666666667
NVT-ZNTJJNDWCQHG,0.24691666666666667
NVT-W36A7VUX8YLF,0.24691666666666667
NVT-ZAWZTMSXB4C2,0.24691666666666667
NVT-F2UP4Q8436ZY,0.24691666666666667
NVT-7QDPHTR7ZGJM,0.24691666666666667
NVT-CTWC88BM4YR3,0.24691666666666667
NVT-79BNP3NTLLCP,0.24691666666666667
NVT-FJ9SEVZEXYFG,0.24691666666666667
NVT-NUHZ8DE6DX3A,0.24691666666666667
NVT-9C4BCDFFT3LK,0.24691666666666667
NVT-ZHEFZ66KL2NA,0.24691666666666667
NVT-RTYWQGSJMSG8,0.24691666666666667
NVT-HBFBC4PMZH6Y,0.24691666666666667
NVT-NY23WFEMW7DJ,0.24691666666666667
NVT-C9KMC9X6FBM4,0.24691666666666667
NVT-VVW3FMHM9N3D,0.24691666666666667
NVT-R7FG8Y5PKRUK,0.24691666666666667
NVT-TDTTLELNK96Q,0.24691666666666667
NVT-ALY5MMXYM9ZS,0.24691666666666667
NVT-FFKAWLF9S4B9,0.24691666666666667
NVT-KW5P8VSPKTTS,0.24691666666666667
NVT-7WT29YLF9ZNX,0.24691666666666667
NVT-ULZN463LYZGX,0.24691666666666667
NVT-2MT2MNA76JCP,0.24691666666666667
NVT-J724ASW3FD9B,0.24691666666666667
NVT-QWTMCAPUNST9,0.24691666666666667
NVT-NPGLLJ7KXYPM,0.24691666666666667
NVT-TATT9Y56L4N5,0.24691666666666667
NVT-LK9NJMY288QQ,0.24691666666666667
NVT-65M8VGRMAWGY,0.24691666666666667
NVT-MYUTMQTQ8BKQ,0.24691666666666667
NVT-2J93BMDHGWZR,0.24691666666666667
NVT-27A3J2ZTJ43N,0.24691666666666667
NVT-BS8KNTCYLMAN,0.24691666666666667
NVT-HMM5P9YQQNHY,0.24691666666666667
NVT-UNFZMJW3YL7P,0.24691666666666667
NVT-34MPPXLVHLZ9,0.24691666666666667
NVT-ETYYHXFR46JS,0.24691666666666667
NVT-NJQAVDUPKVSK,0.24691666666666667
NVT-DUAU3Y6M9DJ7,0.24691666666666667
NVT-ARUQ7V4RNQQL,0.24691666666666667
NVT-35WUKXSYUZKT,0.24691666666666667
NVT-3GUWWA4F9XWU,0.24691666666666667
NVT-UMFMXCQPG6B6,0.24691666666666667
NVT-Z5RWJY3D5VGZ,0.24691666666666667
NVT-NNV88FC7TNED,0.24691666666666667
NVT-7MBRY5K3DFJZ,0.24691666666666667
NVT-Z5UM7YQ7EUGV,0.24691666666666667
NVT-CWN9KMAJTXXP,0.24691666666666667
NVT-DY8E8SBPHF32,0.24691666666666667
NVT-NGFS9RZCGZRE,0.24691666666666667
NVT-VNJJ877LZC5Z,0.24691666666666667
NVT-F83682NHUWQ8,0.24691666666666667
NVT-RKY4HX6A6NTM,0.24691666666666667
NVT-VTAATRKM323Z,0.24691666666666667
NVT-GM784JSLCV6Y,0.24691666666666667
NVT-TRXKMZ69H2LT,0.24691666666666667
NVT-7UEKEPSN7H5S,0.24691666666666667
NVT-KWGM9HYF5VT8,0.24691666666666667
NVT-AXJK5Z5K8ZVA,0.24691666666666667
NVT-DG97CUR6N5NY,0.24691666666666667
NVT-2FX32KBXL6TW,0.24691666666666667
NVT-DNAC3LXZWTHB,0.24691666666666667
NVT-W8ZB4Z8B56KU,0.24691666666666667
NVT-QF52PPL8ZEFF,0.24691666666666667
NVT-26GDL7RA3LEM,0.24691666666666667
NVT-EM4JQFRVDZFR,0.24691666666666667
NVT-39A9HHFVTATC,0.24691666666666667
NVT-39ECCSCET4X5,0.24691666666666667
NVT-AM49L56T3FH4,0.24691666666666667
NVT-BQWCCJCUK9YQ,0.24691666666666667
NVT-CNSY9HVT26VT,0.24691666666666667
NVT-TUDMS9EU7NBT,0.24691666666666667
NVT-M2KXFFAQKB5T,0.24691666666666667
NVT-2HPVZ5NFUMKB,0.24691666666666667
NVT-TW5R3ZB4M3ST,0.24691666666666667
NVT-7PRXNKGWPTXG,0.24691666666666667
NVT-JF755NZANJ7R,0.24691666666666667
NVT-TFKWGKVALD89,0.24691666666666667
NVT-6DV8LFE6P3NP,0.24691666666666667
NVT-YM2UKA2FPHVW,0.24691666666666667
NVT-9JRJ7QVSM376,0.24691666666666667
NVT-X685QUQ2PMK4,0.24691666666666667
NVT-79TP9G7VQDFH,0.24691666666666667
NVT-XGVYTXS9VWUK,0.24691666666666667
NVT-UAF7BUA5QCX5,0.24691666666666667
NVT-QR6FBKU4XEKF,0.24691666666666667
NVT-9RV6JRCUGK4A,0.24691666666666667
NVT-347LUTVXBQWD,0.24691666666666667
NVT-XPD9NX4QNRYF,0.24691666666666667
NVT-F2BVQUQ3HVTJ,0.24691666666666667
NVT-929UW6LE5T3X,0.24691666666666667
NVT-D28U8EVSFXH2,0.24691666666666667
NVT-3L3PH5PKDTPT,0.24691666666666667
NVT-7QE8WS2NLXWA,0.24691666666666667
NVT-H9J79AD4QV2U,0.24691666666666667
NVT-8J7E9CMHQNXC,0.24691666666666667
NVT-NDF4A5MP9BRG,0.24691666666666667
NVT-KXX4MLLWAU36,0.24691666666666667
NVT-GMSLGCL9PA79,0.24691666666666667
NVT-R3H4BP3KHJDF,0.24691666666666667
NVT-PECXFUT2A69D,0.24691666666666667
NVT-UDHCPENBMKRA,0.24691666666666667
NVT-J6JMW9M2YJVD,0.24691666666666667
NVT-AFDGPS9H6YUP,0.24691666666666667
NVT-AALA5H5S84C2,0.24691666666666667
NVT-EADVXFC2ZV9A,0.24691666666666667
NVT-JYEHEPUGT3PG,0.24691666666666667
NVT-EA5W4S4NKSR2,0.24691666666666667
NVT-NKTS9DDEEK5T,0.24691666666666667
NVT-S4PLLJDUJMYG,0.24691666666666667
NVT-9C8QPVFUAW8M,0.24691666666666667
NVT-9ZTA6QH38PDE,0.24691666666666667
NVT-DQ426SVEA8BE,0.24691666666666667
NVT-J49828PRQR6K,0.24691666666666667
NVT-VDFK4U4Z8233,0.24691666666666667
NVT-7V7VKWWR2X6W,0.24691666666666667
NVT-HCXEG5RCM9RD,0.24691666666666667
NVT-N4CQ37UEX6P9,0.24691666666666667
NVT-S5Y48TSTMXM2,0.24691666666666667
NVT-B9MBFKDECMJZ,0.24691666666666667
NVT-MH9GKDQYSUFX,0.24691666666666667
NVT-W896WEVFLEHH,0.24691666666666667
NVT-55QJPNWBLTS2,0.24691666666666667
NVT-J3XYX4N6YSKR,0.24691666666666667
NVT-WEYH6RWA7LHP,0.24691666666666667
NVT-D7KFMFDPYAUT,0.24691666666666667
NVT-XSE7RE8S5UP5,0.24691666666666667
NVT-J7979CDZRYSN,0.24691666666666667
NVT-23ZQ3T4S8QN7,0.24691666666666667
NVT-VU9AB8VE88TC,0.24691666666666667
NVT-YDTFKB2X92UB,0.24691666666666667
NVT-RJY46W5BVC3P,0.24691666666666667
NVT-J7VMJ5KBVN88,0.24691666666666667
NVT-GC2FUHTRCS6R,0.24691666666666667
NVT-TLCCM3QH9ZKF,0.24691666666666667
NVT-8SUZY96AP7W3,0.24691666666666667
NVT-XPTSPLYKGSJ8,0.24691666666666667
NVT-LB2ZNN9DF74G,0.24691666666666667
NVT-F6RKN8GH5DLE,0.24691666666666667
NVT-KNBSV52TJ7MP,0.24691666666666667
NVT-T932W9R6XCPK,0.24691666666666667
NVT-LRQVYPCJBXTQ,0.24691666666666667
NVT-NSJCQE6RALFR,0.24691666666666667
NVT-AN2NNL4372CP,0.24691666666666667
NVT-AUDYVB6KV8GC,0.24691666666666667
NVT-GUELNM6ZZEBV,0.24691666666666667
NVT-7KMB8XTGTXTT,0.24691666666666667
NVT-JVKG3WDPPQPY,0.24691666666666667
NVT-T92CTXJ8CW58,0.24691666666666667
NVT-GFCYZXDMQQUR,0.24691666666666667
NVT-GZ8FUC5GK64V,0.24691666666666667
NVT-4L6V8DWYFFJH,0.24691666666666667
NVT-ZL3DPGLUHZDG,0.24691666666666667
NVT-J55WKMQZWC5X,0.24691666666666667
NVT-9T6ADK35G9CT,0.24691666666666667
NVT-MNPEYW9NJZGL,0.24691666666666667
NVT-EXSQ6VFNDYKB,0.24691666666666667
NVT-7AXR4YHJL9KF,0.24691666666666667
NVT-XFTEYKEH2EFN,0.24691666666666667
NVT-U3Z4H9EAJZ9Z,0.24691666666666667
NVT-RFH936CSVMF8,0.24691666666666667
NVT-E5LCCM2TUYUP,0.24691666666666667
NVT-H4MFA5XZ8DNH,0.24691666666666667
NVT-5QX7X6HQRNEF,0.24691666666666667
NVT-LA3KJRSD76QK,0.24691666666666667
NVT-T5ZARFRPP8DJ,0.24691666666666667
NVT-AXXXH9JASWN3,0.24691666666666667
NVT-5TUS39FUCG59,0.24691666666666667
NVT-ENA2ZLWVAXSH,0.24691666666666667
NVT-7DLUQDWA2E8U,0.24691666666666667
NVT-FLL9QN87AL36,0.24691666666666667
NVT-QSLXRZT8UKYE,0.24691666666666667
NVT-FZKZZE745GTJ,0.24691666666666667
NVT-YN464GMMWY4M,0.24691666666666667
NVT-856A925BNBBB,0.24691666666666667
NVT-LFBDMTJ5DVZ5,0.24691666666666667
NVT-49BUMHL3LD55,0.24691666666666667
NVT-SKR8ZCLP8RMY,0.24691666666666667
NVT-NFFSQP372HC4,0.24691666666666667
NVT-DH423H3282FB,0.24691666666666667
NVT-ZXMS54XB9J7E,0.24691666666666667
NVT-9KMHDN7VBCCJ,0.24691666666666667
NVT-XULD7LXN83BY,0.24691666666666667
NVT-K3Y6C7QBLC3Q,0.24691666666666667
NVT-5QRKUQTUXU7T,0.24691666666666667
NVT-LVRBK7UQ3Y9Y,0.24691666666666667
NVT-GMRM295JMEHN,0.24691666666666667
NVT-24MZDD2FPPKJ,0.24691666666666667
NVT-86XR64ZXPW68,0.24691666666666667
NVT-YWPW3JX7JTCM,0.24691666666666667
NVT-YDFA5K5V6YSC,0.24691666666666667
NVT-TFX39UTRG3AY,0.24691666666666667
NVT-6P48X5DPR2NG,0.24691666666666667
NVT-4QQ9TGSL9WTY,0.24691666666666667
NVT-MRJUFMRQMV9X,0.24691666666666667
NVT-UR5EHN7ASDYK,0.24691666666666667
NVT-YPX44RTJS7ML,0.24691666666666667
NVT-3R8SJU4R3JSN,0.24691666666666667
NVT-PNF5KREY26FK,0.24691666666666667
NVT-PQJXPM2KM573,0.24691666666666667
NVT-4584ULMZ9Y8G,0.24691666666666667
NVT-XTHJJ94XNR38,0.24691666666666667
NVT-6SCXVZT2NU29,0.24691666666666667
NVT-YTFUJQWT7AGX,0.24691666666666667
NVT-SSJYLZHF7DGR,0.24691666666666667
NVT-8U2TRQGZYKKW,0.24691666666666667
NVT-DRTNHJZYUXG9,0.24691666666666667
NVT-3YT26NU53W3U,0.24691666666666667
NVT-XF9ZJJKVJEKW,0.24691666666666667
NVT-SPQ6X9EJ62EZ,0.24691666666666667
NVT-CFLLZ8Q5MB2D,0.24691666666666667
NVT-QSNUWLALV5XT,0.24691666666666667
NVT-VAVTU5H34LRR,0.24691666666666667
NVT-TFS6NKWTYUQR,0.24691666666666667
NVT-YCY8FNTENN8V,0.24691666666666667
NVT-HDMGHYQYUJHF,0.24691666666666667
NVT-MDUSSYQ5Z6AE,0.24691666666666667
NVT-AM6F86NGF4BR,0.24691666666666667
NVT-CKTMJRNLJAAE,0.24691666666666667
NVT-QTTW3UFSNPQJ,0.24691666666666667
NVT-DPUE5VMTX2P2,0.24691666666666667
NVT-97E5JBX2U37P,0.24691666666666667
NVT-FRSNSDSYWP43,0.24691666666666667
NVT-H58MS74BJYLG,0.24691666666666667
NVT-6YE4JGMUNCEB,0.24691666666666667
NVT-PPQVD3JZRSEC,0.24691666666666667
NVT-KUB84HNMWMMN,0.24691666666666667
NVT-GSYTTANUN632,0.24691666666666667
NVT-2NAYCXGVNLS9,0.24691666666666667
NVT-KKP6X4SYXEZ8,0.24691666666666667
NVT-DQHANQJREV5X,0.24691666666666667
NVT-NVTV3HSWJQSH,0.24691666666666667
NVT-YRTQV5QSLBQQ,0.24691666666666667
NVT-654MSEXP6DR8,0.24691666666666667
NVT-YN8VZGF9875T,0.24691666666666667
NVT-AC2XADEG92NQ,0.24691666666666667
NVT-JLWL9BSWL22M,0.24691666666666667
NVT-JXH6JMG5AKCL,0.24691666666666667
NVT-VB7ZEJ72L68N,0.24691666666666667
NVT-JLTS4LA349DJ,0.24691666666666667
NVT-2Q2FHUVV8JW4,0.24691666666666667
NVT-9987NBS2GNGK,0.24691666666666667
NVT-DVVNHE6K4ESN,0.24691666666666667
NVT-L42XNZSJY76Q,0.24691666666666667
NVT-JKJJL42SBN9Z,0.24691666666666667
NVT-AJBBZT4ZXYBZ,0.24691666666666667
NVT-J2BG53MFQVWA,0.24691666666666667
NVT-A9MGNF4B96JL,0.24691666666666667
NVT-WSTP2PFP9DM7,0.24691666666666667
NVT-V6V2L4LDSX78,0.24691666666666667
NVT-XYFH8A8BBHRM,0.24691666666666667
NVT-P9Y3MQVS5TU6,0.24691666666666667
NVT-LCZWD3Q5GWTR,0.24691666666666667
NVT-8VJN2HMLY93B,0.24691666666666667
NVT-7HF546BKCG9X,0.24691666666666667
NVT-X64A6VWQCTAD,0.24691666666666667
NVT-RERMRF52FPDK,0.24691666666666667
NVT-KVYFQ7XCGV2S,0.24691666666666667
NVT-R62E92ZPS7ZX,0.24691666666666667
NVT-43EVQTBHS7K6,0.24691666666666667
NVT-PYQVTZAQNU9A,0.24691666666666667
NVT-JTJZ9L6DTU8R,0.24691666666666667
NVT-HETEMYY5FLGY,0.24691666666666667
NVT-8YG8BCL74DJ5,0.24691666666666667
NVT-MRKCYY59JNGP,0.24691666666666667
NVT-7WERLMPSMNB3,0.24691666666666667
NVT-85TBN6A43QRC,0.24691666666666667
NVT-C2N4YZQ5TWBY,0.24691666666666667
NVT-S7YZUEHDWW97,0.24691666666666667
NVT-29QG5E2P7FJV,0.24691666666666667
NVT-RB3PQ292S7ZC,0.24691666666666667
NVT-LEQ3TLL6FBEU,0.24691666666666667
NVT-VK5H7PV6EGF7,0.24691666666666667
NVT-R9JAMBKQYHRQ,0.24691666666666667
NVT-YYMFE68YPQMB,0.24691666666666667
NVT-4QX2AH5YUJDD,0.24691666666666667
NVT-QNSDFYEBGURC,0.24691666666666667
NVT-V4HF3BV8YD9B,0.24691666666666667
NVT-XLTYU87FHA76,0.24691666666666667
NVT-LLTZF5R68QRH,0.24691666666666667
NVT-R47XV4UVL3R5,0.24691666666666667
NVT-QBSWRXNWLEJ3,0.24691666666666667
NVT-ZB5YU8TJ3HK3,0.24691666666666667
NVT-LS2VPTUEQ6UZ,0.24691666666666667
NVT-5R4XCV3LWE9C,0.24691666666666667
NVT-RW6SB2KV9G42,0.24691666666666667
NVT-U6APUV7BAGY8,0.24691666666666667
NVT-TGJJWA83X2EF,0.24691666666666667
NVT-995UZXDG6GPE,0.24691666666666667
NVT-RVRA27VFJ762,0.24691666666666667
NVT-3ATBYWAM66Z2,0.24691666666666667
NVT-EMVCUR9RA9DW,0.24691666666666667
NVT-Q4V2C65T7NPQ,0.24691666666666667
NVT-5P6MN7CQCWW6,0.24691666666666667
NVT-ANLDFXVFTL8Q,0.24691666666666667
NVT-5QHQDVL6HHM5,0.24691666666666667
NVT-TW5628WN7REC,0.24691666666666667
NVT-7VBCSHXF3CLM,0.24691666666666667
NVT-8ZNM7ZL7H4XX,0.24691666666666667
NVT-274JUAG6VKJU,0.24691666666666667
NVT-6GNNH86UHPYT,0.24691666666666667
NVT-8H4B788VUNQD,0.24691666666666667
NVT-FLLCUH2U2Q2B,0.24691666666666667
NVT-G83UREQN44LL,0.24691666666666667
NVT-UYUWA79UK6M3,0.24691666666666667
NVT-36NYQ6M9HNYH,0.24691666666666667
NVT-7HR2CUNL2LCR,0.24691666666666667
NVT-ZXV2A6CX9XHW,0.24691666666666667
NVT-72RA3E9QZFU4,0.24691666666666667
NVT-NLVKBTQFW3WD,0.24691666666666667
NVT-8VYN3B7N32QA,0.24691666666666667
NVT-B4NVC8RAWRWY,0.24691666666666667
NVT-5JDERUWN4UDP,0.24691666666666667
NVT-D3HSSLRQ3VZT,0.24691666666666667
NVT-CFA7TTCL9F8L,0.24691666666666667
NVT-BAYTGKXDGUWF,0.24691666666666667
NVT-NRXHGTFN64KB,0.24691666666666667
NVT-XPULZZX5RAJW,0.24691666666666667
NVT-PR5S2K3GP8NW,0.24691666666666667
NVT-LX4RS94P3WXH,0.24691666666666667
NVT-8LEPWNL36ZKH,0.24691666666666667
NVT-CPV44PZH5R9W,0.24691666666666667
NVT-43PRBSLUL6Q4,0.24691666666666667
NVT-62CVVBEMM2UZ,0.24691666666666667
NVT-KK7MRJJU84DZ,0.24691666666666667
NVT-GF4EFZWYTFGV,0.24691666666666667
NVT-5FVVLFDS5SBX,0.24691666666666667
NVT-QFUEXHHUKB7H,0.24691666666666667
NVT-CB4LCMU4F5X3,0.24691666666666667
NVT-2NTEFF7RSGTC,0.24691666666666667
NVT-GEJAM8ELU87K,0.24691666666666667
NVT-3J6N2HURPLMD,0.24691666666666667
NVT-K4CDWHKKTDTS,0.24691666666666667
NVT-Q4Y9VURSRCWF,0.24691666666666667
NVT-APEA7QYV3MJ8,0.24691666666666667
NVT-NPWZN47EA3JK,0.24691666666666667
NVT-NCPLY7LAZZYG,0.24691666666666667
NVT-FHX8555WYWLA,0.24691666666666667
NVT-DPBFCYP3EY7D,0.24691666666666667
NVT-26RWE8U7QQ2N,0.24691666666666667
NVT-ZLYBTXFZHKVR,0.24691666666666667
NVT-FAQMBFUP4M7X,0.24691666666666667
NVT-MPKM9QAUQS64,0.24691666666666667
NVT-7T6YQ6WUEADC,0.24691666666666667
NVT-5PPU9TGDVQGM,0.24691666666666667
NVT-HED8VXZJEZYB,0.24691666666666667
NVT-DCP9Z4KC4L2Q,0.24691666666666667
NVT-JN9FNR6YFE5B,0.24691666666666667
NVT-Q64FRSKUC57Q,0.24691666666666667
NVT-LZZF9S4R3G3H,0.24691666666666667
NVT-W9B3UUUJ9XD3,0.24691666666666667
NVT-CGTZ3QE7DXQH,0.24691666666666667
NVT-HLW4TXWT7S2Z,0.24691666666666667
NVT-56CPN2L96AVQ,0.24691666666666667
NVT-A53KU8CU5GXM,0.24691666666666667
NVT-4M3V48HTDPF3,0.24691666666666667
NVT-MGXEKE4S7XPN,0.24691666666666667
NVT-YXJRKZBRKCSY,0.24691666666666667
NVT-Z6XKQK4ZGNYV,0.24691666666666667
NVT-DB7WWQKBU2JQ,0.24691666666666667
NVT-CQVEY65V6SL5,0.24691666666666667
NVT-UK7KY4THLCSU,0.24691666666666667
NVT-UPYN2UVVUA4K,0.24691666666666667
NVT-NMAFNPFBW2CQ,0.24691666666666667
NVT-AU4C8LWHPD6Q,0.24691666666666667
NVT-RR2GY8RKN46T,0.24691666666666667
NVT-2CCKETS6M4K5,0.24691666666666667
NVT-6YVJZQHMMDE3,0.24691666666666667
NVT-T2J28QZK2ZDJ,0.24691666666666667
NVT-8XD2U7W48R4C,0.24691666666666667
NVT-K5APABXY8HV2,0.24691666666666667
NVT-QUL9P36S88BT,0.24691666666666667
NVT-W5AXFS2MNEWG,0.24691666666666667
NVT-F8Z7FYFVGRQM,0.24691666666666667
NVT-MMYMB2DU9MUX,0.24691666666666667
NVT-WDLMKD9R226C,0.24691666666666667
NVT-V93UYXV8WFBC,0.24691666666666667
NVT-3UDZWECGES84,0.24691666666666667
NVT-UCLBWHZP7UQH,0.24691666666666667
NVT-T8ZZXH57R2SY,0.24691666666666667
NVT-9MWKMFNEQGWZ,0.24691666666666667
NVT-PQBMFN7R84KQ,0.24691666666666667
NVT-Z2DMSLXK4K26,0.24691666666666667
NVT-GRCN4AU3NA7F,0.24691666666666667
NVT-3CSESQ8LZMAK,0.24691666666666667
NVT-8G2VKH3K29NN,0.24691666666666667
NVT-E8R3Q2SQUVES,0.24691666666666667
NVT-SFNSEZZNSBJL,0.24691666666666667
NVT-CE29LVMMYR7Y,0.24691666666666667
NVT-72XVUP9G3EXZ,0.24691666666666667
NVT-GTYCT4CAUZW3,0.24691666666666667
NVT-UFQCEMVNPCMW,0.24691666666666667
NVT-XGYLYNYVXT44,0.24691666666666667
NVT-KMF6S3EJ7ALZ,0.24691666666666667
NVT-5DJ8UZYL5NY8,0.24691666666666667
NVT-2SSKD7K5VU7E,0.24691666666666667
NVT-F46TEAZGSTR8,0.24691666666666667
NVT-Y4MJCDPYEQ7D,0.24691666666666667
NVT-J2WXWP8KPYL6,0.24691666666666667
NVT-HXK7NNN4WEJR,0.24691666666666667
NVT-95VGD6D6843V,0.24691666666666667
NVT-UV76E8F8RUDE,0.24691666666666667
NVT-62C696XJYEXS,0.24691666666666667
NVT-KYQQZV3EWD35,0.24691666666666667
NVT-EKYWQEQTXBPN,0.24691666666666667
NVT-7VGFLHCNDHDL,0.24691666666666667
NVT-KB75CVK3PV9D,0.24691666666666667
NVT-V3UUEB9JZLLJ,0.24691666666666667
NVT-8TZE8BYV345G,0.24691666666666667
NVT-X5GUQ7WXHDDV,0.24691666666666667
NVT-8GM7EAUFWUFB,0.24691666666666667
NVT-C8UATLKYJ67M,0.24691666666666667
NVT-5269LHXKWDFK,0.24691666666666667
NVT-5LMFG4SANZVW,0.24691666666666667
NVT-JU2LG5TD4GTD,0.24691666666666667
NVT-5G3MZUUF5XMB,0.24691666666666667
NVT-F63N7Q9HQWUQ,0.24691666666666667
NVT-MR9SXXVZKEQR,0.24691666666666667
NVT-THKK352GG3KD,0.24691666666666667
NVT-9UXQKZ6UY46W,0.24691666666666667
NVT-DT8H7X56PASQ,0.24691666666666667
NVT-7383ULKLR7LF,0.24691666666666667
NVT-AM87Y6XTXEN9,0.24691666666666667
NVT-8S3ZFX38NHC3,0.24691666666666667
NVT-EWDXXHBPZS58,0.24691666666666667
NVT-3R2SGRKHP4LZ,0.24691666666666667
NVT-BRBLE7DE29E3,0.24691666666666667
NVT-BHN5ER3REMMU,0.24691666666666667
NVT-E5TJUBQJYC7F,0.24691666666666667
NVT-LGUK5J5U4UVQ,0.24691666666666667
NVT-LZJNM5PNJXPX,0.24691666666666667
NVT-V9K8R8BN42MG,0.24691666666666667
NVT-V4JPQ5BDN5KH,0.24691666666666667
NVT-SX63YGRFZECQ,0.24691666666666667
NVT-38YDEX656DQK,0.24691666666666667
NVT-RRZNU8K5PNGL,0.24691666666666667
NVT-TB23HR6TA5CY,0.24691666666666667
NVT-5AA8Y2334C3L,0.24691666666666667
NVT-US6MA7JXLGE4,0.24691666666666667
NVT-MKG5Y36DNCS8,0.24691666666666667
NVT-64VARLQ6W7R6,0.24691666666666667
NVT-VZD3CV57R6E6,0.24691666666666667
NVT-RSJSFNP3AWYY,0.24691666666666667
NVT-J7LTW3EXHG4L,0.24691666666666667
NVT-YRZV675SXJES,0.24691666666666667
NVT-EJ8NAYKRA2CK,0.24691666666666667
NVT-Z3MFK7XN9YFY,0.24691666666666667
NVT-PYKLM754UBPN,0.24691666666666667
NVT-FMDSW86VFPTP,0.24691666666666667
NVT-72PDN35DQ6GE,0.24691666666666667
NVT-RWC6MHKQZSD3,0.24691666666666667
NVT-KW2UHNA3MR48,0.24691666666666667
NVT-73PN5AXZBY5D,0.24691666666666667
NVT-YX9TA757RWD5,0.24691666666666667
NVT-FLC7XHH7UKEZ,0.24691666666666667
NVT-7JHDQ72TALDG,0.24691666666666667
NVT-CLSQWUEPAEQP,0.24691666666666667
NVT-AZAZGT5DJF3T,0.24691666666666667
NVT-5ALKKAU6U9RF,0.24691666666666667
NVT-MSVQ8KL4TVYF,0.24691666666666667
NVT-36HT9WMFDWWS,0.24691666666666667
NVT-JSLFJQVHAMQT,0.24691666666666667
NVT-TQ7RDSFY9AP5,0.24691666666666667
NVT-QDJ9VE2JVAPH,0.24691666666666667
NVT-7GBJHTLVWBDD,0.24691666666666667
NVT-H92J77PHUXUY,0.24691666666666667
NVT-3FJQ9MYB6D39,0.24691666666666667
NVT-4XGDTBJZG4MP,0.24691666666666667
NVT-TD863RZ6BWHB,0.24691666666666667
NVT-VJ36MAALJVFA,0.24691666666666667
NVT-5K6FASP4EY79,0.24691666666666667
NVT-TZKDWCJMULNC,0.24691666666666667
NVT-9JNMCFWXHG4U,0.24691666666666667
NVT-SUVA84QRVYQP,0.24691666666666667
NVT-6GNX9DVXYNXW,0.24691666666666667
NVT-QEQEEBVBXJQH,0.24691666666666667
NVT-3XNKV9BRP52Z,0.24691666666666667
NVT-QCXWG5N5HC3C,0.24691666666666667
NVT-CXVX2Y44S8DZ,0.24691666666666667
NVT-FWJXV77568XF,0.24691666666666667
NVT-P9U8QW2YLJAH,0.24691666666666667
NVT-C78B992AE8DH,0.24691666666666667
NVT-52JZ5K4GNQJD,0.24691666666666667
NVT-B2K42R97MZ5X,0.24691666666666667
NVT-PXYZNJ7H7W4Y,0.24691666666666667
NVT-PPU8SQC4WFKS,0.24691666666666667
NVT-UQMQS8RJ8ZDR,0.24691666666666667
NVT-TQEEF3P2PBGW,0.24691666666666667
NVT-2YNSAAL9SHQP,0.24691666666666667
NVT-XY95YSJD9J9A,0.24691666666666667
NVT-AFQRFRLZRDFA,0.24691666666666667
NVT-KLWDKFJZYV8B,0.24691666666666667
NVT-BKAXQUJ9VCLZ,0.24691666666666667
NVT-HS5TQY45ZNYL,0.24691666666666667
NVT-KHYZKQ55DWVT,0.24691666666666667
NVT-WL9BJD7N5Z4D,0.24691666666666667
NVT-R9NL2PGR8278,0.24691666666666667
NVT-7SQFH3V6A9LE,0.24691666666666667
NVT-EJHT5HC4CPGG,0.24691666666666667
NVT-U7HUVMHYL7GW,0.24691666666666667
NVT-SEXUSRW8RAC9,0.24691666666666667
NVT-JFC63NDFZHXV,0.24691666666666667
NVT-TFX62PL48W5G,0.24691666666666667
NVT-ECNLRGKUZB4S,0.24691666666666667
NVT-E9QEKW4DTZST,0.24691666666666667
NVT-QWHBQYK7EBYR,0.24691666666666667
NVT-634CUYFF538Z,0.24691666666666667
NVT-PBHUNX3FAES6,0.24691666666666667
NVT-SVUGHCRVYEC5,0.24691666666666667
NVT-9MASDCHPYKKP,0.24691666666666667
NVT-ZKHXYJS9EQMR,0.24691666666666667
NVT-2PUJERYDM8QE,0.24691666666666667
NVT-M8BU9UGJMB6N,0.24691666666666667
NVT-39PEYNW4TSWH,0.24691666666666667
NVT-DMT6XM5U5NQJ,0.24691666666666667
NVT-5K5465PNRH36,0.24691666666666667
NVT-4C8J99QE2XHG,0.24691666666666667
NVT-AJ6RS6CF2ZGM,0.24691666666666667
NVT-LZMPQ8HMYXJQ,0.24691666666666667
NVT-B8ACHQ38A5ZJ,0.24691666666666667
NVT-VXK9GPKEAHW4,0.24691666666666667
NVT-5V6UCNJX9NFM,0.24691666666666667
NVT-PMFH5UHU6DZ2,0.24691666666666667
NVT-3A2N2TADB7CH,0.24691666666666667
NVT-NALZ6PCYL6RU,0.24691666666666667
NVT-4TGNHE6GM5R2,0.24691666666666667
NVT-JD7XB7S4GUA9,0.24691666666666667
NVT-7ZU56YVHTJJ4,0.24691666666666667
NVT-BAY8E57GGCP6,0.24691666666666667
NVT-M29Y4S95D55Y,0.24691666666666667
NVT-XYQAQHNHWDMU,0.24691666666666667
NVT-E9NW5EWPTMAT,0.24691666666666667
NVT-K8WQVDSG7TGA,0.24691666666666667
NVT-8WCWL9U2MJQ2,0.24691666666666667
NVT-UHSNPKNNBV3P,0.24691666666666667
NVT-4B3JVMZ5U626,0.24691666666666667
NVT-FPRTFFP7ZL87,0.24691666666666667
NVT-ARH9PZCUWTM4,0.24691666666666667
NVT-3P4DHBU6CBY6,0.24691666666666667
NVT-E4E9S79E2ZTK,0.24691666666666667
NVT-94YDQSN7S93A,0.24691666666666667
NVT-VAZLFG66GSBF,0.24691666666666667
NVT-JZWNT8HGJ54J,0.24691666666666667
NVT-43SF44AD2VUT,0.24691666666666667
NVT-U4K2HNWPPXN2,0.24691666666666667
NVT-JVLHS2PVGNLR,0.24691666666666667
NVT-USXC46P5VECS,0.24691666666666667
NVT-ZAXDFEPPQDQR,0.24691666666666667
NVT-WBP2AKNJUR33,0.24691666666666667
NVT-FTPAXLRZSKXS,0.24691666666666667
NVT-VZZU33FJN7WA,0.24691666666666667
NVT-WCBJDM8JTQ92,0.24691666666666667
NVT-EMWTYSBAJHL6,0.24691666666666667
NVT-8TTE2ZP4ZNSB,0.24691666666666667
NVT-5J9LJMV5L25E,0.24691666666666667
NVT-5M6KU6S2RZMS,0.24691666666666667
NVT-KUMZPYU2Y4Z3,0.24691666666666667
NVT-3P9RNS9H6BK5,0.24691666666666667
NVT-UH3BKJPM6Q3Y,0.24691666666666667
NVT-N6WE3RVX5PFB,0.24691666666666667
NVT-URP68T8CR6J2,0.24691666666666667
NVT-RGQBDCAWWYRW,0.24691666666666667
NVT-WLLHE2ZYUFVW,0.24691666666666667
NVT-VQ5QM5M434WC,0.24691666666666667
NVT-CC8KZE8MZAUG,0.24691666666666667
NVT-NNJGKUWDANBF,0.24691666666666667
NVT-2BH39WQRU3PU,0.24691666666666667
NVT-Y9CJYLE3QZ53,0.24691666666666667
NVT-4LA9BKGY6NMH,0.24691666666666667
NVT-ZK5C4TAHCKQB,0.24691666666666667
NVT-RLQ2C5XAM8ZY,0.24691666666666667
NVT-PZSS47XPPG67,0.24691666666666667
NVT-MJW7X5A2BWEG,0.24691666666666667
NVT-SSHYKCSGENQL,0.24691666666666667
NVT-6QL98ZQJYH7K,0.24691666666666667
NVT-KGUFJBCRNXCC,0.24691666666666667
NVT-JDLE4KXYLQXZ,0.24691666666666667
NVT-W5UAR2SVQ68H,0.24691666666666667
NVT-J3R9LDPHWBDR,0.24691666666666667
NVT-NGA9RQ7WJPPV,0.24691666666666667
NVT-FY3WZQ3FNA8E,0.24691666666666667
NVT-4F78M342WYTZ,0.24691666666666667
NVT-N7C9B74UV38M,0.24691666666666667
NVT-RNEG5VY6CCRF,0.24691666666666667
NVT-3QXG9JPERP3W,0.24691666666666667
NVT-8XY67QZEJ9CU,0.24691666666666667
NVT-AVPVRE2VULTX,0.24691666666666667
NVT-4QWSRPKQ96G8,0.24691666666666667
NVT-X8NPMVRFW3EY,0.24691666666666667
NVT-5F82B6L773JN,0.24691666666666667
NVT-RYGG76HS9DST,0.24691666666666667
NVT-7DDALTGXEEY3,0.24691666666666667
NVT-S6CSGKJ4597F,0.24691666666666667
NVT-DF72S4LNA5A2,0.24691666666666667
NVT-UYW5P9BBKP89,0.24691666666666667
NVT-TQSUB7CG8CNC,0.24691666666666667
NVT-37Z45QG9LQWG,0.24691666666666667
NVT-J9NA2TUAK2HN,0.24691666666666667
NVT-9NF5XPU2D7SG,0.24691666666666667
NVT-UF4WRYTAERQJ,0.24691666666666667
NVT-4P2VLQ7B9E2G,0.24691666666666667
NVT-SSYBMH9ULPAQ,0.24691666666666667
NVT-6H8DZ9ARGB7Q,0.24691666666666667
NVT-YL9SAUV3QUTR,0.24691666666666667
NVT-DQPTLS8VQF9Q,0.24691666666666667
NVT-J3MNJY85LC75,0.24691666666666667
NVT-Y72TUW2KSU8F,0.24691666666666667
NVT-U5DJV7VSAWK7,0.24691666666666667
NVT-3XUY3HNCNQLU,0.24691666666666667
NVT-KSTV77WNPPWE,0.24691666666666667
NVT-R97UQPSFFXLU,0.24691666666666667
NVT-AP7Y79HW9E2J,0.24691666666666667
NVT-YK6J4WSPGCNC,0.24691666666666667
NVT-YTYB5X7S2RS8,0.24691666666666667
NVT-M9HAZG3ZNZ8J,0.24691666666666667
NVT-8UQ2EXAWPKT8,0.24691666666666667
NVT-BSMBDQE2CH9K,0.24691666666666667
NVT-H97ZZJKHFFUE,0.24691666666666667
NVT-F52LY45DREDJ,0.24691666666666667
NVT-QH7MKVPFFYCW,0.24691666666666667
NVT-CGNVCC4GMCAU,0.24691666666666667
NVT-BG8FTFF38MXN,0.24691666666666667
NVT-98TCUWFB3C6Y,0.24691666666666667
NVT-5AM7MML7EPG6,0.24691666666666667
NVT-KU68ZHU34GTJ,0.24691666666666667
NVT-4V6LGAYZYWH4,0.24691666666666667
NVT-3TPRR9QRYZNT,0.24691666666666667
NVT-JGXSZAPKTZYN,0.24691666666666667
NVT-4ADN92XWJ2XM,0.24691666666666667
NVT-UNM2DCENFSP9,0.24691666666666667
NVT-S3VMQA8UQQ66,0.24691666666666667
NVT-BBG8ZX8SXZ24,0.24691666666666667
NVT-4Z5YGQ236NPT,0.24691666666666667
NVT-69LBEE6XVR45,0.24691666666666667
NVT-WKN3JD7N6P5V,0.24691666666666667
NVT-CQLFMPRJT7XC,0.24691666666666667
NVT-SW8SZ2W8C5C4,0.24691666666666667
NVT-XP79CBUMTLJL,0.24691666666666667
NVT-ZNHRCDU4U7Y2,0.24691666666666667
NVT-F995G8V6HGD8,0.24691666666666667
NVT-3XLJV592NESR,0.24691666666666667
NVT-RBEU2TVDLHDD,0.24691666666666667
NVT-ABFK7F3LTBPQ,0.24691666666666667
NVT-B7MGKNZQW3LW,0.24691666666666667
NVT-G4NUWX94UNUG,0.24691666666666667
NVT-3LKAJQLF6JTU,0.24691666666666667
NVT-NVFV3XGQF8W9,0.24691666666666667
NVT-K97UXYEL3FPD,0.24691666666666667
NVT-Q822REMA2EDR,0.24691666666666667
NVT-T3FSPKHKT8D9,0.24691666666666667
NVT-WF2XJN82B54X,0.24691666666666667
NVT-3YTZQYJFZDND,0.24691666666666667
NVT-HTT3XUP84X9V,0.24691666666666667
NVT-HHXNED5E56HR,0.24691666666666667
NVT-T4LKS9KFEKPN,0.24691666666666667
NVT-DVV9WA48BSU8,0.24691666666666667
NVT-VXJS6YMCM4R4,0.24691666666666667
NVT-J8JAK8UH57FL,0.24691666666666667
NVT-QJZA53USEPDA,0.24691666666666667
NVT-7YHP723BAK5G,0.24691666666666667
NVT-C6HANM6QYQS9,0.24691666666666667
NVT-SUZBSNQHAZCX,0.24691666666666667
NVT-TGQKEC9MJSXG,0.24691666666666667
NVT-ULX2LNRSB3YG,0.24691666666666667
NVT-KX5U6BP5QLFS,0.24691666666666667
NVT-GBUU8ZYWCXMS,0.24691666666666667
NVT-VAQUX8DQ4BVU,0.24691666666666667
NVT-CVM7Y5A798XX,0.24691666666666667
NVT-KX97KGSWQPFS,0.24691666666666667
NVT-KKGFQZHFH75G,0.24691666666666667
NVT-3ZFNHAZLVWNQ,0.24691666666666667
NVT-M2LH6Z6GSBVF,0.24691666666666667
NVT-QQA5KFPPR48B,0.24691666666666667
NVT-Z85FECSJ2VXQ,0.24691666666666667
NVT-GVZCWG6XAVFW,0.24691666666666667
NVT-9C7VDQ442QTN,0.24691666666666667
NVT-CXKA3BKTA5AN,0.24691666666666667
NVT-QS2VAHK4V5B8,0.24691666666666667
NVT-CNWQLQUVBVYA,0.24691666666666667
NVT-6CVJRHTQHVUF,0.24691666666666667
NVT-AHYXXEPRMFMV,0.24691666666666667
NVT-BAY2FX5A5LEL,0.24691666666666667
NVT-PVDHPDL498EE,0.24691666666666667
NVT-8GAU4CL66YWF,0.24691666666666667
NVT-ERTD8LZ4XJ5L,0.24691666666666667
NVT-S8XZTHKRBDSR,0.24691666666666667
NVT-3TJW2UAZ9JRU,0.24691666666666667
NVT-T6MCYTPMQUGN,0.24691666666666667
NVT-WFUK97PL9XXB,0.24691666666666667
NVT-B7MSU4QVJ8DD,0.24691666666666667
NVT-BV58EJYP6WFZ,0.24691666666666667
NVT-N6M9MLX6CATL,0.24691666666666667
NVT-38LF883TUDCE,0.24691666666666667
NVT-V7YXUMFBX25Y,0.24691666666666667
NVT-PVACYZ9S5NJ4,0.24691666666666667
NVT-VND4JFHUXEYB,0.24691666666666667
NVT-HPTEJJ5ELU6U,0.24691666666666667
NVT-QLK7QR59QCQ7,0.24691666666666667
NVT-FEHZTBYQKP4V,0.24691666666666667
NVT-SHG8LEGTJ5Q7,0.24691666666666667
NVT-W64EV2LJYSCM,0.24691666666666667
NVT-BP8R9R4VVWLQ,0.24691666666666667
NVT-28GJC6BAF9AL,0.24691666666666667
NVT-TTXY4FYFH3KC,0.24691666666666667
NVT-6588EJKL6ET2,0.24691666666666667
NVT-ET9EJMJ7JBNW,0.24691666666666667
NVT-CS3JE7UBADN6,0.24691666666666667
NVT-B4MNQZ6BWRZW,0.24691666666666667
NVT-46NRJHWW4GG3,0.24691666666666667
NVT-9W9PZ87H2EHN,0.24691666666666667
NVT-2DP46ZJAGKMF,0.24691666666666667
NVT-QQNP6PWWCXTS,0.24691666666666667
NVT-RS28JVQ9833K,0.24691666666666667
NVT-Q5NTBRMDMYGE,0.24691666666666667
NVT-M5YU4LDGYRYE,0.24691666666666667
NVT-5LY4GPHQ2AEH,0.24691666666666667
NVT-8WJ7RTVQWLHH,0.24691666666666667
NVT-VW7A8Z2HBHTS,0.24691666666666667
NVT-2T5CDXEPVW6W,0.24691666666666667
NVT-UZWFS2YSS42T,0.24691666666666667
NVT-A2QGL39CT3EW,0.24691666666666667
NVT-SR33JZSWE279,0.24691666666666667
NVT-D9CB8RUP66QZ,0.24691666666666667
NVT-MQ8WSMG5M3PZ,0.24691666666666667
NVT-FNNQ2ADAW6QU,0.24691666666666667
NVT-WA3HY5PZYSCU,0.24691666666666667
NVT-2GWTU9CUQD5U,0.24691666666666667
NVT-KJN69FXGPSN4,0.24691666666666667
NVT-R7WC8NA6GKCC,0.24691666666666667
NVT-QZGEP24JMH98,0.24691666666666667
NVT-7UQJ89FWMFC9,0.24691666666666667
NVT-KG6PLF4DLWQB,0.24691666666666667
NVT-GWD5GG7N8LTB,0.24691666666666667
NVT-5BGJ5UFCYU53,0.24691666666666667
NVT-D9SU6R9QWVSM,0.24691666666666667
NVT-G996KYTJACLQ,0.24691666666666667
NVT-DJH3N9EFCAFW,0.24691666666666667
NVT-7M3VLURLVVCX,0.24691666666666667
NVT-YWMSLHVM9SCH,0.24691666666666667
NVT-34C6JYQLJWD8,0.24691666666666667
NVT-LDCFFDNP994S,0.24691666666666667
NVT-ZVGVBK93DB47,0.24691666666666667
NVT-RPE7D25BFY8A,0.24691666666666667
NVT-XXEZ52QZW5A8,0.24691666666666667
NVT-9HYDNY9ELEG9,0.24691666666666667
NVT-TJGEQN5KZKSW,0.24691666666666667
NVT-R6VYAVSUM2PR,0.24691666666666667
NVT-DST2UQ25L6YE,0.24691666666666667
NVT-7JTTL9VMXPEY,0.24691666666666667
NVT-WWWLXZGYT8RE,0.24691666666666667
NVT-ZVAS2DTPXF7S,0.24691666666666667
NVT-D2QN3H6BWJHC,0.24691666666666667
NVT-L9B6QXKEDUKY,0.24691666666666667
NVT-34KVR74X4Z6L,0.24691666666666667
NVT-VBDBBYPXZ85Z,0.24691666666666667
NVT-7AHGG6844TNX,0.24691666666666667
NVT-DX87KEEPFF2C,0.24691666666666667
NVT-WAAZV2H36J3S,0.24691666666666667
NVT-K2NXEPCMZV7E,0.24691666666666667
NVT-SVA3VCKQH3JU,0.24691666666666667
NVT-Q9FYNLBFWQUL,0.24691666666666667
NVT-232QH5Z35VBW,0.24691666666666667
NVT-36D4W3UU7TXE,0.24691666666666667
NVT-F6YWD7YE257B,0.24691666666666667
NVT-VMXUH34PN257,0.24691666666666667
NVT-RTQWCZ84CJYL,0.24691666666666667
NVT-YA7KG2WVJU5G,0.24691666666666667
NVT-EZ2RN29RCADX,0.24691666666666667
NVT-CYD6X9ABGR4H,0.24691666666666667
NVT-5CDR9A4NQR63,0.24691666666666667
NVT-WQTX3VWV5A39,0.24691666666666667
NVT-YXKAFTLKH484,0.24691666666666667
NVT-AWTP2KLJMY3Q,0.24691666666666667
NVT-6VPQH2HA932C,0.24691666666666667
NVT-HBVRGTDLP3F8,0.24691666666666667
NVT-BALXZQGLTVYL,0.24691666666666667
NVT-XUZE55H7F8EC,0.24691666666666667
NVT-ZNVCFSMUSJB9,0.24691666666666667
NVT-2KJBQLVMXUS6,0.24691666666666667
NVT-QFFNDAZ8Z7XJ,0.24691666666666667
NVT-FH9W54N4FRKE,0.24691666666666667
NVT-QUXEAUUMAXPP,0.24691666666666667
NVT-EX9BN9R3YVHZ,0.24691666666666667
NVT-87DZYCALWQA8,0.24691666666666667
NVT-64PK3RN5WTK3,0.24691666666666667
NVT-U3N9GQATJX4V,0.24691666666666667
NVT-GDSY5KEWSN6R,0.24691666666666667
NVT-5HDFG43JPX2V,0.24691666666666667
NVT-97TBJWENQ2JM,0.24691666666666667
NVT-3TWT2DUHNDHP,0.24691666666666667
NVT-SNJ57TPU79ES,0.24691666666666667
NVT-MNWVCH6URNV4,0.24691666666666667
NVT-ATK7DBA4RPQZ,0.24691666666666667
NVT-DPSXWPDGS3A8,0.24691666666666667
NVT-VX8C43ABZYV9,0.24691666666666667
NVT-9KKYTGWMGUX4,0.24691666666666667
NVT-HGW6JS7TV3Z7,0.24691666666666667
NVT-5Q7U3KFV2E3A,0.24691666666666667
NVT-UBWCTTWQHD7E,0.24691666666666667
NVT-54TSHTMUT37K,0.24691666666666667
NVT-UTL88ZZQS5XE,0.24691666666666667
NVT-MUUHF9A54TYJ,0.24691666666666667
NVT-LDL2T87FHP7W,0.24691666666666667
NVT-Z3JESVEZAZ6Z,0.24691666666666667
NVT-N4ZU43VG6XSG,0.24691666666666667
NVT-5RMKE52QKAEB,0.24691666666666667
NVT-X8NE8BNATPFD,0.24691666666666667
NVT-JDEB7L3SEGCY,0.24691666666666667
NVT-U93FSL2LCBWZ,0.24691666666666667
NVT-CK364C56NWVD,0.24691666666666667
NVT-QV9JMBTP5VTW,0.24691666666666667
NVT-PE5UWFVDE5SD,0.24691666666666667
NVT-9GRCMHQYMF33,0.24691666666666667
NVT-U4FWVTPHCRRB,0.24691666666666667
NVT-XQ3NSKZZMWCP,0.24691666666666667
NVT-AMXA2MDTHMHZ,0.24691666666666667
NVT-HA55HWPG999U,0.24691666666666667
NVT-ZSKP6NWAU8HT,0.24691666666666667
NVT-A44RWD2BEL75,0.24691666666666667
NVT-XTXRJGDU7H5R,0.24691666666666667
NVT-2UCEWBYW8AAP,0.24691666666666667
NVT-VCMQZFLRVTE7,0.24691666666666667
NVT-PJANSUL78SFT,0.24691666666666667
NVT-MA2Y6TUNU6GK,0.24691666666666667
NVT-K543AX8YC49E,0.24691666666666667
NVT-LNUQN9A4GYK7,0.24691666666666667
NVT-5KXPE7NQREGV,0.24691666666666667
NVT-YQGV2NVYM8PY,0.24691666666666667
NVT-RMM3MVJWE22U,0.24691666666666667
NVT-WSMPAFKGPV6K,0.24691666666666667
NVT-BUUVRHJVX2QE,0.24691666666666667
NVT-959VFEF8J4JL,0.24691666666666667
NVT-LFC4XSH38PRM,0.24691666666666667
NVT-ECXBHVH4ARUM,0.24691666666666667
NVT-MJXXJV5ADSVZ,0.24691666666666667
NVT-CJV6TNF59JWV,0.24691666666666667
NVT-AWY8NEYSJ83E,0.24691666666666667
NVT-8Y95TB4Z6DPH,0.24691666666666667
NVT-TVP2KG3U3Y8J,0.24691666666666667
NVT-92BHN9ZFAH4Q,0.24691666666666667
NVT-E8DFMJVH49VK,0.24691666666666667
NVT-3XHXE83FF5PG,0.24691666666666667
NVT-TQ5KWXGFMSPM,0.24691666666666667
NVT-3H8SQUHNSYTE,0.24691666666666667
NVT-J29764UR2JZG,0.24691666666666667
NVT-TLQ7QCJAUEZQ,0.24691666666666667
NVT-NA6TUCU9FN6N,0.24691666666666667
NVT-ZXSHX67F4V2C,0.24691666666666667
NVT-B2EDYGWXGA7Y,0.24691666666666667
NVT-9QC84KK9BDQE,0.24691666666666667
NVT-DE7MBLLEUGEC,0.24691666666666667
NVT-TMT24AK8RUM9,0.24691666666666667
NVT-PR9ZP23PE3VG,0.24691666666666667
NVT-P7UZ2DK96RXF,0.24691666666666667
NVT-2H9KNDJ2WXB6,0.24691666666666667
NVT-QJ5L27QBUC74,0.24691666666666667
NVT-Q5PXFQ89CR7E,0.24691666666666667
NVT-FSAXZNHXRSU6,0.24691666666666667
NVT-4ACD8AMY2FJC,0.24691666666666667
NVT-FHNNPVHSEDYH,0.24691666666666667
NVT-9PKX44GZHLAU,0.24691666666666667
NVT-UK2264RYDK52,0.24691666666666667
NVT-B7F6WX9W32D7,0.24691666666666667
NVT-XSMQVZZUKKMV,0.24691666666666667
NVT-RXDZEVYFU4BM,0.24691666666666667
NVT-TCWWJVDRNCY8,0.24691666666666667
NVT-PVER22QVFLFM,0.24691666666666667
NVT-GYUK9WS35QKU,0.24691666666666667
NVT-LPND8EN5V9NU,0.24691666666666667
NVT-JSMASWHSZSAC,0.24691666666666667
NVT-8DN8YKA9KA9T,0.24691666666666667
NVT-4Y5T7R3XDE2Y,0.24691666666666667
NVT-TFA63FPTCYL9,0.24691666666666667
NVT-MV57RUWD64Z2,0.24691666666666667
NVT-7U2MAB75P64W,0.24691666666666667
NVT-6QHHWFZKLGE8,0.24691666666666667
NVT-A3SVG4Y9RB49,0.24691666666666667
NVT-VMUAJE85BNPR,0.24691666666666667
NVT-L6YP337UC37Y,0.24691666666666667
NVT-BGSYCVRGY3CJ,0.24691666666666667
NVT-8U3V78Y6QPDC,0.24691666666666667
NVT-F5MVECN38RM8,0.24691666666666667
NVT-35HVE7JPLT42,0.24691666666666667
NVT-4CGG8H9W2VXU,0.24691666666666667
NVT-RFY94YXQTAJ5,0.24691666666666667
NVT-XDVU53MY6M4Z,0.24691666666666667
NVT-97Y94TJNEVTV,0.24691666666666667
NVT-VQSNY2V8N5DH,0.24691666666666667
NVT-HV9HHYEE4QZ9,0.24691666666666667
NVT-L8R2CXPMTGHF,0.24691666666666667
NVT-BZ63CVRWMLMB,0.24691666666666667
NVT-JWYM4JQDKZDT,0.24691666666666667
NVT-SKKT7W9Q9HYU,0.24691666666666667
NVT-BG7Z98CMMYT4,0.24691666666666667
NVT-QFZNZYDCYFQM,0.24691666666666667
NVT-FE564DP9DJVH,0.24691666666666667
NVT-65LB7L48RT2Z,0.24691666666666667
NVT-BLQN72VZGYMP,0.24691666666666667
NVT-PP43F7G28SJW,0.24691666666666667
NVT-DWD3H8LPZAJJ,0.24691666666666667
NVT-R4YZ8BUQ22DB,0.24691666666666667
NVT-GJG5VK4VEV4Y,0.24691666666666667
NVT-4CYUKDW255NC,0.24691666666666667
NVT-AQRB4ZAKVB5H,0.24691666666666667
NVT-EUUCYXGCABB7,0.24691666666666667
NVT-G72H7J29CRY8,0.24691666666666667
NVT-BHN3DYFCUGTB,0.24691666666666667
NVT-85ACFABJFPLH,0.24691666666666667
NVT-K2FZWFFV6EHE,0.24691666666666667
NVT-QCK9Z7D45YRT,0.24691666666666667
NVT-2M9ZK4PU6FHF,0.24691666666666667
NVT-54DGX5PWXGN7,0.24691666666666667
NVT-955W3S65ZJ83,0.24691666666666667
NVT-5J2Z8GHR7JJN,0.24691666666666667
NVT-UQBGCR9LDFPH,0.24691666666666667
NVT-3C9TWGEUBPUY,0.24691666666666667
NVT-JXQXSKVSFQ75,0.24691666666666667
NVT-3ZVCHLQW79JM,0.24691666666666667
NVT-VT8WPFX5S3CG,0.24691666666666667
NVT-6BEDBRBXCL4P,0.24691666666666667
NVT-3MG9V5C6N9E3,0.24691666666666667
NVT-NGNSP6X8S6MG,0.24691666666666667
NVT-6HVWXZGBWZHU,0.24691666666666667
NVT-J4BDMBUGVYE8,0.24691666666666667
NVT-NNSV5Y4SW6XW,0.24691666666666667
NVT-LSGB48BFVZC2,0.24691666666666667
NVT-ALFVXD3Q4H38,0.24691666666666667
NVT-WWBECTVKWAC4,0.24691666666666667
NVT-NULUYMB44S7A,0.24691666666666667
NVT-FHRG4Z7BT9T5,0.24691666666666667
NVT-JVBDFXRRXKRU,0.24691666666666667
NVT-HHUG3VLD49DD,0.24691666666666667
NVT-P2K3HUKF3RVK,0.24691666666666667
NVT-7TCT8AFRJUWD,0.24691666666666667
NVT-RGUGSRTKC69S,0.24691666666666667
NVT-MC25AZXDSBQT,0.24691666666666667
NVT-TAEW63FSC59K,0.24691666666666667
NVT-NHK72YY33B6U,0.24691666666666667
NVT-JW97RPLKN9VF,0.24691666666666667
NVT-3349PM67Z7MV,0.24691666666666667
NVT-JJF3LYHANDZJ,0.24691666666666667
NVT-RGX2Z44PJQ8L,0.24691666666666667
NVT-2BMWL8ABQDNU,0.24691666666666667
NVT-AY37SVQTGBDQ,0.24691666666666667
NVT-V3PZMK4JRABV,0.24691666666666667
NVT-BYNT37M5S7ST,0.24691666666666667
NVT-NQWCWSP5CHKE,0.24691666666666667
NVT-6SVE8MQLBLVH,0.24691666666666667
NVT-KQ4UZ3FUH7MJ,0.24691666666666667
NVT-Q85Y6NTEXGJS,0.24691666666666667
NVT-DMJ4XX6BRU2S,0.24691666666666667
NVT-RH9CRDM69YZW,0.24691666666666667
NVT-VJT3FZ7Y2698,0.24691666666666667
NVT-9WSVA5ENDHKW,0.24691666666666667
NVT-CWGPUHNEHFUY,0.24691666666666667
NVT-9PY3UKCYBM3H,0.24691666666666667
NVT-77DUQ735BNPX,0.24691666666666667
NVT-LD297V4RK2R3,0.24691666666666667
NVT-JKZAXHJ76D9T,0.24691666666666667
NVT-GNHSDC6EC5PE,0.24691666666666667
NVT-T6P2F3LEZXJH,0.24691666666666667
NVT-VW4DMUZKG9BM,0.24691666666666667
NVT-2A8C47XJKE34,0.24691666666666667
NVT-EU6C8QRDHR6K,0.24691666666666667
NVT-8WBVB47FCQB9,0.24691666666666667
NVT-PWQBEZFYTLBZ,0.24691666666666667
NVT-K976RD7G3K37,0.24691666666666667
NVT-NNVYRA6FQDZ9,0.24691666666666667
NVT-88HJ7LKAVXTB,0.24691666666666667
NVT-QUKKBCWXR7JW,0.24691666666666667
NVT-D2935ZFJERQP,0.24691666666666667
NVT-LMVSV43L38UG,0.24691666666666667
NVT-7DWK3DWZ2GR2,0.24691666666666667
NVT-A563Q3QXL9JA,0.24691666666666667
NVT-PCETKN5KFSQC,0.24691666666666667
NVT-Z492ZHA3XUDK,0.24691666666666667
NVT-VXDQ9TZJE2YM,0.24691666666666667
NVT-QSH8GECV44XX,0.24691666666666667
NVT-35ARLDX9B6ES,0.24691666666666667
NVT-8ZEUUEA4JP6U,0.24691666666666667
NVT-R4PWLZEZ44RX,0.24691666666666667
NVT-6L2LH92WANSS,0.24691666666666667
NVT-PVK53JDMGSH3,0.24691666666666667
NVT-KV2CD4KSY57X,0.24691666666666667
NVT-3RGQTKGVFJ72,0.24691666666666667
NVT-EJ9KUS6B2TS8,0.24691666666666667
NVT-RJ2VPCR9HW3P,0.24691666666666667
NVT-JF867CW49GNR,0.24691666666666667
NVT-D6TH79QZ9Q5E,0.24691666666666667
NVT-Y2ZXURYXJFLV,0.24691666666666667
NVT-XRMC2XGYC5U2,0.24691666666666667
NVT-VPEP749RT87T,0.24691666666666667
NVT-RHNQBHU8BJF6,0.24691666666666667
NVT-K7FQ35JYSFEL,0.24691666666666667
NVT-TE5FMNSEEMZQ,0.24691666666666667
NVT-FQVJM3C24XLM,0.24691666666666667
NVT-8TR34B7B7TDY,0.24691666666666667
NVT-FNAQVUPN7MAT,0.24691666666666667
NVT-AKDCKZYH7GKG,0.24691666666666667
NVT-UY8535MNNGFR,0.24691666666666667
NVT-24QRTJSG66XN,0.24691666666666667
NVT-2AV5K6KYVE7Y,0.24691666666666667
NVT-T4786TKUSW34,0.24691666666666667
NVT-56VUURJTFKU4,0.24691666666666667
NVT-YQ6F8T5C29UG,0.24691666666666667
NVT-883KY3G2EP35,0.24691666666666667
NVT-X37BLE97CFDM,0.24691666666666667
NVT-R5LTP44ENRSQ,0.24691666666666667
NVT-L937NB5CJX9T,0.24691666666666667
NVT-MQ3GAGL33P5K,0.24691666666666667
NVT-QNCTZPMCP9V5,0.24691666666666667
NVT-KCFV9CVKWEBS,0.24691666666666667
NVT-24KEQP5KFTZ6,0.24691666666666667
NVT-68NHR8BALQB7,0.24691666666666667
NVT-GTNNNMYK34ET,0.24691666666666667
NVT-2QKX83SK9Z7E,0.24691666666666667
NVT-2YAULN4V5M8K,0.24691666666666667
NVT-U5LCFM4Q99HS,0.24691666666666667
NVT-G8QPSTYE987G,0.24691666666666667
NVT-SVGEBXQ4AH6F,0.24691666666666667
NVT-5A7QEM4RMAKG,0.24691666666666667
NVT-7Q6T9UNHA3WW,0.24691666666666667
NVT-RL9BW2PZVCG2,0.24691666666666667
NVT-VJ97ZUJ5QGCH,0.24691666666666667
NVT-DPHQ3J4BKVPJ,0.24691666666666667
NVT-TBBLUVAG2NF6,0.24691666666666667
NVT-LTS65XMBSWVY,0.24691666666666667
NVT-7QEKS3SUGPNC,0.24691666666666667
NVT-8AGEFAYVJ9MW,0.24691666666666667
NVT-5PW7H7T8A5HC,0.24691666666666667
NVT-89HLT4LHZ8NE,0.24691666666666667
NVT-ERFTER7YZCZ6,0.24691666666666667
NVT-DV8EXH5ZYBNX,0.24691666666666667
NVT-2PRM2FXHX7SA,0.24691666666666667
NVT-MGZENJCUUXZE,0.24691666666666667
NVT-F3CMSC9AFAXK,0.24691666666666667
NVT-SMDNE32LX73V,0.24691666666666667
NVT-7MDB6TEYLADB,0.24691666666666667
NVT-Y6MMJVNAS89S,0.24691666666666667
NVT-PB594CMUFJAS,0.24691666666666667
NVT-EJV9DVHHHJGX,0.24691666666666667
NVT-A6PVTD2SEBLF,0.24691666666666667
NVT-A6EYHN2CJENM,0.24691666666666667
NVT-PAR9W4HF3YGS,0.24691666666666667
NVT-HQGUK2LR3GB6,0.24691666666666667
NVT-HL46MT29RSFH,0.24691666666666667
NVT-GKG6SWXXUH7J,0.24691666666666667
NVT-U7MDD2T2QSYF,0.24691666666666667
NVT-67B58Y67M56D,0.24691666666666667
NVT-ZAB2F2AB38TC,0.24691666666666667
NVT-HJ8NJVR8MQHW,0.24691666666666667
NVT-92BT6HEKPK5Z,0.24691666666666667
NVT-6A3NL2NYNHUA,0.24691666666666667
NVT-SQ4P2AU3TT4T,0.24691666666666667
NVT-CSMASRFWVYF7,0.24691666666666667
NVT-X9HP7SES297U,0.24691666666666667
NVT-3RZ9PSF7YYLX,0.24691666666666667
NVT-PXHY6FCSQUXE,0.24691666666666667
NVT-6K9DMGJ6EWHW,0.24691666666666667
NVT-7MSPQRF8NAVK,0.24691666666666667
NVT-PRP2XYK26SLN,0.24691666666666667
NVT-3X6R9RGPMCYG,0.24691666666666667
NVT-JAM97U8X2CWZ,0.24691666666666667
NVT-58YD4HK5BMJB,0.24691666666666667
NVT-6YTAQ6839GYB,0.24691666666666667
NVT-ESM98QM8LTFK,0.24691666666666667
NVT-J37MKQYQUP78,0.24691666666666667
NVT-28U9J5Q452AP,0.24691666666666667
NVT-WRAQF8CZG8KL,0.24691666666666667
NVT-F9M2BEKGGHJ6,0.24691666666666667
NVT-5AQA36S6YKTE,0.24691666666666667
NVT-2D8RN4FH8MKV,0.24691666666666667
NVT-FK2HRZ5YM8NZ,0.24691666666666667
NVT-QZQWNB7PUKDV,0.24691666666666667
NVT-2SQL3P9DY2R8,0.24691666666666667
NVT-92W6JKP4RT4A,0.24691666666666667
NVT-ZCJBTRBY95KJ,0.24691666666666667
NVT-H56XB35MS2FG,0.24691666666666667
NVT-X4UA8RPCPSC7,0.24691666666666667
NVT-2XUJHPEL5TH2,0.24691666666666667
NVT-BSWECVNUQ4KQ,0.24691666666666667
NVT-GP648ADAANJY,0.24691666666666667
NVT-HYTM4X3KCSK7,0.24691666666666667
NVT-LUPHGFEYL4M5,0.24691666666666667
NVT-2E7VXMHTQ5JK,0.24691666666666667
NVT-9CS33VNUX8BU,0.24691666666666667
NVT-KGQABTGS4V36,0.24691666666666667
NVT-87BVQVU8EJQW,0.24691666666666667
NVT-2RGWWCF84YXX,0.24691666666666667
NVT-TJH6RRXGYVBS,0.24691666666666667
NVT-JY44VM5M39XY,0.24691666666666667
NVT-NSJP9RTDBCHM,0.24691666666666667
NVT-N78PD9JM6QUR,0.24691666666666667
NVT-QRCDKVHZVUQX,0.24691666666666667
NVT-WQM2PBF6P77Y,0.24691666666666667
NVT-VPCFKZFLS6KG,0.24691666666666667
NVT-XSHCGTP8MBUQ,0.24691666666666667
NVT-EJFNNQU9VHF3,0.24691666666666667
NVT-GDYFN3YQE48M,0.24691666666666667
NVT-JCW3CSUEKQSC,0.24691666666666667
NVT-EN9KW6B8LLLF,0.24691666666666667
NVT-9C6Z8X6L4P2W,0.24691666666666667
NVT-Q7ZTLHYNXZ8M,0.24691666666666667
NVT-9863AB7LFVCY,0.24691666666666667
NVT-5R8UG3W2ZSPD,0.24691666666666667
NVT-KKNALG7RQHPV,0.24691666666666667
NVT-Y5PQHMUHVZDM,0.24691666666666667
NVT-MZ7FDSRMMQD5,0.24691666666666667
NVT-WKFR5E9867AJ,0.24691666666666667
NVT-TV63MWQQWBCB,0.24691666666666667
NVT-W92JJY4NX8LN,0.24691666666666667
NVT-LBZ7E3JHWZQ3,0.24691666666666667
NVT-948FNTE6MHHV,0.24691666666666667
NVT-R2QL229EDYBW,0.24691666666666667
NVT-J7D5FHJH2ZKJ,0.24691666666666667
NVT-5T36BZJ7SW9B,0.24691666666666667
NVT-T2NQDPJ9ERDU,0.24691666666666667
NVT-Y7YDJCPG3G3M,0.24691666666666667
NVT-F3JFJY8ZGH6B,0.24691666666666667
NVT-2VTJ23FC42RT,0.24691666666666667
NVT-YCWGTX5WHX47,0.24691666666666667
NVT-WSD5L3BFEGG9,0.24691666666666667
NVT-PM3AMY8CNJRW,0.24691666666666667
NVT-FHDXSG5SWCQN,0.24691666666666667
NVT-FPG8CE4M4ZNE,0.24691666666666667
NVT-K3YKQ3PZD556,0.24691666666666667
NVT-3BGWW4VSH69N,0.24691666666666667
NVT-SQG7UJX62985,0.24691666666666667
NVT-4B99U4G8GEZZ,0.24691666666666667
NVT-MD4XLEJYX7TH,0.24691666666666667
NVT-7WFJ5A9HLH5F,0.24691666666666667
NVT-MF8J2V6Z68FM,0.24691666666666667
NVT-GWL5ZC7ZPVUD,0.24691666666666667
NVT-MVQWJVLUVUPX,0.24691666666666667
NVT-G66YP7WE5FNL,0.24691666666666667
NVT-G9QWEUB64BNX,0.24691666666666667
NVT-HEZJQNDTHV9U,0.24691666666666667
NVT-SZVUCVLM684Y,0.24691666666666667
NVT-22VZLSP257K6,0.24691666666666667
NVT-7PGMSLSG26WT,0.24691666666666667
NVT-C43XDBG6Y6WV,0.24691666666666667
NVT-RWKQTS7QL8EM,0.24691666666666667
NVT-RUJR38ADD3GJ,0.24691666666666667
NVT-9T8U7NRC6K7L,0.24691666666666667
NVT-HTN7YA5XMZ6C,0.24691666666666667
NVT-3SRMX7LTR532,0.24691666666666667
NVT-XNPMXE2JQES4,0.24691666666666667
NVT-XCZ75V9VMFD8,0.24691666666666667
NVT-9DWNNKN748DJ,0.24691666666666667
NVT-9HCGH2XLK2RZ,0.24691666666666667
NVT-YYB2J4H4SZX3,0.24691666666666667
NVT-8REEYXFHH5WT,0.24691666666666667
NVT-4H895AGLYG2B,0.24691666666666667
NVT-C37XKNLYQA9L,0.24691666666666667
NVT-FMPPJMWRDBV7,0.24691666666666667
NVT-DDRH8DYTAUV5,0.24691666666666667
NVT-JY8WU9F2YLYA,0.24691666666666667
NVT-UWM9RADUXGZA,0.24691666666666667
NVT-USZNBLZ2Y6R8,0.24691666666666667
NVT-3CTHUBBYGSS8,0.24691666666666667
NVT-QN5XL2DJQTUS,0.24691666666666667
NVT-HFSWJSGJCMFM,0.24691666666666667
NVT-T637XTN52MWT,0.24691666666666667
NVT-DPDWQC2GMWAK,0.24691666666666667
NVT-U5J9ZGXJMJ23,0.24691666666666667
NVT-8SQPTUP4GNEP,0.24691666666666667
NVT-AK48WCVWD487,0.24691666666666667
NVT-QB47K82Z6JPA,0.24691666666666667
NVT-PG9RWH65VWRC,0.24691666666666667
NVT-PZ7KRRHGWRR5,0.24691666666666667
NVT-ALEFRN5VYVX3,0.24691666666666667
NVT-VARRD4Z5VYSM,0.24691666666666667
NVT-HDZHA3QMZ9DK,0.24691666666666667
NVT-DQPCBSCMZ4XJ,0.24691666666666667
NVT-FJMHGUFRQTNV,0.24691666666666667
NVT-YX5SKLFNCHHJ,0.24691666666666667
NVT-9X7QR35LVDMZ,0.24691666666666667
NVT-DB9PQ3VB7JB6,0.24691666666666667
NVT-JW24Z7G3FFCK,0.24691666666666667
NVT-QGF8EU2Z5UZT,0.24691666666666667
NVT-DR5N2YDGNEWY,0.24691666666666667
NVT-ZG59H75ZG48E,0.24691666666666667
NVT-7FSEQU5EAKJ7,0.24691666666666667
NVT-PZBSGRLLWZZX,0.24691666666666667
NVT-2JA28PNLPCF9,0.24691666666666667
NVT-WE7EEUV9WH5M,0.24691666666666667
NVT-QBUPPBFA9V2N,0.24691666666666667
NVT-95KE4D63Z6TD,0.24691666666666667
NVT-5XE7RXDTESC4,0.24691666666666667
NVT-LT7K7T2LK62L,0.24691666666666667
NVT-4S9HT7H8MSDT,0.24691666666666667
NVT-A4L4NP6S99NB,0.24691666666666667
NVT-3MKYAWQ3MGQM,0.24691666666666667
NVT-AHXVF2T7S2HU,0.24691666666666667
NVT-536W626HCC6E,0.24691666666666667
NVT-JHJRGVYJKFN3,0.24691666666666667
NVT-UE29HA8VPPXQ,0.24691666666666667
NVT-RYUCBJJ85XN6,0.24691666666666667
NVT-6FATUVUA2K7S,0.24691666666666667
NVT-DHFH3YP3TKEG,0.24691666666666667
NVT-7D5GST34WKW5,0.24691666666666667
NVT-EHT9SVPBBREH,0.24691666666666667
NVT-TMME2YRULNSD,0.24691666666666667
NVT-C2R7GE966XUE,0.24691666666666667
NVT-QT5WG6SAZGYG,0.24691666666666667
NVT-7RYHMQUFAN44,0.24691666666666667
NVT-BF6BB9HCLQNP,0.24691666666666667
NVT-PH7LLLKTJKN8,0.24691666666666667
NVT-HQ9GN6V928LT,0.24691666666666667
NVT-4RH93F5BWTZE,0.24691666666666667
NVT-WSWQ7DHX9YTG,0.24691666666666667
NVT-43BFUSWQHEJP,0.24691666666666667
NVT-WNU8SCNG3D7K,0.24691666666666667
NVT-LVRX335HMQ37,0.24691666666666667
NVT-ZNMD8949Z3B8,0.24691666666666667
NVT-FCFHVGJZBVLK,0.24691666666666667
NVT-CJ5A6CWX84Z5,0.24691666666666667
NVT-PPETY6CNS3P5,0.24691666666666667
NVT-59L5M6LK2WTQ,0.24691666666666667
NVT-WA969XRHZZ29,0.24691666666666667
NVT-JHMLMAQEJA8H,0.24691666666666667
NVT-AJJ2MZR366LG,0.24691666666666667
NVT-449Z6VT44GVS,0.24691666666666667
NVT-NTPF9HWF64ZX,0.24691666666666667
NVT-JV3G4ULBTFY2,0.24691666666666667
NVT-LW5MDWALGSQY,0.24691666666666667
NVT-T4VWAWPQMQHE,0.24691666666666667
NVT-6SBU5EMR3JPK,0.24691666666666667
NVT-A9KZAQZXZ8K6,0.24691666666666667
NVT-EWRDY8K52D83,0.24691666666666667
NVT-NNEWSQALR9CB,0.24691666666666667
NVT-98F9F3ZXWQSM,0.24691666666666667
NVT-SBDMGH5E6YAH,0.24691666666666667
NVT-ACMJMFZ562TX,0.24691666666666667
NVT-YEN4A7UMFMP7,0.24691666666666667
NVT-8QPD3YKVWYVN,0.24691666666666667
NVT-C4V89DACHLKZ,0.24691666666666667
NVT-FULQ7GDL8LCX,0.24691666666666667
NVT-2HNEZS6U7DY3,0.24691666666666667
NVT-B789ZNDNNEUJ,0.24691666666666667
NVT-2NG8LYG9RRMQ,0.24691666666666667
NVT-W28QKM4ZHY5P,0.24691666666666667
NVT-JS5MQNXMK84H,0.24691666666666667
NVT-WBB3CY4LFDCQ,0.24691666666666667
NVT-3SL53J5RUS29,0.24691666666666667
NVT-RGLBQEPAYYNB,0.24691666666666667
NVT-KM5GKM8C6QT7,0.24691666666666667
NVT-KFVXMJPEWPQJ,0.24691666666666667
NVT-7MPRBMNP49MA,0.24691666666666667
NVT-VBXGKGBLLYKM,0.24691666666666667
NVT-HKSFAHXEXD53,0.24691666666666667
NVT-32YL677J7H4W,0.24691666666666667
NVT-UCGRD9JN6JLN,0.24691666666666667
NVT-LRD2NSHE7NCA,0.24691666666666667
NVT-T9M5YCULVXUP,0.24691666666666667
NVT-M4NJXH2XTF54,0.24691666666666667
NVT-KM9PD9TS9BWB,0.24691666666666667
NVT-L5Z5ANSWKPET,0.24691666666666667
NVT-8U9KUHE4V8JV,0.24691666666666667
NVT-TEC8EQVEGDAE,0.24691666666666667
NVT-3DJWFCLXMKJB,0.24691666666666667
NVT-28G5EKYEH8LS,0.24691666666666667
NVT-UQVEVF9X268X,0.24691666666666667
NVT-8LZKEK99KSDA,0.24691666666666667
NVT-3SK4SN5NFZVA,0.24691666666666667
NVT-LKKPLTZ47JQC,0.24691666666666667
NVT-C4SC9Y82BRKP,0.24691666666666667
NVT-238QRVFZB7J5,0.24691666666666667
NVT-QZHQNU8ED5MD,0.24691666666666667
NVT-F6VQ7KBUK2KW,0.24691666666666667
NVT-B8ZDJUZ7J2BH,0.24691666666666667
NVT-X4VQ8H594A3T,0.24691666666666667
NVT-9DRK26VDX5AK,0.24691666666666667
NVT-BF8YFXKM7NCD,0.24691666666666667
NVT-Q426VGLPS77G,0.24691666666666667
NVT-U7YAZE8GPVAY,0.24691666666666667
NVT-AQ5B3PMXC5WN,0.24691666666666667
NVT-73R4NHPEX66J,0.24691666666666667
NVT-BA8NT8C67J9W,0.24691666666666667
NVT-FY7GNW26EUQJ,0.24691666666666667
NVT-F8SKTS6KNN65,0.24691666666666667
NVT-VDE7KHJV4U3E,0.24691666666666667
NVT-H3J8G5PQEFTE,0.24691666666666667
NVT-US2YMPQZ3WYB,0.24691666666666667
NVT-HLKCXNXXXD45,0.24691666666666667
NVT-23BWSYBBJKEP,0.24691666666666667
NVT-RF4UK8T2HJ8F,0.24691666666666667
NVT-CC2XP4UKLX8G,0.24691666666666667
NVT-ZAU32H64YJZH,0.24691666666666667
NVT-W83RP4WS6UUG,0.24691666666666667
NVT-WUZDG65AAFRJ,0.24691666666666667
NVT-KDYGGNKYWRBL,0.24691666666666667
NVT-GRWC3WTYCNT9,0.24691666666666667
NVT-MY98P6JMNNPN,0.24691666666666667
NVT-Z46AVN558SKQ,0.24691666666666667
NVT-RCZQXNGWY7LW,0.24691666666666667
NVT-Z5LBFSTE3LLT,0.24691666666666667
NVT-Q52LFR22CFMW,0.24691666666666667
NVT-ZPLDBFF84ZSH,0.24691666666666667
NVT-5M5H9KLVW2ED,0.24691666666666667
NVT-D5UFRPP3TYGZ,0.24691666666666667
NVT-UFVSCKZKUHDF,0.24691666666666667
NVT-XK786P9WJCZ8,0.24691666666666667
NVT-MNSNNTABW5F8,0.24691666666666667
NVT-2J973UZBCLG7,0.24691666666666667
NVT-WV6GLALZDGJF,0.24691666666666667
NVT-4ZVN5XDPCKCJ,0.24691666666666667
NVT-LVXGT7BVRPHQ,0.24691666666666667
NVT-B26PGFJ8JU22,0.24691666666666667
NVT-BCFVMQ3YF6QU,0.24691666666666667
NVT-5XH87R69HDYX,0.24691666666666667
NVT-3CGLRWBQMKFN,0.24691666666666667
NVT-U639F5RVUVGR,0.24691666666666667
NVT-GNQL9ZGZXBKT,0.24691666666666667
NVT-JB4MY6J5EBMY,0.24691666666666667
NVT-6CHQD7PVAAQB,0.24691666666666667
NVT-ZJC3ULNKHMLP,0.24691666666666667
NVT-N3S96U56MRXM,0.24691666666666667
NVT-QPKGZMA7UV3T,0.24691666666666667
NVT-DN37P9Z62HLX,0.24691666666666667
NVT-CHSM3Y48GDCA,0.24691666666666667
NVT-V5N5N5DJSHEW,0.24691666666666667
NVT-MVLHD4UBQXHD,0.24691666666666667
NVT-RHUQRMK7Y5U2,0.24691666666666667
NVT-DST8Z5E2SKDY,0.24691666666666667
NVT-PB2CLPRSN6NT,0.24691666666666667
NVT-UKJH5MYRPDY5,0.24691666666666667
NVT-45ZQ6HA4UF7X,0.24691666666666667
NVT-QBWZSA75478K,0.24691666666666667
NVT-3PKB7WPWVFPU,0.24691666666666667
NVT-NUN3MJ5XBJ4N,0.24691666666666667
NVT-GK6U7E5CUHSC,0.24691666666666667
NVT-KR8JPPFSDMJP,0.24691666666666667
NVT-MBKKBSFPYV62,0.24691666666666667
NVT-TMM5NVL9WCV5,0.24691666666666667
NVT-NBPQRBGUM58X,0.24691666666666667
NVT-S3LPXW69A59H,0.24691666666666667
NVT-LNPHMCSSPTDC,0.24691666666666667
NVT-U6S6QK7X4BNL,0.24691666666666667
NVT-HYGNKY6C4YL2,0.24691666666666667
NVT-4QK3WDSLFQCD,0.24691666666666667
NVT-XUPHJ77L9KZC,0.24691666666666667
NVT-H72QQN3XNM9D,0.24691666666666667
NVT-WDJ696NX6W24,0.24691666666666667
NVT-UYAJ5VSNHKGB,0.24691666666666667
NVT-S2DLV9HJ7B57,0.24691666666666667
NVT-VTAXAD4KA9Q4,0.24691666666666667
NVT-B9U2DJMAFBV7,0.24691666666666667
NVT-DMXSXTJ7TT7A,0.24691666666666667
NVT-97T4QDL6FCQL,0.24691666666666667
NVT-VT8ZGBZNLMQJ,0.24691666666666667
NVT-DSNSNK9MVTJ4,0.24691666666666667
NVT-VFETMF59BB64,0.24691666666666667
NVT-W8V6VWV2WKFE,0.24691666666666667
NVT-2WLRPCHQNZ6P,0.24691666666666667
NVT-AM9TQ39X5WYD,0.24691666666666667
NVT-TEMHJANQ55NB,0.24691666666666667
NVT-JUTQC5GAT5QL,0.24691666666666667
NVT-75QYSF8T3FG5,0.24691666666666667
NVT-Q5979J5JM2FB,0.24691666666666667
NVT-C994AGCTT2PG,0.24691666666666667
NVT-US5TW5EDJWZC,0.24691666666666667
NVT-7SE4QTNSXTP4,0.24691666666666667
NVT-3GX6YCXZ6BAN,0.24691666666666667
NVT-9YADHEAJ2YDL,0.24691666666666667
NVT-N3FXNSVFS942,0.24691666666666667
NVT-W34DFHLQDA5C,0.24691666666666667
NVT-649G6ULDY2N9,0.24691666666666667
NVT-L542WFPSSG64,0.24691666666666667
NVT-YP5UA8WU23MU,0.24691666666666667
NVT-KCZPR9KWHVWF,0.24691666666666667
NVT-75DQXA4SYTP8,0.24691666666666667
NVT-WTFHVSW7V7C6,0.24691666666666667
NVT-9WSH337SERQC,0.24691666666666667
NVT-M46UFYXV6W5M,0.24691666666666667
NVT-2WGSL7NLH6G3,0.24691666666666667
NVT-X3VA7BCZQCFJ,0.24691666666666667
NVT-RBEMUM6PJ2V4,0.24691666666666667
NVT-QPH3DKVWMDD6,0.24691666666666667
NVT-BHF3ZWS84AUH,0.24691666666666667
NVT-DKC2UQ63T9GW,0.24691666666666667
NVT-2LGPNJ3EQLYL,0.24691666666666667
NVT-GQ6KDN3AHJ5H,0.24691666666666667
NVT-KW8T59LR9573,0.24691666666666667
NVT-SGFQF3TWAFE4,0.24691666666666667
NVT-NLMHZYWTTTEF,0.24691666666666667
NVT-JNXLF5UYDYSP,0.24691666666666667
NVT-EETF8TZDTNMM,0.24691666666666667
NVT-LUZLQYV6SK7Y,0.24691666666666667
NVT-S3JCHY5EFSB8,0.24691666666666667
NVT-N7PRSDQJG7C8,0.24691666666666667
NVT-QD6V46PYWY6G,0.24691666666666667
NVT-S8SJFCGUGQB7,0.24691666666666667
NVT-YLLYRFF7MFA4,0.24691666666666667
NVT-L7U2R4BAVER3,0.24691666666666667
NVT-5UFXL9KJCT9K,0.24691666666666667
NVT-DWBYFUCTM7AE,0.24691666666666667
NVT-KL26DKNEGFAV,0.24691666666666667
NVT-YMAMDT9B26V4,0.24691666666666667
NVT-FJ3YPY3SQ5F3,0.24691666666666667
NVT-6LU89RCM9RDE,0.24691666666666667
NVT-MJZJ8NGCMGSG,0.24691666666666667
NVT-T42UM7UPSH5R,0.24691666666666667
NVT-KL4H9GLL8G8F,0.24691666666666667
NVT-9DTG6JUW65WU,0.24691666666666667
NVT-HLN766BHFGZN,0.24691666666666667
NVT-KTTJ5PFAZJ29,0.24691666666666667
NVT-23PJRDUYWMAB,0.24691666666666667
NVT-PZDSESTJVHR8,0.24691666666666667
NVT-RP2KTQDPL5GQ,0.24691666666666667
NVT-XBFBVYTZSNCN,0.24691666666666667
NVT-34WAKS24KR25,0.24691666666666667
NVT-VBLHMLCJJ4LD,0.24691666666666667
NVT-KJMRF8ZCVPH9,0.24691666666666667
NVT-HCGKVFWTKS8L,0.24691666666666667
NVT-9T2ABCGH99AV,0.24691666666666667
NVT-K9XYQSCSXNYF,0.24691666666666667
NVT-E9G8QV2R983F,0.24691666666666667
NVT-GYF4TU4ZGCZ2,0.24691666666666667
NVT-QK229V82DY67,0.24691666666666667
NVT-35DBHX65NYWF,0.24691666666666667
NVT-BT4T2QD34J24,0.24691666666666667
NVT-DMYZTZXSU6L7,0.24691666666666667
NVT-UZFYEUM5HGRK,0.24691666666666667
NVT-XAEG4F49V9S5,0.24691666666666667
NVT-8JQRBM8WHEZF,0.24691666666666667
NVT-H5S3YH6X9XB8,0.24691666666666667
NVT-S2PPFXA72V6A,0.24691666666666667
NVT-QVWRXLY4AJUQ,0.24691666666666667
NVT-XLN44DRYHXCV,0.24691666666666667
NVT-MLGD3RU2ECRL,0.24691666666666667
NVT-2LM33MPPW93N,0.24691666666666667
NVT-RBW2LPZBPPBK,0.24691666666666667
NVT-N2V2CR7AZ2KZ,0.24691666666666667
NVT-U5LKNDA5LPDS,0.24691666666666667
NVT-2Y3TQ9ZHB2UR,0.24691666666666667
NVT-8FKUDLZ8CYBH,0.24691666666666667
NVT-CZJMQSZLY47D,0.24691666666666667
NVT-RG8TGYH6WXCR,0.24691666666666667
NVT-NLPXHCLMNJR3,0.24691666666666667
NVT-NR2LGSQATTD8,0.24691666666666667
NVT-PVT9DZPN592Q,0.24691666666666667
NVT-ZYW598GZLFAK,0.24691666666666667
NVT-3WNHHQUPBVJ7,0.24691666666666667
NVT-N9YUSZJFUMQ8,0.24691666666666667
NVT-F33SKEGGWGDD,0.24691666666666667
NVT-SGKKDVJXK7EG,0.24691666666666667
NVT-XKHQNFJ56WGS,0.24691666666666667
NVT-5BBBFNYJ37KH,0.24691666666666667
NVT-FZ6T5D6WCKFE,0.24691666666666667
NVT-R6SBJS6PNXNU,0.24691666666666667
NVT-5PV84X46V3N5,0.24691666666666667
NVT-YXDWHN4EE7G6,0.24691666666666667
NVT-6D4M2ZYJNGG6,0.24691666666666667
NVT-3GCKP3AYKDU8,0.24691666666666667
NVT-H3JEWSHCGGRJ,0.24691666666666667
NVT-2W6KUUS92DZJ,0.24691666666666667
NVT-9UZCNYD798VW,0.24691666666666667
NVT-ZDF4N3UDNT5N,0.24691666666666667
NVT-C57GGY6B87ZM,0.24691666666666667
NVT-S4ZFHMSY9X7E,0.24691666666666667
NVT-SU3T9WBSUG6K,0.24691666666666667
NVT-WFSZ2MQJGQLH,0.24691666666666667
NVT-E435D65CSJL8,0.24691666666666667
NVT-VGRT48N2UMVL,0.24691666666666667
NVT-MEKHYKJX475E,0.24691666666666667
NVT-U9HBGBJ9UH62,0.24691666666666667
NVT-L7PERQQE5TB9,0.24691666666666667
NVT-R3BXU7GHHBJQ,0.24691666666666667
NVT-LYZ3GKFX2X67,0.24691666666666667
NVT-H5YA3HDMQYWT,0.24691666666666667
NVT-79SXZ3VWHH32,0.24691666666666667
NVT-8GKE6PPT5KRB,0.24691666666666667
NVT-SUPVT8E7UYYM,0.24691666666666667
NVT-7V3BQYTNY9XM,0.24691666666666667
NVT-T56JW64AVE96,0.24691666666666667
NVT-9YUEA7MWURP7,0.24691666666666667
NVT-P79NC3JW85ZE,0.24691666666666667
NVT-WW938X2CXA72,0.24691666666666667
NVT-VPJE5NCYZABZ,0.24691666666666667
NVT-NAMMRFS56QK2,0.24691666666666667
NVT-PCUT6YNKG32E,0.24691666666666667
NVT-YZCWF6YDSBR7,0.24691666666666667
NVT-E5WGJX7MHP8L,0.24691666666666667
NVT-L6JB7ZBT9EP9,0.24691666666666667
NVT-JSRK7EPGSQT9,0.24691666666666667
NVT-Z3F5BLGQCBF5,0.24691666666666667
NVT-XCUNKRVHNMN8,0.24691666666666667
NVT-A9SFZ6ZPRR4P,0.24691666666666667
NVT-6AYVQXBYSYNV,0.24691666666666667
NVT-V494HZ574ZQ4,0.24691666666666667
NVT-XULY8M8YA38U,0.24691666666666667
NVT-BKEWPWNEANEV,0.24691666666666667
NVT-VG8RMSRDHLPP,0.24691666666666667
NVT-7LAT6TFHMW3T,0.24691666666666667
NVT-7WQVVQ9FJ8YR,0.24691666666666667
NVT-68QJA7WG3RGX,0.24691666666666667
NVT-U44CF8XTCP7C,0.24691666666666667
NVT-AF946UH7PM9C,0.24691666666666667
NVT-TXPTK24DPXED,0.24691666666666667
NVT-WYZTRAGPE5LP,0.24691666666666667
NVT-LJZQPHJE668D,0.24691666666666667
NVT-A5K9DBS76YLP,0.24691666666666667
NVT-CMN6D6MGSWPX,0.24691666666666667
NVT-RHCQN6QTM5GJ,0.24691666666666667
NVT-LKWSNCRVE75F,0.24691666666666667
NVT-MBYTNFMV5JGF,0.24691666666666667
NVT-5D5E9XBZD3YJ,0.24691666666666667
NVT-VZR94E9DXYLE,0.24691666666666667
NVT-SFF9QFBRHKYV,0.24691666666666667
NVT-THU95X7LNCJ5,0.24691666666666667
NVT-TRBS67UP2XP3,0.24691666666666667
NVT-CCJPED6ZZK2S,0.24691666666666667
NVT-6PYVEDKKY5W3,0.24691666666666667
NVT-4G8SYVYAMUX6,0.24691666666666667
NVT-QEXR4FEJ25EH,0.24691666666666667
NVT-6TXQAEWL7UFL,0.24691666666666667
NVT-5Y85BKHGD7AN,0.24691666666666667
NVT-9F8XP6B3MPVJ,0.24691666666666667
NVT-U2NC93NQ2EQF,0.24691666666666667
NVT-L3XPTENGCB49,0.24691666666666667
NVT-TJZYP8DHUMMV,0.24691666666666667
NVT-N83KN8PKDQ5B,0.24691666666666667
NVT-8BEGVP57TNRW,0.24691666666666667
NVT-R5N4QPCPTG64,0.24691666666666667
NVT-F3C2X9YCHLQH,0.24691666666666667
NVT-X6SUUA2YNXM7,0.24691666666666667
NVT-SSTXFWTUDVBZ,0.24691666666666667
NVT-UVMEVK4WQQ7L,0.24691666666666667
NVT-95X7SMVRZGBT,0.24691666666666667
NVT-83NSPTH8EA2M,0.24691666666666667
NVT-FTCYX9BYMR4C,0.24691666666666667
NVT-UKH7D2ZJYWUK,0.24691666666666667
NVT-KTN2GX82442F,0.24691666666666667
NVT-FUAGG63JUA3P,0.24691666666666667
NVT-6QLFMQ7ED48G,0.24691666666666667
NVT-GHVXT4MLPFJX,0.24691666666666667
NVT-ZS8VECSW74Y4,0.24691666666666667
NVT-YJ68ZA58CKLV,0.24691666666666667
NVT-LDJKJ7U35BPS,0.24691666666666667
NVT-QC8JC7Q95AS9,0.24691666666666667
NVT-NAFL9YYGQKHR,0.24691666666666667
NVT-AQHPCF4LA76X,0.24691666666666667
NVT-2DEWKA9F4NND,0.24691666666666667
NVT-SYJY6A9MPT2C,0.24691666666666667
NVT-KWL2NQKRL4QB,0.24691666666666667
NVT-AAUX3AKQ7M2W,0.24691666666666667
NVT-J3Y45M6YTPKY,0.24691666666666667
NVT-K8YLKA69NKNB,0.24691666666666667
NVT-8E7LP55JVP7G,0.24691666666666667
NVT-ZRLCCD2QQ8HJ,0.24691666666666667
NVT-M6Y95N4HX7PA,0.24691666666666667
NVT-JV68RBXQNTNY,0.24691666666666667
NVT-F5B7L5BM865T,0.24691666666666667
NVT-T5SXZ84FHZBK,0.24691666666666667
NVT-ULYAZ5WBY4QA,0.24691666666666667
NVT-R4F5JL58VWF7,0.24691666666666667
NVT-254JH8QYSML3,0.24691666666666667
NVT-GC58SZ2RV649,0.24691666666666667
NVT-BBHJ73GR5Y49,0.24691666666666667
NVT-UYFKCTNWCDPH,0.24691666666666667
NVT-K35US5ZXYRC4,0.24691666666666667
NVT-PLAFJSNBAUQP,0.24691666666666667
NVT-FCQFCDS5NUXY,0.24691666666666667
NVT-CMHGQUQHYTPM,0.24691666666666667
NVT-N5UUQQRWU733,0.24691666666666667
NVT-9EEGCQVAWUPW,0.24691666666666667
NVT-27UTXKEZDR8R,0.24691666666666667
NVT-49BXUBJKZWX7,0.24691666666666667
NVT-6USA32XAWJDT,0.24691666666666667
NVT-E7NNPXD6M4AM,0.24691666666666667
NVT-QTBXLSP2CQTC,0.24691666666666667
NVT-N9ETJ6N56ZZ9,0.24691666666666667
NVT-HMDK2NMATKUE,0.24691666666666667
NVT-5CGSH45RLS3C,0.24691666666666667
NVT-RW2W7CK7PLZL,0.24691666666666667
NVT-DS6H67DLN9BH,0.24691666666666667
NVT-ZRMVDX7J6SQS,0.24691666666666667
NVT-ZKF7KNW6UD7L,0.24691666666666667
NVT-MWV6J2BTJQPH,0.24691666666666667
NVT-V74U4VDYFQ2N,0.24691666666666667
NVT-6B7ZANES7JWA,0.24691666666666667
NVT-LXQMNYAFKUC7,0.24691666666666667
NVT-4F2DKSCCPFJQ,0.24691666666666667
NVT-3NZ2HSW3R83B,0.24691666666666667
NVT-YZW3KXZGV8WC,0.24691666666666667
NVT-F4VU7X5QP7UQ,0.24691666666666667
NVT-533WQ4MZDDQ4,0.24691666666666667
NVT-U4DBL3LJLFZT,0.24691666666666667
NVT-N8549DPKJHV2,0.24691666666666667
NVT-VB3Y647ZDYSG,0.24691666666666667
NVT-2Q7LHJQUVHQY,0.24691666666666667
NVT-QB9R4XEV4BGG,0.24691666666666667
NVT-SPZ9EKJK24WW,0.24691666666666667
NVT-G8BRVXMGUXNR,0.24691666666666667
NVT-5QUJH3KR6JGH,0.24691666666666667
NVT-SNN8248FYZCY,0.24691666666666667
NVT-MH7YGQMZ6LTC,0.24691666666666667
NVT-7793LDJNT79F,0.24691666666666667
NVT-7CLSUFBAT5EW,0.24691666666666667
NVT-Z3G9MNF7BVY7,0.24691666666666667
NVT-D8BRQQSBT7DM,0.24691666666666667
NVT-Q7K6CKMAT4NR,0.24691666666666667
NVT-5BDRLU3ZTUJ2,0.24691666666666667
NVT-TZ6QNBXLNAFN,0.24691666666666667
NVT-JJ26LXA466TY,0.24691666666666667
NVT-7R9CGYBJGCTN,0.24691666666666667
NVT-BFCHV3MVGKBE,0.24691666666666667
NVT-N5CU5L6XHL9K,0.24691666666666667
NVT-C6RA28DFLHRR,0.24691666666666667
NVT-KMTP2ADUDX34,0.24691666666666667
NVT-V8Q4WCF2SJJX,0.24691666666666667
NVT-24L2NXD6D6YZ,0.24691666666666667
NVT-FGV552UFMQDS,0.24691666666666667
NVT-AZLRKSKSMKWT,0.24691666666666667
NVT-6FBVTYSGXKP5,0.24691666666666667
NVT-C85N9DN8ZUNE,0.24691666666666667
NVT-U7AW24XHP8GA,0.24691666666666667
NVT-CABGLS3FYW24,0.24691666666666667
NVT-CGQTNWS6J6YC,0.24691666666666667
NVT-VNUV8WN74AUY,0.24691666666666667
NVT-EX64QPSN4YNS,0.24691666666666667
NVT-X9ZX7PCU2GDB,0.24691666666666667
NVT-LZ72NAWL5UA9,0.24691666666666667
NVT-ZTKPMQQRTFRQ,0.24691666666666667
NVT-FUYWPF5S498E,0.24691666666666667
NVT-CUWJT3ED25PQ,0.24691666666666667
NVT-J4ZSEY8JS5CQ,0.24691666666666667
NVT-KBWT4S2JBJWS,0.24691666666666667
NVT-X5ZRSEWX8PYL,0.24691666666666667
NVT-X2DZ69U3MD6V,0.24691666666666667
NVT-5U9RCXMMC25M,0.24691666666666667
NVT-B2GHFEHQBHPT,0.24691666666666667
NVT-XBLNUJM7ZBD4,0.24691666666666667
NVT-8CWWTKCMYFSY,0.24691666666666667
NVT-VSW6RZ8XGEJJ,0.24691666666666667
NVT-SHPGCCAKRSXH,0.24691666666666667
NVT-3BNT576RGQWP,0.24691666666666667
NVT-RVHEKYGABE8C,0.24691666666666667
NVT-3JZP3QM6WNL9,0.24691666666666667
NVT-VGS6V3RT7SK5,0.24691666666666667
NVT-U4ANATA9LNSW,0.24691666666666667
NVT-4FFWG22RPY9V,0.24691666666666667
NVT-J4LGYFNGFXBV,0.24691666666666667
NVT-Q49ZPRJEXVVR,0.24691666666666667
NVT-G379C4RWCCCA,0.24691666666666667
NVT-L2R5EBWT2HLT,0.24691666666666667
NVT-5DH4JQ6RMQYF,0.24691666666666667
NVT-JJKHVV8G9AV7,0.24691666666666667
NVT-SC5WAHGF4GCS,0.24691666666666667
NVT-3TDAFXCRRZVQ,0.24691666666666667
NVT-W9MB2UFTHVBK,0.24691666666666667
NVT-96WB4S2LP73F,0.24691666666666667
NVT-RLACZC8BSUAB,0.24691666666666667
NVT-K485M2TN7WUR,0.24691666666666667
NVT-LD5TVM68KSLS,0.24691666666666667
NVT-779K3D46S3PR,0.24691666666666667
NVT-VLXFU8FJNG4M,0.24691666666666667
NVT-ZH35YTHH3EWW,0.24691666666666667
NVT-9WP8CKG9M6JG,0.24691666666666667
NVT-FQLXG7THTW8K,0.24691666666666667
NVT-QRP3FC9GHZBR,0.24691666666666667
NVT-NWL5Q8K6P5HN,0.24691666666666667
NVT-XY8CKNL586XE,0.24691666666666667
NVT-RC4NBDSZWWVD,0.24691666666666667
NVT-D5J3BHR9XCEZ,0.24691666666666667
NVT-KSLM2GHQTZXG,0.24691666666666667
NVT-DDHN4NDREX5Z,0.24691666666666667
NVT-XDP49TH62RAK,0.24691666666666667
NVT-TVY2N6G25NZB,0.24691666666666667
NVT-FPFDEKW43P7B,0.24691666666666667
NVT-DDFD8D2EZHZU,0.24691666666666667
NVT-KA2MZ2XNLZW4,0.24691666666666667
NVT-WMD7LUYJBQ7Y,0.24691666666666667
NVT-8N75E8X8924Y,0.24691666666666667
NVT-8FWVLEJ7NWQD,0.24691666666666667
NVT-8U62RH9JMPRB,0.24691666666666667
NVT-SGYJKNYMM3SR,0.24691666666666667
NVT-V8GHUXS8EFGR,0.24691666666666667
NVT-CLT2GV5NXLQ3,0.24691666666666667
NVT-WXWQGY3BDD3D,0.24691666666666667
NVT-HSE7ERSYMWTG,0.24691666666666667
NVT-5DTB2XPJX2ZV,0.24691666666666667
NVT-YM8ZAMKNY4AB,0.24691666666666667
NVT-KTGAGEZZU6G2,0.24691666666666667
NVT-8CXG33PZKKST,0.24691666666666667
NVT-Q73LX4V95CFQ,0.24691666666666667
NVT-NEBP5FP3JZEC,0.24691666666666667
NVT-AZY7HQPJZEED,0.24691666666666667
NVT-KNKBQQY2T7GF,0.24691666666666667
NVT-X2LR63TXZG6S,0.24691666666666667
NVT-F8GCZKDD79ZX,0.24691666666666667
NVT-SKPCPB3M5SXM,0.24691666666666667
NVT-DXGKNSZFREYL,0.24691666666666667
NVT-2K59XDXFZUL9,0.24691666666666667
NVT-HMTDBS5FQ32V,0.24691666666666667
NVT-C9H5FGEM674Z,0.24691666666666667
NVT-HDPJ7KJ6N4RJ,0.24691666666666667
NVT-AEPULTD6Y6E3,0.24691666666666667
NVT-8FGGJVMBW25M,0.24691666666666667
NVT-N5DVSDMKFFCZ,0.24691666666666667
NVT-U6MQ4TVGKTQD,0.24691666666666667
NVT-WRUC5LGWUC2R,0.24691666666666667
NVT-D5C4WSMU4NC6,0.24691666666666667
NVT-HC96ELWAKGBY,0.24691666666666667
NVT-FT8WPN5ZTNYA,0.24691666666666667
NVT-BTVWPFF2WX3T,0.24691666666666667
NVT-6LNYESQ2E9D8,0.24691666666666667
NVT-5DAU7L2UC3VB,0.24691666666666667
NVT-NKM4A5RQVYBZ,0.24691666666666667
NVT-BWCDJGJ8STBQ,0.24691666666666667
NVT-MF6L72QZ9SDZ,0.24691666666666667
NVT-2G2EPU6HKQ3A,0.24691666666666667
NVT-YP5DC2F2HR47,0.24691666666666667
NVT-ZZDN8WGQEXZQ,0.24691666666666667
NVT-LZ7DKU6EKUEE,0.24691666666666667
NVT-ZYVH3QMMVADM,0.24691666666666667
NVT-G8XR2NB5G5Z4,0.24691666666666667
NVT-TKBFPMV9TT8W,0.24691666666666667
NVT-T4SD26KWEMBG,0.24691666666666667
NVT-W4LGX4MANKWK,0.24691666666666667
NVT-A8K58GLR3PDP,0.24691666666666667
NVT-G46X5NNHW5R6,0.24691666666666667
NVT-463FXHVLFQR6,0.24691666666666667
NVT-X7PN6P9CWBYB,0.24691666666666667
NVT-A75MSEA8AT2Q,0.24691666666666667
NVT-TJF8GE5CGRVY,0.24691666666666667
NVT-MXQAKAP7E3Z9,0.24691666666666667
NVT-6KUXVAGMYB97,0.24691666666666667
NVT-8EF5KNWR2NSV,0.24691666666666667
NVT-JGAHR892K9CJ,0.24691666666666667
NVT-YBTRH9YZDRYP,0.24691666666666667
NVT-HMFNP8QEMUNN,0.24691666666666667
NVT-Q7EMA2PJVXR4,0.24691666666666667
NVT-CBUYEYWVVVKL,0.24691666666666667
NVT-TX62ZHAJKRSH,0.24691666666666667
NVT-G63ZEJKTX84M,0.24691666666666667
NVT-T95ES3ZTPBKB,0.24691666666666667
NVT-FQRDAYV2J992,0.24691666666666667
NVT-E8R3KVEFSTZV,0.24691666666666667
NVT-6Z5S2V8VUFMF,0.24691666666666667
NVT-CTVXGU26LH8Q,0.24691666666666667
NVT-TBCGCRVENJKM,0.24691666666666667
NVT-2H57HM5UMWS9,0.24691666666666667
NVT-BD4RYM65RE5L,0.24691666666666667
NVT-2TGDMG6FVBPB,0.24691666666666667
NVT-F8TXX5EV9FCG,0.24691666666666667
NVT-UY6K3WF5A2PB,0.24691666666666667
NVT-HMSH3T397HR8,0.24691666666666667
NVT-7TSLFXLFJ3VR,0.24691666666666667
NVT-YVBNL9SAVV3C,0.24691666666666667
NVT-F9ET9DN79D2U,0.24691666666666667
NVT-DQ54BPA26ZPQ,0.24691666666666667
NVT-ZRX3FHWYFR7Q,0.24691666666666667
NVT-NKE98ZR5R5UE,0.24691666666666667
NVT-79VPR7UDN6S2,0.24691666666666667
NVT-G457LV3F694V,0.24691666666666667
NVT-8QPRFM93XZAV,0.24691666666666667
NVT-CWUETFV7DN2C,0.24691666666666667
NVT-HAA3BEZBF9FL,0.24691666666666667
NVT-3TH5UQAZWC6W,0.24691666666666667
NVT-7S8BUFVV3EAF,0.24691666666666667
NVT-8Z4AMVA6KGPX,0.24691666666666667
NVT-JJE2XEMXKNVQ,0.24691666666666667
NVT-2MHC6ZJX7PY2,0.24691666666666667
NVT-2LVD4JMRJBHN,0.24691666666666667
NVT-CTT797DLGSTD,0.24691666666666667
NVT-PDPUUYNXZQXE,0.24691666666666667
NVT-WVACS6XQWQX2,0.24691666666666667
NVT-QQ4AN4VRVVTJ,0.24691666666666667
NVT-DA3Z3RHJ9RUP,0.24691666666666667
NVT-EH3DKTYDUHXC,0.24691666666666667
NVT-2PSLABPBZNZQ,0.24691666666666667
NVT-G46QKAGS5GLW,0.24691666666666667
NVT-K9L2KHPAEDZE,0.24691666666666667
NVT-RWYAAC6YCBNT,0.24691666666666667
NVT-QA3JW82L9KFV,0.24691666666666667
NVT-FYYTMRHLTXBK,0.24691666666666667
NVT-NCTR6EYFTAHH,0.24691666666666667
NVT-FX8SQJWW2STA,0.24691666666666667
NVT-7RET2CCJCC2G,0.24691666666666667
NVT-QBFHPANNAG4T,0.24691666666666667
NVT-BWXHJYN3BEHQ,0.24691666666666667
NVT-PG62XLYRKF97,0.24691666666666667
NVT-J4CMWLPLKZBD,0.24691666666666667
NVT-8257PWJ8AS7Y,0.24691666666666667
NVT-6NZPWNQPWKB5,0.24691666666666667
NVT-U27WZJAYJ7W3,0.24691666666666667
NVT-VF894BJ4V6YC,0.24691666666666667
NVT-ZB9L3EKG2G7C,0.24691666666666667
NVT-9FTGTYUHDCSY,0.24691666666666667
NVT-YTC25H5NCUWG,0.24691666666666667
NVT-YLKDDUNAL5BP,0.24691666666666667
NVT-DRZDRAE3ATYP,0.24691666666666667
NVT-NQ9LRH6MTCFS,0.24691666666666667
NVT-QK9PNTBNNXCS,0.24691666666666667
NVT-G663A85Q3RW3,0.24691666666666667
NVT-KX282YQVV9NK,0.24691666666666667
NVT-CXLZZ4YWT775,0.24691666666666667
NVT-VEDVMAX5LMCC,0.24691666666666667
NVT-HRQS64W4Z8Z4,0.24691666666666667
NVT-FNE9PZDD5LCU,0.24691666666666667
NVT-W85ESXVLMU5X,0.24691666666666667
NVT-CEDAR2ZG6TTS,0.24691666666666667
NVT-J66MR64GVAHM,0.24691666666666667
NVT-VFFNHZWQ7QN5,0.24691666666666667
NVT-X5RVWV2DYP9M,0.24691666666666667
NVT-LY2K4MQ9QD2J,0.24691666666666667
NVT-9CZ4JJN8J8HM,0.24691666666666667
NVT-MRW5MXGQ3D5P,0.24691666666666667
NVT-7WJTSABPW9YN,0.24691666666666667
NVT-Y7FF8KGEWRC5,0.24691666666666667
NVT-Z4X2Z7PNK8XB,0.24691666666666667
NVT-86MWKCKTB3Y5,0.24691666666666667
NVT-H9TZXMEUZQKU,0.24691666666666667
NVT-K3B69LVJJAT2,0.24691666666666667
NVT-5Z4SQYCY52PP,0.24691666666666667
NVT-NHSFV5WRF6RF,0.24691666666666667
NVT-PPSMR5KS5P2L,0.24691666666666667
NVT-M5EVZRJEE6S8,0.24691666666666667
NVT-UJ73F2N7XQTS,0.24691666666666667
NVT-W2BSVVB7GNWW,0.24691666666666667
NVT-TW3FA5KA7NM2,0.24691666666666667
NVT-UL2CJS2XA8VK,0.24691666666666667
NVT-UPCH2NM6GH3G,0.24691666666666667
NVT-SKPWVKWNQY6U,0.24691666666666667
NVT-EF49FFCV23J8,0.24691666666666667
NVT-P7H97X9SY5XV,0.24691666666666667
NVT-C2DVQZ5JBGVP,0.24691666666666667
NVT-JK7L6CKN8GG8,0.24691666666666667
NVT-C9BFCUP85Z8V,0.24691666666666667
NVT-NKV5U79YYNSZ,0.24691666666666667
NVT-YZBHLWE95ZCL,0.24691666666666667
NVT-6MKFV6PQG5PS,0.24691666666666667
NVT-FHA5HPQMY2MD,0.24691666666666667
NVT-NXD9AUYBYV89,0.24691666666666667
NVT-ZESU3G52MEAQ,0.24691666666666667
NVT-APSAN8WKNMBW,0.24691666666666667
NVT-AUTT462U2CEL,0.24691666666666667
NVT-P5PN2MSHMYWF,0.24691666666666667
NVT-DF274DFALYXS,0.24691666666666667
NVT-HCEZFHEAMD5N,0.24691666666666667
NVT-P4V5PBHG452B,0.24691666666666667
NVT-NHZZ9R4X7G9J,0.24691666666666667
NVT-RSYYTXZ36GUS,0.24691666666666667
NVT-4JU9N8N2VE9E,0.24691666666666667
NVT-5KMNATM66V2C,0.24691666666666667
NVT-U2K6JMWZNSVW,0.24691666666666667
NVT-QU98JE56T5XF,0.24691666666666667
NVT-FQWXK4MYCGJX,0.24691666666666667
NVT-CXCJX4CPB2K4,0.24691666666666667
NVT-B5PZ5U9YSB8T,0.24691666666666667
NVT-BJQV5CF3XT2C,0.24691666666666667
NVT-A2DHJTABLD2Z,0.24691666666666667
NVT-VH32RE54PA6A,0.24691666666666667
NVT-7YAPMUNKMX5M,0.24691666666666667
NVT-KK9J255J4CWZ,0.24691666666666667
NVT-V4P6UGYUFB63,0.24691666666666667
NVT-DBUNMRMZVQXN,0.24691666666666667
NVT-PEG8KLCMNXCG,0.24691666666666667
NVT-E253DJVH2857,0.24691666666666667
NVT-K99JL7RQ9W8E,0.24691666666666667
NVT-A6BMKQSGQNFZ,0.24691666666666667
NVT-XS7THSBZMLTJ,0.24691666666666667
NVT-WGMKREVVG5WV,0.24691666666666667
NVT-BXWA5SGC9KLD,0.24691666666666667
NVT-E5D666TVZY3U,0.24691666666666667
NVT-CKBHE7GN9XMH,0.24691666666666667
NVT-6TYBZ87Z9VH5,0.24691666666666667
NVT-M9SW4HJCNV9Q,0.24691666666666667
NVT-LCM2SC5QS67C,0.24691666666666667
NVT-VD6RZ8ZDJ6Y8,0.24691666666666667
NVT-2JBWVV99F8TU,0.24691666666666667
NVT-4HPEY7QBE8TC,0.24691666666666667
NVT-7ST5KLJHDVM3,0.24691666666666667
NVT-7L55S6THUD5K,0.24691666666666667
NVT-J3MV2P8HPAVB,0.24691666666666667
NVT-3FLT3EGR3552,0.24691666666666667
NVT-TXFW2JEY65BQ,0.24691666666666667
NVT-73PL69XF8AC8,0.24691666666666667
NVT-Z3Q9DML6EBSF,0.24691666666666667
NVT-FBP8S4THLVVN,0.24691666666666667
NVT-GMJZYVU4WBJH,0.24691666666666667
NVT-4865CYCEHFGD,0.24691666666666667
NVT-EHCDS5APG35V,0.24691666666666667
NVT-JB6GJGYY4UP8,0.24691666666666667
NVT-QAPS3M32D4XL,0.24691666666666667
NVT-53BRJXGXWZHE,0.24691666666666667
NVT-KYDJ9XSU7SAA,0.24691666666666667
NVT-RQDEQWS4K8ZJ,0.24691666666666667
NVT-U73MBRKJXHW6,0.24691666666666667
NVT-CJH8LB3CYU7U,0.24691666666666667
NVT-4GFWEUCNWART,0.24691666666666667
NVT-886X9TEDE5PJ,0.24691666666666667
NVT-NP5Y229FJCQX,0.24691666666666667
NVT-NC6CKLZ8MSAW,0.24691666666666667
NVT-ZFYCNU7R5RKT,0.24691666666666667
NVT-G8B3H8KFTL3Y,0.24691666666666667
NVT-R4UMQVTTTF92,0.24691666666666667
NVT-XAD4F7T4JEWF,0.24691666666666667
NVT-5A42PXPAHVCQ,0.24691666666666667
NVT-86SCLLYETVGW,0.24691666666666667
NVT-ZU2KNC3EQXK2,0.24691666666666667
NVT-U2YVK9WMUGGW,0.24691666666666667
NVT-GLNHRDK77VS9,0.24691666666666667
NVT-6ACV2VKFV3MS,0.24691666666666667
NVT-8RMVPKX4L3HA,0.24691666666666667
NVT-HRN86WVYPMK6,0.24691666666666667
NVT-KKCRDSG357WP,0.24691666666666667
NVT-LV5KFG4SAFB5,0.24691666666666667
NVT-LP26A7JPWFWB,0.24691666666666667
NVT-RHNR7HL4TKVD,0.24691666666666667
NVT-G3MB3P4PWUTU,0.24691666666666667
NVT-QK4S7CEM58WP,0.24691666666666667
NVT-GV9RMXC3H3DS,0.24691666666666667
NVT-HZSS5WVM9JDT,0.24691666666666667
NVT-MD8S4ZMVCSAD,0.24691666666666667
NVT-H9V4RMMUUT4Q,0.24691666666666667
NVT-PRQ7WEDV5PTH,0.24691666666666667
NVT-KBS27SUDLYT9,0.24691666666666667
NVT-B59VZWVPK6ES,0.24691666666666667
NVT-RZQ4NELHYCE7,0.24691666666666667
NVT-4PW2JWHG7TXY,0.24691666666666667
NVT-WQEU8WYZRTAP,0.24691666666666667
NVT-YUSDCGR2KCD4,0.24691666666666667
NVT-KLX2A27SPXA3,0.24691666666666667
NVT-9DAEA57YDMFC,0.24691666666666667
NVT-F55ETT5QXXE4,0.24691666666666667
NVT-5SB6X462ZUYR,0.24691666666666667
NVT-82T7P7NKPU9W,0.24691666666666667
NVT-6U4R5VUVXY8Y,0.24691666666666667
NVT-VARQ6NM7J86W,0.24691666666666667
NVT-Y5KZ69LFGFP2,0.24691666666666667
NVT-UUZHYW2J69YC,0.24691666666666667
NVT-N8ADZDSM8CK2,0.24691666666666667
NVT-J3XBWE2YYWAR,0.24691666666666667
NVT-EDY7JWSCQMZP,0.24691666666666667
NVT-NDKXPJ2S28PG,0.24691666666666667
NVT-23BG24XZ7JVW,0.24691666666666667
NVT-AP7AJWQZJT4Q,0.24691666666666667
NVT-UR4XDDEW8NQ3,0.24691666666666667
NVT-B4C6H93Y8M9R,0.24691666666666667
NVT-T8C3P8LBBBTC,0.24691666666666667
NVT-8FNAP8JAZVHJ,0.24691666666666667
NVT-YFX2WSGWW72W,0.24691666666666667
NVT-62MRSBNZM9G4,0.24691666666666667
NVT-HNA7R6P5HAQR,0.24691666666666667
NVT-34LVTL2T2TXR,0.24691666666666667
NVT-T7KB2MMVV3X7,0.24691666666666667
NVT-525E6SPXQ6WK,0.24691666666666667
NVT-UMPHJDWFMKKL,0.24691666666666667
NVT-46EPPETRGUZK,0.24691666666666667
NVT-LDKDQUXPFBP9,0.24691666666666667
NVT-BD3ZMALGUM67,0.24691666666666667
NVT-SYKVGRPVSK4Q,0.24691666666666667
NVT-G96W8WLVWZZE,0.24691666666666667
NVT-J298K7KG8ZCP,0.24691666666666667
NVT-3FDSFEHUFLZG,0.24691666666666667
NVT-4FH27WVRWJSH,0.24691666666666667
NVT-JCEKZQ23CY8K,0.24691666666666667
NVT-69CQUAXQMPGW,0.24691666666666667
NVT-QT3HRZDVC33T,0.24691666666666667
NVT-KUDQP78JHN94,0.24691666666666667
NVT-YXNZAU948G69,0.24691666666666667
NVT-Y4JRRM68FKPM,0.24691666666666667
NVT-R69PK48VVQTK,0.24691666666666667
NVT-T47UNC3CKMGP,0.24691666666666667
NVT-MW52ALM28DHE,0.24691666666666667
NVT-LN7W6W8MT9SV,0.24691666666666667
NVT-YSJAV5AFRTN2,0.24691666666666667
NVT-PYPMFKQA9PGZ,0.24691666666666667
NVT-HFLGWJMPJCQ6,0.24691666666666667
NVT-7KWMSF3SNBMW,0.24691666666666667
NVT-DG6EPVLSU5WB,0.24691666666666667
NVT-RCWE45HQ4F8X,0.24691666666666667
NVT-Z57MJ478AXLE,0.24691666666666667
NVT-EFLE2SUS4RU7,0.24691666666666667
NVT-KJP6252GT4LJ,0.24691666666666667
NVT-WT83DX6YHB42,0.24691666666666667
NVT-HVGWMT5CSKN8,0.24691666666666667
NVT-C7X5MPRB4TCH,0.24691666666666667
NVT-PXKYL36A8RY6,0.24691666666666667
NVT-Z76Q2PPJQ3SF,0.24691666666666667
NVT-AEHH9RTCT5Y3,0.24691666666666667
NVT-4LQU5ANR7CK6,0.24691666666666667
NVT-8R8WPTNTZ6ZB,0.24691666666666667
NVT-G5SFCT3YPREG,0.24691666666666667
NVT-XYQ5RYUEY83Q,0.24691666666666667
NVT-2HJWK8QY589B,0.24691666666666667
NVT-9CD33ZLPXQ9V,0.24691666666666667
NVT-KUWJ44PTXMNP,0.24691666666666667
NVT-AWSPCB7VYJW3,0.24691666666666667
NVT-7WXDNY5EAKEY,0.24691666666666667
NVT-5T75Q8CQ2J77,0.24691666666666667
NVT-4CAQAE8K944X,0.24691666666666667
NVT-YPKCWZLRP8GZ,0.24691666666666667
NVT-QZPQ5CCFW939,0.24691666666666667
NVT-NMYM7ZFGJWDF,0.24691666666666667
NVT-JXUMXZDJECTC,0.24691666666666667
NVT-YXG6GSNXMFLR,0.24691666666666667
NVT-DRPHAXH7TP7A,0.24691666666666667
NVT-4JESPGJKATH9,0.24691666666666667
NVT-WQLCQEW4SG9L,0.24691666666666667
NVT-J9BTEWL2PKAC,0.24691666666666667
NVT-BB5TYE93XFN2,0.24691666666666667
NVT-UDTJARUVR27A,0.24691666666666667
NVT-3S78WEA4MYTJ,0.24691666666666667
NVT-ZA34FVV9YLGR,0.24691666666666667
NVT-RKZYU6UFX7AZ,0.24691666666666667
NVT-6TUVXK4YMN6D,0.24691666666666667
NVT-YM2GFVLU8MST,0.24691666666666667
NVT-5HXT7RBJENLS,0.24691666666666667
NVT-96K9HWBP9BU3,0.24691666666666667
NVT-ZUZ8P6KEGQJ8,0.24691666666666667
NVT-9U3ERFJH43MD,0.24691666666666667
NVT-ES2SDXHNM98N,0.24691666666666667
NVT-RPDEELXDD28Y,0.24691666666666667
NVT-KLLRARVN9DWF,0.24691666666666667
NVT-Y6U49BMAZVNV,0.24691666666666667
NVT-YGX3TGLDUCBU,0.24691666666666667
NVT-HD7MMMCNZ3PH,0.24691666666666667
NVT-FJJJ35M9GZGJ,0.24691666666666667
NVT-DJEW9YKCJZ7B,0.24691666666666667
NVT-6BS9ADAULC8F,0.24691666666666667
NVT-AYC2HEN5G7DF,0.24691666666666667
NVT-KNCZDMHCNBYD,0.24691666666666667
NVT-ZRXRA562DRAV,0.24691666666666667
NVT-MU3VBJ3QN5TE,0.24691666666666667
NVT-Z7Y6X5JF3UW4,0.24691666666666667
NVT-QCZWGSXC3E33,0.24691666666666667
NVT-F34YFZ3QWB8H,0.24691666666666667
NVT-SBEDXXPSWEMF,0.24691666666666667
NVT-8BMT5ZMW7HGB,0.24691666666666667
NVT-J49U9H4Y4XMU,0.24691666666666667
NVT-HK7GPVXZ9JZN,0.24691666666666667
NVT-3A54JZ9L88T3,0.24691666666666667
NVT-2QC7768VXW3U,0.24691666666666667
NVT-VC94BYKMRURZ,0.24691666666666667
NVT-DJA2J82KZGMK,0.24691666666666667
NVT-GP3VCUG8YDAT,0.24691666666666667
NVT-XA8X2B2TEJS2,0.24691666666666667
NVT-C52T79ZJP7AN,0.24691666666666667
NVT-6N49HWE8FBEG,0.24691666666666667
NVT-ZR3EWSM9ZAS2,0.24691666666666667
NVT-238BTMTH5VWB,0.24691666666666667
NVT-TJVZJGW8WP8A,0.24691666666666667
NVT-BM47QMNKXLUZ,0.24691666666666667
NVT-KL7567SUE5AG,0.24691666666666667
NVT-WWEDWT4NKHZL,0.24691666666666667
NVT-FMC6WDLXPARC,0.24691666666666667
NVT-ELHNRZ9JE72L,0.24691666666666667
NVT-BYVFCTJH3UNA,0.24691666666666667
NVT-NEBDEAS6X95K,0.24691666666666667
NVT-AQPEQUCJYQNC,0.24691666666666667
NVT-6UWKU722QWFJ,0.24691666666666667
NVT-5LP39A826JBL,0.24691666666666667
NVT-B3FHBCSADWSH,0.24691666666666667
NVT-SXT3PGZJ2J8U,0.24691666666666667
NVT-J8FEF3LB9DNG,0.24691666666666667
NVT-DDJ25JFB984X,0.24691666666666667
NVT-5MYYSVB33HQF,0.24691666666666667
NVT-PB7BZQFW226Y,0.24691666666666667
NVT-7TH7F79MBLRY,0.24691666666666667
NVT-3EJTCW79P75V,0.24691666666666667
NVT-EXQZ2N35T5DN,0.24691666666666667
NVT-4SALW999KQL4,0.24691666666666667
NVT-MTRQZQ9XSTDL,0.24691666666666667
NVT-LYSHPAPLW3Y8,0.24691666666666667
NVT-MVYLRFLF6MKX,0.24691666666666667
NVT-E5MBU72T9QHS,0.24691666666666667
NVT-DD4BZZ3KXHC9,0.24691666666666667
NVT-9ETEXQZP6624,0.24691666666666667
NVT-Z7SPZ9GWF87D,0.24691666666666667
NVT-YK4LWHM4W754,0.24691666666666667
NVT-JK6U9FBS2P9J,0.24691666666666667
NVT-CS794AVLEZ2Z,0.24691666666666667
NVT-TV53KUQTX4EV,0.24691666666666667
NVT-DYLZJDSYCTMW,0.24691666666666667
NVT-G4PJGS6TZ4RM,0.24691666666666667
NVT-DQE56QFLJFL8,0.24691666666666667
NVT-L5Q95ZMZ8S6N,0.24691666666666667
NVT-Y4NU8VT5PRHR,0.24691666666666667
NVT-WXVVHSG5K4A6,0.24691666666666667
NVT-UG3UNPA38RNC,0.24691666666666667
NVT-LE27FRUDM2DZ,0.24691666666666667
NVT-6Q8ZPPHAFNAZ,0.24691666666666667
NVT-F2CB7SVA698U,0.24691666666666667
NVT-DZQE5LDNDQZD,0.24691666666666667
NVT-8W3TLE4U2TYT,0.24691666666666667
NVT-K4XT8X3KEGFT,0.24691666666666667
NVT-R523ATN8VFL9,0.24691666666666667
NVT-QYTY75P3PFUV,0.24691666666666667
NVT-3C3WNECZAHTA,0.24691666666666667
NVT-3A7GF6KDS8JC,0.24691666666666667
NVT-D5RN46QS9QXM,0.24691666666666667
NVT-292NC9V4CF4F,0.24691666666666667
NVT-VLCGQTVNFY7B,0.24691666666666667
NVT-HH5S67QPMWLJ,0.24691666666666667
NVT-DANL2MLEX87Y,0.24691666666666667
NVT-5ZMKYVRF2U2W,0.24691666666666667
NVT-9FXMFP329WBG,0.24691666666666667
NVT-WRE5ACZ4K8G4,0.24691666666666667
NVT-3UFMYF67NA2R,0.24691666666666667
NVT-NGAD5CQCDVBH,0.24691666666666667
NVT-CYVVTMTPE6AT,0.24691666666666667
NVT-9ERVCHADPXFZ,0.24691666666666667
NVT-5WQ756FZGAB4,0.24691666666666667
NVT-LKP7ZRVW4T9W,0.24691666666666667
NVT-2E2856N8JWH9,0.24691666666666667
NVT-FJ2G2J9EVDRW,0.24691666666666667
NVT-E2K5G4GBU3NA,0.24691666666666667
NVT-5TNVAGEKVQ4B,0.24691666666666667
NVT-AGNBT2JVCWRA,0.24691666666666667
NVT-R6QTG7638Q7W,0.24691666666666667
NVT-FF3VCJ9PVKA4,0.24691666666666667
NVT-GHZLBJ5ZQ6U7,0.24691666666666667
NVT-8DPYZXLP5BYQ,0.24691666666666667
NVT-QYSS9E7BGUVY,0.24691666666666667
NVT-MV9Z43FU3BCC,0.24691666666666667
NVT-Z39UKQK2L68P,0.24691666666666667
NVT-2VAYCCGZUCCG,0.24691666666666667
NVT-93X2WBC62QQ5,0.24691666666666667
NVT-Q3TT6ULX96NG,0.24691666666666667
NVT-EYH7BNJC8S9A,0.24691666666666667
NVT-VPTQRY9TYNV5,0.24691666666666667
NVT-DJ6Q9EW4RNBK,0.24691666666666667
NVT-SD2ZJ36QD8BG,0.24691666666666667
NVT-Z3VE3XDRPZ6F,0.24691666666666667
NVT-KN3PTN87D7Y6,0.24691666666666667
NVT-QN8EEEMT6GV5,0.24691666666666667
NVT-SVYLUS5YLUKV,0.24691666666666667
NVT-PZ6XZTN4424N,0.24691666666666667
NVT-7WH4MMV8CFHM,0.24691666666666667
NVT-3V6TRKR7D4LA,0.24691666666666667
NVT-C6HVBAUC2HQR,0.24691666666666667
NVT-SZXK7AEV9336,0.24691666666666667
NVT-VZFEZPQBNLJY,0.24691666666666667
NVT-DPYPMGZFUHWM,0.24691666666666667
NVT-QWNNBC5EZQS4,0.24691666666666667
NVT-6BMQ9DMTEP7A,0.24691666666666667
NVT-6PF4XKVQAVL8,0.24691666666666667
NVT-JBLCCEXH3AEX,0.24691666666666667
NVT-5UMHU3AKCJE6,0.24691666666666667
NVT-PVTJB42CY349,0.24691666666666667
NVT-ED6GCSASSSWF,0.24691666666666667
NVT-42R6EBWGZ427,0.24691666666666667
NVT-LH7SCUC8H9SM,0.24691666666666667
NVT-JB4J35CN9NPK,0.24691666666666667
NVT-R6ENFB9AG3RU,0.24691666666666667
NVT-E2TRYPMWQA62,0.24691666666666667
NVT-RV96RRP7RJKE,0.24691666666666667
NVT-46X7P5E5MUHB,0.24691666666666667
NVT-2LX6CA2SVUTN,0.24691666666666667
NVT-7N6VSNBEGJNS,0.24691666666666667
NVT-X8BLLQXA84TE,0.24691666666666667
NVT-EA8RK3LAQFLQ,0.24691666666666667
NVT-LANJ9N2UHMVW,0.24691666666666667
NVT-8457JVYLL8AX,0.24691666666666667
NVT-B6TFZHEVH2HZ,0.24691666666666667
NVT-PZ8WFMLQ4BED,0.24691666666666667
NVT-U9R7VS9BUWHZ,0.24691666666666667
NVT-U3ABK9ED787E,0.24691666666666667
NVT-2LAY9Q9H47B6,0.24691666666666667
NVT-XPXM4YH9DB3U,0.24691666666666667
NVT-6G9RGCNBWYEK,0.24691666666666667
NVT-8CKQUZZGPY4X,0.24691666666666667
NVT-YC75UKZ9XCAZ,0.24691666666666667
NVT-UCVNQC4FJU43,0.24691666666666667
NVT-C2A6ET54APHA,0.24691666666666667
NVT-D7FY2MW9PFAV,0.24691666666666667
NVT-Z2J58A9WFDBQ,0.24691666666666667
NVT-5NQASN989AUH,0.24691666666666667
NVT-SU5DVQZVMQ8Y,0.24691666666666667
NVT-3MSTUTGHYECB,0.24691666666666667
NVT-CG26FWPPTGB5,0.24691666666666667
NVT-WA6PZT5KWRLJ,0.24691666666666667
NVT-9KPTE3ZSUG7R,0.24691666666666667
NVT-UABL9DCZKFFE,0.24691666666666667
NVT-9NBPC3HQ9B2J,0.24691666666666667
NVT-AXQPEVWDZJZH,0.24691666666666667
NVT-DXZ83WDLNAU6,0.24691666666666667
NVT-4UXX8LZFWCK3,0.24691666666666667
NVT-5FYL7CR4BX4Z,0.24691666666666667
NVT-HCRGJ3ETXVZ5,0.24691666666666667
NVT-6NVQZRXGKM6P,0.24691666666666667
NVT-2YB4HNRPASJP,0.24691666666666667
NVT-GWF7TLDSX6WQ,0.24691666666666667
NVT-NSE26U9JLD3V,0.24691666666666667
NVT-FYHCC4ZQVHH6,0.24691666666666667
NVT-T9JCP5D3QL39,0.24691666666666667
NVT-9HCDGSNZ8KN5,0.24691666666666667
NVT-P2R4NCPFKSF3,0.24691666666666667
NVT-5KKMMAETD2ET,0.24691666666666667
NVT-6TYRR6822RCQ,0.24691666666666667
NVT-MVHJCSTCZXXR,0.24691666666666667
NVT-22A8MA4WHWUR,0.24691666666666667
NVT-T624G7L5QVLE,0.24691666666666667
NVT-Z5THUAEX9MUE,0.24691666666666667
NVT-UJVMMPLGT997,0.24691666666666667
NVT-J8FTU4C5QQ6D,0.24691666666666667
NVT-N2B76ARGD8G6,0.24691666666666667
NVT-YW43GZ2YKCWB,0.24691666666666667
NVT-F2T9GKHWQLZW,0.24691666666666667
NVT-CC4Q56CC2LTT,0.24691666666666667
NVT-BTWUK8LPCWYA,0.24691666666666667
NVT-QUMLWD5EE5DY,0.24691666666666667
NVT-9TMT4H8FFD5P,0.24691666666666667
NVT-BJFV6DVY58BB,0.24691666666666667
NVT-WYGMU2TUSMBK,0.24691666666666667
NVT-R7PE59UY99U7,0.24691666666666667
NVT-HWMAPK3WHE49,0.24691666666666667
NVT-GMHNA2537EUC,0.24691666666666667
NVT-WA68X6FTNXPK,0.24691666666666667
NVT-GKTCLGAENDDN,0.24691666666666667
NVT-CT48KQHLL54J,0.24691666666666667
NVT-G3C6BZJLVPQM,0.24691666666666667
NVT-735Q4WK8TFRP,0.24691666666666667
NVT-2VRQJFWBXPEN,0.24691666666666667
NVT-N5SG2P8NBM83,0.24691666666666667
NVT-PEYNBS9W3L5T,0.24691666666666667
NVT-G7U6LQK5C4PW,0.24691666666666667
NVT-4EJAB7TR4W66,0.24691666666666667
NVT-F9SLTQQZNR2V,0.24691666666666667
NVT-AGPAYCQLMN25,0.24691666666666667
NVT-FQN2G9M4L8PX,0.24691666666666667
NVT-7YWG2NRR8T39,0.24691666666666667
NVT-PUMYJ54KNBVY,0.24691666666666667
NVT-RXTUDGG7ZJKW,0.24691666666666667
NVT-N6PXVB8FAGFS,0.24691666666666667
NVT-46GGHSHNUWGB,0.24691666666666667
NVT-PP5BPPDFXS36,0.24691666666666667
NVT-ZB4B6SQUGZDQ,0.24691666666666667
NVT-PQNB7LT8WYL7,0.24691666666666667
NVT-6ZT2PYK3C6CC,0.24691666666666667
NVT-UYBXDGZHRYTA,0.24691666666666667
NVT-TNCJBVXAAR6V,0.24691666666666667
NVT-53XTNJEARH98,0.24691666666666667
NVT-VU8GN66HERKV,0.24691666666666667
NVT-3DVD3MD8PXCC,0.24691666666666667
NVT-2XZ3NEA65GX6,0.24691666666666667
NVT-TGCSYFHFH576,0.24691666666666667
NVT-F8KWUPYPALU9,0.24691666666666667
NVT-XR6EVE68FSB6,0.24691666666666667
NVT-LVW8B45NWYKZ,0.24691666666666667
NVT-RSQ7VYWWFS4T,0.24691666666666667
NVT-WZ8B2K3VANSS,0.24691666666666667
NVT-YCDJZ62Z7V65,0.24691666666666667
NVT-ZU3ZTNF3GQEA,0.24691666666666667
NVT-24R9RGUYBU4Q,0.24691666666666667
NVT-6KPNMN9MNXP3,0.24691666666666667
NVT-TCZGEMPUHJ4U,0.24691666666666667
NVT-LMTHERMK5WWF,0.24691666666666667
NVT-9CSFRFP8K4LL,0.24691666666666667
NVT-2PPRLAXL2SXD,0.24691666666666667
NVT-FVYBWXLX3YCS,0.24691666666666667
NVT-69CNDVK3AEJ8,0.24691666666666667
NVT-XL3ZDB529UQM,0.24691666666666667
NVT-SQ5RBLBJS8MQ,0.24691666666666667
NVT-Y32RS4SHB7F6,0.24691666666666667
NVT-XVG288BE486Z,0.24691666666666667
NVT-RBKLB64BJFMW,0.24691666666666667
NVT-FYAW8QH3BX95,0.24691666666666667
NVT-WFP6HEFV6528,0.24691666666666667
NVT-QFVDWDB48433,0.24691666666666667
NVT-ZN88HYDJWHBA,0.24691666666666667
NVT-BEVM74BFJCAP,0.24691666666666667
NVT-QMS9EWPJHPTE,0.24691666666666667
NVT-SVBY9Y48FAHJ,0.24691666666666667
NVT-5WH849LJTPSM,0.24691666666666667
NVT-YH9SNVJGNRKV,0.24691666666666667
NVT-RXGB4SD8NX8V,0.24691666666666667
NVT-PU3UKZMWUE6D,0.24691666666666667
NVT-5MNV8QU654GZ,0.24691666666666667
NVT-3YD53Z764QPM,0.24691666666666667
NVT-H7W3CKKWKHDH,0.24691666666666667
NVT-ETSS59H3UL9B,0.24691666666666667
NVT-CHVRMBJKT9YK,0.24691666666666667
NVT-GMKHL3L3MCJZ,0.24691666666666667
NVT-4LZQ67CL2ZL7,0.24691666666666667
NVT-BMTEFZ83XLTD,0.24691666666666667
NVT-L6HWVMMKEPJZ,0.24691666666666667
NVT-982FVD6S8SZC,0.24691666666666667
NVT-JTHMAQQCKE8Q,0.24691666666666667
NVT-DBTVRJUAQGQ3,0.24691666666666667
NVT-UY4YXG4SL5GE,0.24691666666666667
NVT-CXP2LZL9NY3S,0.24691666666666667
NVT-HXQHNDMGHSS9,0.24691666666666667
NVT-525MMF5MNRRL,0.24691666666666667
NVT-7K66NWPBALB2,0.24691666666666667
NVT-MTVRJBXR25AL,0.24691666666666667
NVT-NQBB6DVU2JYV,0.24691666666666667
NVT-ATH75LDZ7KBK,0.24691666666666667
NVT-2RGNG369LPUS,0.24691666666666667
NVT-JLZ445WYN62R,0.24691666666666667
NVT-ZKW7Q3RVHYVA,0.24691666666666667
NVT-Z3EM8E3AYXE4,0.24691666666666667
NVT-E7A9ZV4THEDX,0.24691666666666667
NVT-YVWCG3428EZY,0.24691666666666667
NVT-CN4ND6HDPZV7,0.24691666666666667
NVT-WN5MWY5BDBT7,0.24691666666666667
NVT-WJA9GVASQ6H5,0.24691666666666667
NVT-ZNQFF8Y2HGSM,0.24691666666666667
NVT-2U6JP4JVSJDL,0.24691666666666667
NVT-D37QXLMR9LQC,0.24691666666666667
NVT-BMSCEWN4DJDD,0.24691666666666667
NVT-X52G7XTEPV95,0.24691666666666667
NVT-HGBQRU6WZE89,0.24691666666666667
NVT-R8T4UCYY47UY,0.24691666666666667
NVT-635PBZC26JUR,0.24691666666666667
NVT-N4AMZ3K8QBDG,0.24691666666666667
NVT-K5M5HLK5SPVP,0.24691666666666667
NVT-F4PRTB3VL47J,0.24691666666666667
NVT-JN7WNYKH9HWM,0.24691666666666667
NVT-JFCLXRJHE2KS,0.24691666666666667
NVT-MPY96GTW6QWD,0.24691666666666667
NVT-NT8T8CLY33HF,0.24691666666666667
NVT-JG457RMXBR3E,0.24691666666666667
NVT-6TNEAFT9C6CM,0.24691666666666667
NVT-JHGAAG9F78DJ,0.24691666666666667
NVT-ZK7SCG9FSKWG,0.24691666666666667
NVT-9VFSNTLXW24A,0.24691666666666667
NVT-6R2UEU6LXX5H,0.24691666666666667
NVT-LWR9EJTWHFNP,0.24691666666666667
NVT-GWU29B4NMM9F,0.24691666666666667
NVT-42TPUMEEZZ74,0.24691666666666667
NVT-KRQCGX7W28FF,0.24691666666666667
NVT-FGW7JNAH4YU8,0.24691666666666667
NVT-T7ZRB8DC2DVF,0.24691666666666667
NVT-X42SGFR4Y3TQ,0.24691666666666667
NVT-7YGNAXPCB3XX,0.24691666666666667
NVT-Y386H6TQFCHF,0.24691666666666667
NVT-SMX7MVL828CD,0.24691666666666667
NVT-HPRF62R98PGT,0.24691666666666667
NVT-Y2WLGTHL3K6P,0.24691666666666667
NVT-WSSEBBH3KKJA,0.24691666666666667
NVT-QZVU9STN4RLP,0.24691666666666667
NVT-4L8FMBFQ3VCL,0.24691666666666667
NVT-665LYATXBA4V,0.24691666666666667
NVT-EWYBF7YE72HF,0.24691666666666667
NVT-SU62UZL9P96W,0.24691666666666667
NVT-YKRLSP2T6VPH,0.24691666666666667
NVT-G6D8ANXC46JX,0.24691666666666667
NVT-PBM83UJAMKXX,0.24691666666666667
NVT-HEU6HKF9YWRH,0.24691666666666667
NVT-SEXHCQQJJLHK,0.24691666666666667
NVT-2ZHZCUXWWQ64,0.24691666666666667
NVT-D8RHHMY3BEY2,0.24691666666666667
NVT-H2Y7R2ZFNS2V,0.24691666666666667
NVT-PG8CATX2TRX7,0.24691666666666667
NVT-QT6ZAUPX7ZG4,0.24691666666666667
NVT-MBAVMFASC72N,0.24691666666666667
NVT-BXUZ37MFJ373,0.24691666666666667
NVT-ZEAFJTK5JUT4,0.24691666666666667
NVT-5B769GLAF3G6,0.24691666666666667
NVT-LXHDQB64ZMDM,0.24691666666666667
NVT-FCJQDHJC8DGM,0.24691666666666667
NVT-BND4DTZT73XE,0.24691666666666667
NVT-TN4JKT7GFFFJ,0.24691666666666667
NVT-E58HQ3EPYMNT,0.24691666666666667
NVT-5R6UDKK49HLY,0.24691666666666667
NVT-PPXG4H7F2BUS,0.24691666666666667
NVT-UXXPZS6H3Z4V,0.24691666666666667
NVT-237U6UW7AGJU,0.24691666666666667
NVT-R4GC5YXWKKSH,0.24691666666666667
NVT-L3YS9BYQBT4J,0.24691666666666667
NVT-WTT69FVVRT5U,0.24691666666666667
NVT-PCVMEYD7U8QB,0.24691666666666667
NVT-MSQYZF4REZ3H,0.24691666666666667
NVT-C2KPAB4S5FT9,0.24691666666666667
NVT-NDN9VAVU5PAV,0.24691666666666667
NVT-NGLXME7RERJB,0.24691666666666667
NVT-XNRJ84NPTFDF,0.24691666666666667
NVT-PDYP5ERT8TZK,0.24691666666666667
NVT-NLKALPHANA29,0.24691666666666667
NVT-6RYA6RZP384Q,0.24691666666666667
NVT-RJ4UFA3NFY84,0.24691666666666667
NVT-YKRBGX88JHWP,0.24691666666666667
NVT-5LW2Q7ED4EXK,0.24691666666666667
NVT-UV8MQ8BY5MN8,0.24691666666666667
NVT-S3RBBVT46WH6,0.24691666666666667
NVT-RQ5R36V78NK3,0.24691666666666667
NVT-JGGYDZXU4DWD,0.24691666666666667
NVT-KTZAHA2SNDMP,0.24691666666666667
NVT-MRC2NMJZGDVK,0.24691666666666667
NVT-TCHGABKXSEQS,0.24691666666666667
NVT-F333D3SZ62DG,0.24691666666666667
NVT-XXX2CYWT84B5,0.24691666666666667
NVT-HSDF4SZEKU8F,0.24691666666666667
NVT-CP5X6CFN4CVU,0.24691666666666667
NVT-TGKY8EQKALCN,0.24691666666666667
NVT-JWG87R7MY6W9,0.24691666666666667
NVT-XC8896UTL7NE,0.24691666666666667
NVT-EF7BM4W8ZR8C,0.24691666666666667
NVT-KMB3AHRXD6JD,0.24691666666666667
NVT-Y649GLP8YXJF,0.24691666666666667
NVT-VTFDCHHTL4M5,0.24691666666666667
NVT-24PNZSJC8CPJ,0.24691666666666667
NVT-FP5SMWZUKN9S,0.24691666666666667
NVT-Y9S8W4NSRWJT,0.24691666666666667
NVT-3Z7DX2PJ3C2S,0.24691666666666667
NVT-X5U29JGT6F7S,0.24691666666666667
NVT-KWND5LVRB4YW,0.24691666666666667
NVT-2TE8J5CQFHVH,0.24691666666666667
NVT-LHSHRN5BAY6A,0.24691666666666667
NVT-NLLZLN2G7J3L,0.24691666666666667
NVT-S34ZWLTWPM3W,0.24691666666666667
NVT-FNVJK8X6ETYV,0.24691666666666667
NVT-NXDQBC68WCKA,0.24691666666666667
NVT-5R7P4Q5KFA6V,0.24691666666666667
NVT-ECWQHJ4JP8ZM,0.24691666666666667
NVT-MBDGNDZUMU6E,0.24691666666666667
NVT-GWQVVD9TEWD9,0.24691666666666667
NVT-5ESNZB5NBG7R,0.24691666666666667
NVT-4FXJ755XFABL,0.24691666666666667
NVT-4PXBZTXD7PJK,0.24691666666666667
NVT-8AJE9CLDWMHS,0.24691666666666667
NVT-TCYY3UNCG5DX,0.24691666666666667
NVT-JG4DE2SZDHPA,0.24691666666666667
NVT-6VD7W6TW3PPN,0.24691666666666667
NVT-8T56TLND846N,0.24691666666666667
NVT-MZCFJ48LNMY9,0.24691666666666667
NVT-JX84V2KXH6YJ,0.24691666666666667
NVT-Y9CUZF83KEJW,0.24691666666666667
NVT-P75AAKP84NMB,0.24691666666666667
NVT-EFWJVMAFZCLZ,0.24691666666666667
NVT-RCBYJAHX83PM,0.24691666666666667
NVT-JBCXA89Q8KVQ,0.24691666666666667
NVT-YDZMSEB2BA4W,0.24691666666666667
NVT-8EQZUHAJEEAC,0.24691666666666667
NVT-PCAX82ZD7D5L,0.24691666666666667
NVT-4NK826PPLZGL,0.24691666666666667
NVT-APPZGKTFX7DJ,0.24691666666666667
NVT-RFC5N2U7UBUK,0.24691666666666667
NVT-TKGNMQ5H67CS,0.24691666666666667
NVT-D7KSBP2K84QC,0.24691666666666667
NVT-UKP73BYQQPV5,0.24691666666666667
NVT-NK7ACV2UEVKX,0.24691666666666667
NVT-QJAHL8SMLCJY,0.24691666666666667
NVT-ZCNC3ZEMYRMU,0.24691666666666667
NVT-UDZGPJLNLWP5,0.24691666666666667
NVT-H9WHPN5ADLMT,0.24691666666666667
NVT-ZF6XPDF5PC6J,0.24691666666666667
NVT-M56563VQ2HEN,0.24691666666666667
NVT-XG2P29S4LFC2,0.24691666666666667
NVT-N22DX8XTMVJH,0.24691666666666667
NVT-79WCLS222J9C,0.24691666666666667
NVT-PFPXUHYL7SJM,0.24691666666666667
NVT-J9P8TGV6XSJL,0.24691666666666667
NVT-25E4TPBSAV2T,0.24691666666666667
NVT-56JAJ849DXPH,0.24691666666666667
NVT-HQU24KK4SDLU,0.24691666666666667
NVT-2ARH37PBUTZF,0.24691666666666667
NVT-WK3DZL7KLYWZ,0.24691666666666667
NVT-6BX729945CMS,0.24691666666666667
NVT-243A9DD9PEBE,0.24691666666666667
NVT-L2SEKK9X3XAL,0.24691666666666667
NVT-7TUHET9UDWZ4,0.24691666666666667
NVT-95ZGPWUN5WR7,0.24691666666666667
NVT-BGAWTEU7M6LB,0.24691666666666667
NVT-AZ7S8L5WGR3W,0.24691666666666667
NVT-EMARD34TNDG9,0.24691666666666667
NVT-GXEF5TJ7M3FW,0.24691666666666667
NVT-U58X8YWTB2R6,0.24691666666666667
NVT-3T6AEVDXFY4N,0.24691666666666667
NVT-8P5MDVX94PQL,0.24691666666666667
NVT-MMZZVZBH2QE4,0.24691666666666667
NVT-6HLZ3KQSQK59,0.24691666666666667
NVT-H7VQJRB74QJ4,0.24691666666666667
NVT-3BAVEWZEGGJA,0.24691666666666667
NVT-CDP6YTMDUDGN,0.24691666666666667
NVT-W6AKSQQG4FAW,0.24691666666666667
NVT-Q2KEDZDGHPUW,0.24691666666666667
NVT-J6TCPE4HPLWV,0.24691666666666667
NVT-RWRX7J2PWGJK,0.24691666666666667
NVT-76NN4K67WBDQ,0.24691666666666667
NVT-CMS83VRKWNMZ,0.24691666666666667
NVT-47VT8YX32CB4,0.24691666666666667
NVT-HLQRYEAXQ4AG,0.24691666666666667
NVT-Z5WRT35Z39WN,0.24691666666666667
NVT-WS629QB55CA6,0.24691666666666667
NVT-6M7KXVC872TZ,0.24691666666666667
NVT-H2A6QV72HPQS,0.24691666666666667
NVT-TQ5EVAVLNB6T,0.24691666666666667
NVT-83ZZYWRPP8R2,0.24691666666666667
NVT-URFBHWNQLATY,0.24691666666666667
NVT-FS72QQ6HKEQF,0.24691666666666667
NVT-L8S7GWG4TYLC,0.24691666666666667
NVT-AYV46SWMBW2N,0.24691666666666667
NVT-ACWUQ9ESLQBK,0.24691666666666667
NVT-WLFHH3N5TUTW,0.24691666666666667
NVT-NHY45ENZUKAN,0.24691666666666667
NVT-B55TX2BPC73Z,0.24691666666666667
NVT-LJ2PRGY3MNM2,0.24691666666666667
NVT-CTNVNN9N5UDA,0.24691666666666667
NVT-QVVRFKW8QHRH,0.24691666666666667
NVT-9EKJ5SSDB2BW,0.24691666666666667
NVT-FYLTAG6B3AQ4,0.24691666666666667
NVT-FNE37RJGFL2Y,0.24691666666666667
NVT-9ULES7WSBQH2,0.24691666666666667
NVT-NGMH6HTEVTUE,0.24691666666666667
NVT-ZHD8NNG5CM8T,0.24691666666666667
NVT-RVH967J5D8WT,0.24691666666666667
NVT-K3ML3N8E2AQX,0.24691666666666667
NVT-HCR6PPVW8ZHZ,0.24691666666666667
NVT-JA4G3UW2SQ2V,0.24691666666666667
NVT-BH6A6JT79NWS,0.24691666666666667
NVT-JAB359NR4LC9,0.24691666666666667
NVT-LS9ZYCQDCEBB,0.24691666666666667
NVT-C3RXQ2NDE8FC,0.24691666666666667
NVT-W8M75F2M8SHW,0.24691666666666667
NVT-RC22PQEWFFCA,0.24691666666666667
NVT-85K4X6UVQNZM,0.24691666666666667
NVT-GYWYWG9SDGJ9,0.24691666666666667
NVT-FB9MHSMSXGV2,0.24691666666666667
NVT-RESMMJMRR2RQ,0.24691666666666667
NVT-GTQQRDMHDBU4,0.24691666666666667
NVT-XXT2S4EF3W52,0.24691666666666667
NVT-69QA9DM6CYM2,0.24691666666666667
NVT-87H5J6ANRZNQ,0.24691666666666667
NVT-4BJ9X5EFBXB2,0.24691666666666667
NVT-U347H2BJJ7EP,0.24691666666666667
NVT-38GSQZBXRBP7,0.24691666666666667
NVT-LKQN4VA4UW5S,0.24691666666666667
NVT-MNT4HHUYY956,0.24691666666666667
NVT-XMCP94YUETZQ,0.24691666666666667
NVT-T458BSQWQ733,0.24691666666666667
NVT-N4ZRGR2CUE2D,0.24691666666666667
NVT-QGCEWMCZYDNM,0.24691666666666667
NVT-GP9B66BTQ8R9,0.24691666666666667
NVT-UN372S2Z5A56,0.24691666666666667
NVT-BP4QLF3QJGGX,0.24691666666666667
NVT-W86USA73SSEH,0.24691666666666667
NVT-7ZQP6X5CF3YZ,0.24691666666666667
NVT-2MF3MNNTUK77,0.24691666666666667
NVT-5DBFV4SMME73,0.24691666666666667
NVT-BS4ZKRNMSRDF,0.24691666666666667
NVT-NK4527864K7A,0.24691666666666667
NVT-X8GHHNHWJGYC,0.24691666666666667
NVT-2LQLFPANN2QS,0.24691666666666667
NVT-RG3PV8HBX5ED,0.24691666666666667
NVT-QPTLCP5YQ4K2,0.24691666666666667
NVT-V9X5VHHDCE85,0.24691666666666667
NVT-2CT5EQBKQZVX,0.24691666666666667
NVT-7PL9YY7HPSPG,0.24691666666666667
NVT-ZUPGLSMQDACX,0.24691666666666667
NVT-FFLX5HWS3AQC,0.24691666666666667
NVT-4QZ6ZBSXNM7B,0.24691666666666667
NVT-J3K4PWQ5J3J7,0.24691666666666667
NVT-85MBUCZD6N93,0.24691666666666667
NVT-4UDCVLDLJ8SR,0.24691666666666667
NVT-3WDHC2EZDCLA,0.24691666666666667
NVT-NGTPAEGVJFLB,0.24691666666666667
NVT-LTM9C2FULN8N,0.24691666666666667
NVT-P3DPB8QW5D3H,0.24691666666666667
NVT-YVH6W79JDYKE,0.24691666666666667
NVT-QPUB2MRU5CN7,0.24691666666666667
NVT-USLVXVMM4J7V,0.24691666666666667
NVT-HF52ZJU2MG9S,0.24691666666666667
NVT-SPGVBCCSVCZX,0.24691666666666667
NVT-J8SDRJ2G4HH5,0.24691666666666667
NVT-VA97PRHWFMR3,0.24691666666666667
NVT-8ER6T8ZZMSHA,0.24691666666666667
NVT-WCBKLGWCQWSS,0.24691666666666667
NVT-JRDJG85GGR3D,0.24691666666666667
NVT-SA8YJUH57QAZ,0.24691666666666667
NVT-ZL45CQV4HKHG,0.24691666666666667
NVT-S9YJ5RCV3F4K,0.24691666666666667
NVT-9RBH6WPRXK83,0.24691666666666667
NVT-JA7CNJD87JEN,0.24691666666666667
NVT-XSAWCCC8AU5G,0.24691666666666667
NVT-RJ5MTR7NJS5M,0.24691666666666667
NVT-EAVGW8JRVCA4,0.24691666666666667
NVT-C25XHMZHZ6J7,0.24691666666666667
NVT-6BBB7NEVLA8J,0.24691666666666667
NVT-UEBN9CGVXYVY,0.24691666666666667
NVT-WC827HM8LKFT,0.24691666666666667
NVT-JJ6HF2LK3GA2,0.24691666666666667
NVT-8X56EXWXU8UA,0.24691666666666667
NVT-LD4AVCWK5H2Z,0.24691666666666667
NVT-XSZQD4FUCWYY,0.24691666666666667
NVT-7QG5WWFVQBZA,0.24691666666666667
NVT-EE4GNB9RG4J7,0.24691666666666667
NVT-XU7CWNJ4CBQD,0.24691666666666667
NVT-9J7UB4HM5GU6,0.24691666666666667
NVT-6VVGMNWETHGS,0.24691666666666667
NVT-WZ5DM487ZJCW,0.24691666666666667
NVT-S8VD5TC7TV9F,0.24691666666666667
NVT-YH2PSTKXYPYW,0.24691666666666667
NVT-HMSFNAX9J2M4,0.24691666666666667
NVT-W8L5TDCG4MR4,0.24691666666666667
NVT-4YQNZWX4CC78,0.24691666666666667
NVT-PLXSRKD6N8PL,0.24691666666666667
NVT-L2NWRMZMEK3F,0.24691666666666667
NVT-MNW6GTNSN52C,0.24691666666666667
NVT-UPJQ4MTQZ3NW,0.24691666666666667
NVT-V3KBRLWSBTRD,0.24691666666666667
NVT-Z9LTBYGXAJR8,0.24691666666666667
NVT-UZF3YBVS48DG,0.24691666666666667
NVT-WCSTUT8SCCE7,0.24691666666666667
NVT-W9ZRR6EPG9BY,0.24691666666666667
NVT-Z7MAWNXQWPC8,0.24691666666666667
NVT-PW5S385AUBCK,0.24691666666666667
NVT-CEYNYSDZEHRF,0.24691666666666667
NVT-C8HSKXFSYDGZ,0.24691666666666667
NVT-EENXFVWSDUJ4,0.24691666666666667
NVT-QGHSK38KFNNH,0.24691666666666667
NVT-XW3AFAF3DTX5,0.24691666666666667
NVT-Q2ZB2MZZCWBA,0.24691666666666667
NVT-JX5HN3X6QVJE,0.24691666666666667
NVT-UQLJDAKSR2VW,0.24691666666666667
NVT-GQZLKTK3QQ35,0.24691666666666667
NVT-EZXWQJSAKB6B,0.24691666666666667
NVT-Q5STFPRX4BYL,0.24691666666666667
NVT-YSFBDVXGX76Y,0.24691666666666667
NVT-8RFCA4EESRKS,0.24691666666666667
NVT-Q7QLCGKZ69E2,0.24691666666666667
NVT-LXSH7QBNC56H,0.24691666666666667
NVT-NN5WP5PWC3YB,0.24691666666666667
NVT-ABEBYQAPTYES,0.24691666666666667
NVT-CZT4V8JP698D,0.24691666666666667
NVT-A3GLRWJFRN7J,0.24691666666666667
NVT-YSNHKHRZ58VT,0.24691666666666667
NVT-U966BR6LGYQN,0.24691666666666667
NVT-P8H635C756DA,0.24691666666666667
NVT-L2UM8LBNPVY6,0.24691666666666667
NVT-H54DGHWXTU9E,0.24691666666666667
NVT-4M5X2Z9CM7CU,0.24691666666666667
NVT-P888B28T77NX,0.24691666666666667
NVT-H7NCXVZDSASR,0.24691666666666667
NVT-UN8Z9D2VFVPV,0.24691666666666667
NVT-55MBUJAD4E7L,0.24691666666666667
NVT-3JGZR3WWQ22P,0.24691666666666667
NVT-KXQWWLZRP79X,0.24691666666666667
NVT-FF4FEX9U2WBF,0.24691666666666667
NVT-ZWJXWASV9GMC,0.24691666666666667
NVT-URUA4V2C7JLA,0.24691666666666667
NVT-9EFP9EAG9ZU8,0.24691666666666667
NVT-HW7QEPLMZVTS,0.24691666666666667
NVT-9XS39FEHX9X2,0.24691666666666667
NVT-XBMYU9TRGYDS,0.24691666666666667
NVT-QE4DKNXUJ2QE,0.24691666666666667
NVT-3PYCJE8X8X6Y,0.24691666666666667
NVT-NFUUQEQUPFJY,0.24691666666666667
NVT-NU42W673UV7X,0.24691666666666667
NVT-VNNZ4CBZWJ86,0.24691666666666667
NVT-8PTXNJBZV3HK,0.24691666666666667
NVT-DU7PVGS6UE9V,0.24691666666666667
NVT-C55LQFF2D5NP,0.24691666666666667
NVT-56XAVJP8VNG5,0.24691666666666667
NVT-GT7MKEXZQ73M,0.24691666666666667
NVT-TV5DBSR7G6EX,0.24691666666666667
NVT-LMMRBLRNAG9N,0.24691666666666667
NVT-RAV4E8AEYU2D,0.24691666666666667
NVT-RPZELURQ88TB,0.24691666666666667
NVT-LZB755QKVTRU,0.24691666666666667
NVT-MEAQ9MG75E7F,0.24691666666666667
NVT-U62E3PKUHNGB,0.24691666666666667
NVT-2EVMM8ELEWAD,0.24691666666666667
NVT-2A7RC54LLRY5,0.24691666666666667
NVT-PAU5PWC443TL,0.24691666666666667
NVT-8H77663WTDNH,0.24691666666666667
NVT-XY7XUC9WS5H8,0.24691666666666667
NVT-NHFS2E6KUYD2,0.24691666666666667
NVT-86JEZ3QTSYJY,0.24691666666666667
NVT-PSG4BN7X443M,0.24691666666666667
NVT-6T3W4E96Z85N,0.24691666666666667
NVT-MCQXHKYGENAP,0.24691666666666667
NVT-TV6M6WM7NG9U,0.24691666666666667
NVT-5YB6DRRHJWEJ,0.24691666666666667
NVT-C9TQHTPADGXL,0.24691666666666667
NVT-RLJUZ5TSYULT,0.24691666666666667
NVT-864SWV3J2EBU,0.24691666666666667
NVT-Z8N4FXSHPTNK,0.24691666666666667
NVT-Y2V2NFVZCXXQ,0.24691666666666667
NVT-WHNRKELCWNBY,0.24691666666666667
NVT-JZ3D93WPXZMV,0.24691666666666667
NVT-6L2GLBSYQG2C,0.24691666666666667
NVT-DQ83GYBN7ETN,0.24691666666666667
NVT-DL3ZXL73MFW3,0.24691666666666667
NVT-74PQH4FYB68U,0.24691666666666667
NVT-37TJBH4XJERG,0.24691666666666667
NVT-Y3JJ6VRBAT85,0.24691666666666667
NVT-UL3BZ3CPWCWM,0.24691666666666667
NVT-HEA9R22XUJQX,0.24691666666666667
NVT-45BC4ZTUNMN6,0.24691666666666667
NVT-979FEJEMPGAS,0.24691666666666667
NVT-BDZ4T74W3WVC,0.24691666666666667
NVT-EL46CTSDRKKW,0.24691666666666667
NVT-NVK3A29C3F6Z,0.24691666666666667
NVT-KR9RQ95F7RH6,0.24691666666666667
NVT-AZTX4VSDTE83,0.24691666666666667
NVT-9AXCUQ3642UK,0.24691666666666667
NVT-BREFS2R4Q7YQ,0.24691666666666667
NVT-AH8XKC9XSR96,0.24691666666666667
NVT-XAVZEAQ8MHRC,0.24691666666666667
NVT-NMV2S8CC4D3X,0.24691666666666667
NVT-W9CX9HUAY5V2,0.24691666666666667
NVT-T4SHCMB93LAB,0.24691666666666667
NVT-5LCFLVNKPPZT,0.24691666666666667
NVT-PZRR7YLENQCA,0.24691666666666667
NVT-F4D3TVEYV7JJ,0.24691666666666667
NVT-KN5EWBE6WS6N,0.24691666666666667
NVT-ZH9RJ43WM2WV,0.24691666666666667
NVT-CA5KT6SVQLRG,0.24691666666666667
NVT-4JEEV75R8LDC,0.24691666666666667
NVT-EY8MF4H596XN,0.24691666666666667
NVT-6P8C96MFXEQT,0.24691666666666667
NVT-GCJ9EQ7MJ38N,0.24691666666666667
NVT-SPFTAY6QHVU4,0.24691666666666667
NVT-TFU87VZ7CXHT,0.24691666666666667
NVT-XEUK2QZ6PLSN,0.24691666666666667
NVT-G9YD4UW6GZVW,0.24691666666666667
NVT-FR665N44W626,0.24691666666666667
NVT-XTKMQWERZLLF,0.24691666666666667
NVT-UK3ZDD5JN6AZ,0.24691666666666667
NVT-XBXRRXA3LJAM,0.24691666666666667
NVT-N3Q7MCY9XYGQ,0.24691666666666667
NVT-W526YMKAD7RB,0.24691666666666667
NVT-5XA6GD5PCG5D,0.24691666666666667
NVT-E6SMRKAL8SPZ,0.24691666666666667
NVT-4ZQKB3EB3FM4,0.24691666666666667
NVT-8U6CS5LUZMPJ,0.24691666666666667
NVT-463CCGJVPZEY,0.24691666666666667
NVT-VKVKUZ4JM427,0.24691666666666667
NVT-6AJUWEAZMLG9,0.24691666666666667
NVT-7ALUMAUTZE7S,0.24691666666666667
NVT-6WRSD6WCGVT9,0.24691666666666667
NVT-M89TETJG3554,0.24691666666666667
NVT-HNHGLQSTBVCY,0.24691666666666667
NVT-JTQRA8YCYULT,0.24691666666666667
NVT-BTXWSLELRYAJ,0.24691666666666667
NVT-7YWQW9TN3ST7,0.24691666666666667
NVT-MGBPGMBKFZRS,0.24691666666666667
NVT-MHCDC29RWC3F,0.24691666666666667
NVT-XTWWTJBZQSCB,0.24691666666666667
NVT-UHWMXDX6CJMZ,0.24691666666666667
NVT-B5FQ7FD4P8M3,0.24691666666666667
NVT-QATBUQFU3C67,0.24691666666666667
NVT-PS59YYRZVMTT,0.24691666666666667
NVT-5HSQZSUHVBVR,0.24691666666666667
NVT-NAGMMZR3VWW4,0.24691666666666667
NVT-R7Z34NBBN5P8,0.24691666666666667
NVT-J5WY9BWSRGDR,0.24691666666666667
NVT-LBMJQMTHUFBZ,0.24691666666666667
NVT-MVG72TRSZH38,0.24691666666666667
NVT-4KHREGXNZ4FD,0.24691666666666667
NVT-A6CQ8Q75KUDV,0.24691666666666667
NVT-VWZNJULKDWWF,0.24691666666666667
NVT-YCK2F9K2N8TQ,0.24691666666666667
NVT-K2FPKSNT32D3,0.24691666666666667
NVT-KDQR848Q5YXV,0.24691666666666667
NVT-Y5667G994Z2Z,0.24691666666666667
NVT-MMJAMLCA6N83,0.24691666666666667
NVT-R6DWCP8W4C28,0.24691666666666667
NVT-UV4GHKXN2RZE,0.24691666666666667
NVT-PA2ELF3CZLCQ,0.24691666666666667
NVT-ZVN5XNMPQHQ8,0.24691666666666667
NVT-L9U72RDSQQSM,0.24691666666666667
NVT-AM4KEXVC4U4E,0.24691666666666667
NVT-N93FYQWYUY34,0.24691666666666667
NVT-3Q2EW38YL6VN,0.24691666666666667
NVT-GA5ZYZPAJ9TG,0.24691666666666667
NVT-LUYVW766CJUA,0.24691666666666667
NVT-D3JRMNSYLV4X,0.24691666666666667
NVT-SABTM7AG28W7,0.24691666666666667
NVT-Q4DNM5GV4DXY,0.24691666666666667
NVT-LTV45TB5K348,0.24691666666666667
NVT-6KJ2Y5D6DAZ6,0.24691666666666667
NVT-FBAPS6Q4DWRU,0.24691666666666667
NVT-GSHTSHY555KX,0.24691666666666667
NVT-KKUEDWENJZ5M,0.24691666666666667
NVT-K2Q8P4KGE5HU,0.24691666666666667
NVT-BKJHU7E6LVLF,0.24691666666666667
NVT-UQRUA2WEQAR9,0.24691666666666667
NVT-9MLGDJU6PCB6,0.24691666666666667
NVT-SW6G75RFZE9A,0.24691666666666667
NVT-P5THZH99USZ2,0.24691666666666667
NVT-DMANZH4Z72F9,0.24691666666666667
NVT-XEKEJD3Z3ASN,0.24691666666666667
NVT-UWJJR2B7DKRJ,0.24691666666666667
NVT-PRQGCX5K8RNK,0.24691666666666667
NVT-DJL4G3C4L7BN,0.24691666666666667
NVT-MMZLDQDMBEKP,0.24691666666666667
NVT-A6AENCP57WZ2,0.24691666666666667
NVT-CG5XVJP8NXAK,0.24691666666666667
NVT-7KRCHQU68Y3N,0.24691666666666667
NVT-Y6HHD7ER2ESD,0.24691666666666667
NVT-TVWAXEQ9K3NQ,0.24691666666666667
NVT-YZRWLD9VJYZA,0.24691666666666667
NVT-X3K6DLKS3ANB,0.24691666666666667
NVT-6C4NNQ5GRM6B,0.24691666666666667
NVT-SHTDR56C285V,0.24691666666666667
NVT-2S9RR4NKNYCG,0.24691666666666667
NVT-KHY2E3XMUNZF,0.24691666666666667
NVT-FL49YETFEXLP,0.24691666666666667
NVT-MPZJS6TJZHZA,0.24691666666666667
NVT-2ZHV6UTQLDRT,0.24691666666666667
NVT-6LKXJQ8K2UCE,0.24691666666666667
NVT-DHB69AZ6CCE7,0.24691666666666667
NVT-KXLG94SLTXHQ,0.24691666666666667
NVT-9VFPDRBLBSWP,0.24691666666666667
NVT-DP9NE2VYRNWS,0.24691666666666667
NVT-8X3BRFUUBPNG,0.24691666666666667
NVT-GKG74PKFQQG7,0.24691666666666667
NVT-JGMQCBTPXXM6,0.24691666666666667
NVT-9XBZNXHATWRE,0.24691666666666667
NVT-RFAJ8PN9TRF5,0.24691666666666667
NVT-8G8RAQ4BRYUP,0.24691666666666667
NVT-WZAPVJGWVAN5,0.24691666666666667
NVT-LJQ3UTTYC2PZ,0.24691666666666667
NVT-M526V5U9D4G3,0.24691666666666667
NVT-Z74T9U9HTL5Z,0.24691666666666667
NVT-XK7QB2SQ9Y4B,0.24691666666666667
NVT-MFPLQT243CYR,0.24691666666666667
NVT-YHPEEN2B44G3,0.24691666666666667
NVT-APC6YFR8CNKV,0.24691666666666667
NVT-Y7LC9HVNAGGK,0.24691666666666667
NVT-JVS5UQQ63U42,0.24691666666666667
NVT-QE9WQCHKWP53,0.24691666666666667
NVT-262CU5BZAP5B,0.24691666666666667
NVT-3NZ76B93FJX3,0.24691666666666667
NVT-YNXWBB3BECM2,0.24691666666666667
NVT-W9EGY999B93U,0.24691666666666667
NVT-2BQYGLAC7JRX,0.24691666666666667
NVT-WXXGB9V33HGL,0.24691666666666667
NVT-GPEJD2KPP4NL,0.24691666666666667
NVT-WN9KTBC69GA7,0.24691666666666667
NVT-4BJJWDNJMVS9,0.24691666666666667
NVT-METQGYL8W56Q,0.24691666666666667
NVT-JYUHBUQ2AQAU,0.24691666666666667
NVT-NTWZZKDUBNYL,0.24691666666666667
NVT-SGTFYHN8WSWX,0.24691666666666667
NVT-8XUERJ3GZ5KX,0.24691666666666667
NVT-BZSFMKRDY6P9,0.24691666666666667
NVT-ZUPGBNLUEB2H,0.24691666666666667
NVT-RPLBBYFCF4CV,0.24691666666666667
NVT-4DPT5LUC9YFT,0.24691666666666667
NVT-FR4V7TXYRLDM,0.24691666666666667
NVT-HK7ZAT2KJDH3,0.24691666666666667
NVT-DSHBE577DT68,0.24691666666666667
NVT-EPZEPZWXYDQB,0.24691666666666667
NVT-K3T2AEUV5CPC,0.24691666666666667
NVT-XEKAX48JDEBV,0.24691666666666667
NVT-F4WVZW4863XE,0.24691666666666667
NVT-TWN7LMEEMSZP,0.24691666666666667
NVT-JKWPJW4RPBUJ,0.24691666666666667
NVT-EV7LNP7U8A7P,0.24691666666666667
NVT-AVUH4FSR6Z2F,0.24691666666666667
NVT-VEZKKMGHKZ3S,0.24691666666666667
NVT-NKX9G728PT83,0.24691666666666667
NVT-3K8P4BXN7X3Y,0.24691666666666667
NVT-KB5JJ4A643XZ,0.24691666666666667
NVT-YMC24SBUNEK5,0.24691666666666667
NVT-KGBLMZUAG97L,0.24691666666666667
NVT-AB962KAJZBET,0.24691666666666667
NVT-U33RQ3GNDC6N,0.24691666666666667
NVT-A3LRKF94N7YH,0.24691666666666667
NVT-LEFTDLRX82GH,0.24691666666666667
NVT-PNR967GGWTNU,0.24691666666666667
NVT-RDDDPJHLY6QV,0.24691666666666667
NVT-T7V7WAKJTTJM,0.24691666666666667
NVT-U9LR9LW2KC89,0.24691666666666667
NVT-BG4GB4H447Z4,0.24691666666666667
NVT-CH5C57B3UKBX,0.24691666666666667
NVT-QLLC2FDXK8B4,0.24691666666666667
NVT-9E3WG92SDUMR,0.24691666666666667
NVT-Z2QH28LD8NV3,0.24691666666666667
NVT-WD4BYUB83XYL,0.24691666666666667
NVT-4EV2ZUH68FNR,0.24691666666666667
NVT-8LDSBC98R5FY,0.24691666666666667
NVT-XSFREDMEA7X5,0.24691666666666667
NVT-35KPBFRHLN9V,0.24691666666666667
NVT-HLDAKCQZ8K8F,0.24691666666666667
NVT-JDCMAEC2LK2L,0.24691666666666667
NVT-YJMW4WA3GCXD,0.24691666666666667
NVT-A9SCR72SS8K2,0.24691666666666667
NVT-424NGUJXQELC,0.24691666666666667
NVT-LW5B2S7KYJM5,0.24691666666666667
NVT-WY2H29DNRAJF,0.24691666666666667
NVT-B4B4AKV4DRAA,0.24691666666666667
NVT-Q8EBQ5XVR9D6,0.24691666666666667
NVT-MFZ879PYGAA5,0.24691666666666667
NVT-DQSCH5CYWHLA,0.24691666666666667
NVT-G3ENM7CKH32X,0.24691666666666667
NVT-AH8VWJC52GXB,0.24691666666666667
NVT-TPTD466FKQ38,0.24691666666666667
NVT-9FE26VCPKGRF,0.24691666666666667
NVT-M4YW9V3849WB,0.24691666666666667
NVT-834VW4BZ4H84,0.24691666666666667
NVT-ASQ67TTCX9QX,0.24691666666666667
NVT-QNSPP7JMLC8X,0.24691666666666667
NVT-ZZ7UXFF44AJF,0.24691666666666667
NVT-ERS6KKKMLEMM,0.24691666666666667
NVT-FYX8EYSYZKM7,0.24691666666666667
NVT-DNTA2TYKGXNT,0.24691666666666667
NVT-24SFVRQASK7F,0.24691666666666667
NVT-HE8CC3MRQCYZ,0.24691666666666667
NVT-3E6FTF4SRMFG,0.24691666666666667
NVT-TAMWF2GSN7WQ,0.24691666666666667
NVT-4REM2UTED9YH,0.24691666666666667
NVT-X6GZABRQ2PDD,0.24691666666666667
NVT-JCBMKR62CWWF,0.24691666666666667
NVT-JUURAQMYBNNR,0.24691666666666667
NVT-EU375B7AFR2J,0.24691666666666667
NVT-LT537CDK9HSS,0.24691666666666667
NVT-PZ77C2SXTZ3W,0.24691666666666667
NVT-7D3WF69NEGSN,0.24691666666666667
NVT-YBQRVQKQDMZJ,0.24691666666666667
NVT-YES2TG7GVYY5,0.24691666666666667
NVT-9GTJ7LAJE8N4,0.24691666666666667
NVT-B6KP4FZHD4HP,0.24691666666666667
NVT-3SJ4WW9N64AA,0.24691666666666667
NVT-59YKEP4N9JTS,0.24691666666666667
NVT-BU2KX78FWQ23,0.24691666666666667
NVT-8ZCZXNXV3Z2A,0.24691666666666667
NVT-3JEQYWTXW425,0.24691666666666667
NVT-DEDSDUUCE2LA,0.24691666666666667
NVT-NN6969XE3XKA,0.24691666666666667
NVT-NV5LDJTEVJVT,0.24691666666666667
NVT-XP2JG9PLD4C7,0.24691666666666667
NVT-TA5PPMKS3ZX8,0.24691666666666667
NVT-K4ATKAHNPZHL,0.24691666666666667
NVT-QVN7UHJJ5DP6,0.24691666666666667
NVT-FMDPK7A386FU,0.24691666666666667
NVT-ZRZLYZP47MW8,0.24691666666666667
NVT-WRL54HYC38LN,0.24691666666666667
NVT-B7MP4DLGWVVJ,0.24691666666666667
NVT-8WC654JWFHL9,0.24691666666666667
NVT-REM5L8GNNKQG,0.24691666666666667
NVT-EW2LA3JSK64D,0.24691666666666667
NVT-KY7K4H32QT5G,0.24691666666666667
NVT-9DZUH6JBZLU4,0.24691666666666667
NVT-UTTQH7ZFSHAX,0.24691666666666667
NVT-YFMG88D998EL,0.24691666666666667
NVT-H7RCHPN3NDQ4,0.24691666666666667
NVT-BMJLFXM7EH4J,0.24691666666666667
NVT-RUQMZE8BG3D5,0.24691666666666667
NVT-MA4Q7V9PC4M9,0.24691666666666667
NVT-5TZJY3G3J3C9,0.24691666666666667
NVT-37DR84QKEPSZ,0.24691666666666667
NVT-Y2289QXM4JMS,0.24691666666666667
NVT-YR3L3XUFFGL3,0.24691666666666667
NVT-HGNNH2J6HQK2,0.24691666666666667
NVT-EN4TL3V84TYA,0.24691666666666667
NVT-YYS6KN3PC2MN,0.24691666666666667
NVT-D58FRPTJW2PB,0.24691666666666667
NVT-RBEKJEMVMQL6,0.24691666666666667
NVT-9SWK9XD6URBK,0.24691666666666667
NVT-D9YLNFMD7ACE,0.24691666666666667
NVT-763TW24KC49F,0.24691666666666667
NVT-XCTRQRTTU9CW,0.24691666666666667
NVT-V7ZENSAJAU3R,0.24691666666666667
NVT-Y9K75LQ3GPEH,0.24691666666666667
NVT-DGUQCQ9BELHW,0.24691666666666667
NVT-J3ADB32KEHB2,0.24691666666666667
NVT-S4SGMN6LPE8R,0.24691666666666667
NVT-7YRA3BK39CV6,0.24691666666666667
NVT-DZ5T7QPSXTC4,0.24691666666666667
NVT-5BNRAYNFFFJ9,0.24691666666666667
NVT-KNZY7WMBRBRR,0.24691666666666667
NVT-YFNWQ943BK7T,0.24691666666666667
NVT-T2XJGK4NRNK2,0.24691666666666667
NVT-6W8MPYYLZXKK,0.24691666666666667
NVT-RX697N5KUCAP,0.24691666666666667
NVT-8NALFZPYD4K7,0.24691666666666667
NVT-GKHPVZ43G28C,0.24691666666666667
NVT-V3XL6DDCTE63,0.24691666666666667
NVT-DB8PAS8LVQ88,0.24691666666666667
NVT-RMY4JK442EKW,0.24691666666666667
NVT-2ES5BQRCL55R,0.24691666666666667
NVT-UCQF27QV9PZR,0.24691666666666667
NVT-M5C3E5T6ZBAK,0.24691666666666667
NVT-99Z8BM6TA46W,0.24691666666666667
NVT-6TPSQUZTNBCD,0.24691666666666667
NVT-AYSBPL3327DT,0.24691666666666667
NVT-5ZQ327H2EN5A,0.24691666666666667
NVT-APNFPLGCZKQ2,0.24691666666666667
NVT-SZDYHNUWXM32,0.24691666666666667
NVT-UH37ZANUQ2BP,0.24691666666666667
NVT-JA4L5A694MA4,0.24691666666666667
NVT-VN6SCB8H9LSX,0.24691666666666667
NVT-3AH277SQPJFN,0.24691666666666667
NVT-4M3HLX3DZXNB,0.24691666666666667
NVT-GE5VXEK6GL89,0.24691666666666667
NVT-R5LUTJN7YNMZ,0.24691666666666667
NVT-QWAABNFGGF3Q,0.24691666666666667
NVT-A7CT3QL9AJL5,0.24691666666666667
NVT-EGW4FVDA3ETP,0.24691666666666667
NVT-2TBZEVC4GFWY,0.24691666666666667
NVT-GKEVY7AT83GG,0.24691666666666667
NVT-S97C38YSS3QC,0.24691666666666667
NVT-A78RHQCQLQCB,0.24691666666666667
NVT-CRDUTCZUAFZJ,0.24691666666666667
NVT-3M9RUT27NNZH,0.24691666666666667
NVT-TM4MSXBDJERA,0.24691666666666667
NVT-V22MK24HCDLP,0.24691666666666667
NVT-LV6DR4X9L6VH,0.24691666666666667
NVT-7NB99UVX9GHA,0.24691666666666667
NVT-53GVP7DG6SWV,0.24691666666666667
NVT-54FNAPGTBRGJ,0.24691666666666667
NVT-QJMTPKPGLSA3,0.24691666666666667
NVT-G5K8ASJ9UE4A,0.24691666666666667
NVT-CX5WDXF7ESAF,0.24691666666666667
NVT-BXZYPHC4H5ZH,0.24691666666666667
NVT-SKAGZY5S9FX3,0.24691666666666667
NVT-A82QX7XGSVXP,0.24691666666666667
NVT-GRAW5522UNDH,0.24691666666666667
NVT-ZDPZ5EA4Y424,0.24691666666666667
NVT-GTCQLY3TB3HH,0.24691666666666667
NVT-6L2425HUHBQY,0.24691666666666667
NVT-ZPJ2XWH7PQ6X,0.24691666666666667
NVT-LGX68LSD7GW2,0.24691666666666667
NVT-LY9V4EUU6VGL,0.24691666666666667
NVT-8E6ZP57TMFJ4,0.24691666666666667
NVT-FK2FHJUK2CGK,0.24691666666666667
NVT-RAUVTU87AD39,0.24691666666666667
NVT-TKEBT5HKYLUJ,0.24691666666666667
NVT-FL72VY8573ZU,0.24691666666666667
NVT-YHSUFTK8MEN2,0.24691666666666667
NVT-ESZVL9KWQJCZ,0.24691666666666667
NVT-DGWCDG77DMCX,0.24691666666666667
NVT-QQ54P4K548LX,0.24691666666666667
NVT-B4GEM2WY5ZQC,0.24691666666666667
NVT-MVKHML5SGYPP,0.24691666666666667
NVT-GAVP8ZN9SBAM,0.24691666666666667
NVT-RZJH57RR3UE5,0.24691666666666667
NVT-4R9RFGFLQLBZ,0.24691666666666667
NVT-TUYESS7GK44W,0.24691666666666667
NVT-QPD9PVAP7YLL,0.24691666666666667
NVT-LQG6B2PC989B,0.24691666666666667
NVT-6FDGQHN9YK9C,0.24691666666666667
NVT-998VXQS2GQLC,0.24691666666666667
NVT-2TRHKVMK3N72,0.24691666666666667
NVT-GE3W82X5N84E,0.24691666666666667
NVT-RMWPE77EE2GV,0.24691666666666667
NVT-KFXENQ6LCNG6,0.24691666666666667
NVT-B5K5Q93VZ2B9,0.24691666666666667
NVT-AK3JPL8WAV9Q,0.24691666666666667
NVT-J7Q2R35QVSTH,0.24691666666666667
NVT-P9C57LN4DL78,0.24691666666666667
NVT-ZEJMWC3M7DPL,0.24691666666666667
NVT-LZG7JGQEKDCE,0.24691666666666667
NVT-MWRZSA59Q9VL,0.24691666666666667
NVT-XJG5NDP9G3MT,0.24691666666666667
NVT-C2U7GAWM5F56,0.24691666666666667
NVT-KXKDJ4PCMUCB,0.24691666666666667
NVT-9NERNT72WFQN,0.24691666666666667
NVT-X3U9M9NULNRT,0.24691666666666667
NVT-C7STXGRA3BAH,0.24691666666666667
NVT-834R4GLE9NRA,0.24691666666666667
NVT-6Q2GCB86W3B8,0.24691666666666667
NVT-DYEVT49BX4QZ,0.24691666666666667
NVT-G9CVFJ9E5NUY,0.24691666666666667
NVT-CSMJA2DR3ZD5,0.24691666666666667
NVT-GA4N8FSL9V9N,0.24691666666666667
NVT-HK6H6D88BBYE,0.24691666666666667
NVT-S32LXML3K7CJ,0.24691666666666667
NVT-CPAG7E5RVPY7,0.24691666666666667
NVT-LSJXY6EUPSFA,0.24691666666666667
NVT-BLUM67LC749F,0.24691666666666667
NVT-LYN6V5VZ7AH7,0.24691666666666667
NVT-WLYU7FYMLP6Z,0.24691666666666667
NVT-WLV8WUDGN835,0.24691666666666667
NVT-Y229GG4TWWVZ,0.24691666666666667
NVT-WL9HZ8MULJLJ,0.24691666666666667
NVT-73FM28V8RS3M,0.24691666666666667
NVT-DCLNPK5ZSCUE,0.24691666666666667
NVT-5VLTHRVCMRA2,0.24691666666666667
NVT-76D4KQRAN22X,0.24691666666666667
NVT-PKMCG2HK7SJ7,0.24691666666666667
NVT-4CNXZARGSPFS,0.24691666666666667
NVT-Z5AFJJK6C366,0.24691666666666667
NVT-2D8J44XSTDJA,0.24691666666666667
NVT-K78NWAXSXK7Y,0.24691666666666667
NVT-HTYQSKMNZD7C,0.24691666666666667
NVT-JEGAFWXY8ZJN,0.24691666666666667
NVT-AW8JB97LU4PX,0.24691666666666667
NVT-SHSCA83GR372,0.24691666666666667
NVT-7KHCZTHNFQEC,0.24691666666666667
NVT-HMHD4AZK34JD,0.24691666666666667
NVT-3K9BZRP9C85N,0.24691666666666667
NVT-9DJL7GBV7FMD,0.24691666666666667
NVT-5ACPJBUVYKVV,0.24691666666666667
NVT-T2T62GN43DC9,0.24691666666666667
NVT-CS4Y4A5FQSC5,0.24691666666666667
NVT-3QZJDX3BCXCW,0.24691666666666667
NVT-CRP5835L78QW,0.24691666666666667
NVT-AP5H59TJTKL4,0.24691666666666667
NVT-8RU6TG37RU2J,0.24691666666666667
NVT-J3BT275FQSWM,0.24691666666666667
NVT-LJSBG9VHLJFU,0.24691666666666667
NVT-UFYQSFNLR6ZA,0.24691666666666667
NVT-MSZHKGJFA2QN,0.24691666666666667
NVT-66CFV8FRH9Z3,0.24691666666666667
NVT-UY57JQ25PNNG,0.24691666666666667
NVT-CAMHEVGB2HUS,0.24691666666666667
NVT-8U25EUP3TSKF,0.24691666666666667
NVT-XUGXF2RZPXEZ,0.24691666666666667
NVT-EW93VZ8XQAUW,0.24691666666666667
NVT-2VQH795F9BVF,0.24691666666666667
NVT-F9JFLYE9BQ5X,0.24691666666666667
NVT-XVM4A6KUD97J,0.24691666666666667
NVT-9E55S8KZ7A32,0.24691666666666667
NVT-2BLDVE4DZXDF,0.24691666666666667
NVT-FGAES3QFC3VC,0.24691666666666667
NVT-EADCW2TZC93E,0.24691666666666667
NVT-7PGDZTCHKDVW,0.24691666666666667
NVT-35CSXD6PRKKB,0.24691666666666667
NVT-ZRYSG7GFRYN7,0.24691666666666667
NVT-TW2FKG6P6BKU,0.24691666666666667
NVT-HTCRT72V7HUS,0.24691666666666667
NVT-QQKVHLRT26NB,0.24691666666666667
NVT-587ZWA6SYF9X,0.24691666666666667
NVT-SMTSVDTYGLW3,0.24691666666666667
NVT-JFNBN7H3C7WG,0.24691666666666667
NVT-G5C9T2PHXTD5,0.24691666666666667
NVT-FU6M8PW32A55,0.24691666666666667
NVT-BQLDSDG8TMF5,0.24691666666666667
NVT-6NJ4X8ECCSMX,0.24691666666666667
NVT-MP24FTUWMQBY,0.24691666666666667
NVT-CMWQV2PZSZVV,0.24691666666666667
NVT-JCUAEY9P9VDW,0.24691666666666667
NVT-7EUK2ERQD6AL,0.24691666666666667
NVT-B327EVDRPPUR,0.24691666666666667
NVT-RRQQ55HWBLM2,0.24691666666666667
NVT-8Y5NSFGDL7AA,0.24691666666666667
NVT-GPMNLE9VULFN,0.24691666666666667
NVT-GYA9VVA3DHBL,0.24691666666666667
NVT-JDSRP6NXSYAF,0.24691666666666667
NVT-79GQ6TCRMC72,0.24691666666666667
NVT-DACLK5N8ACXN,0.24691666666666667
NVT-JSQ8TY85M9DG,0.24691666666666667
NVT-U4SB7WYMYJES,0.24691666666666667
NVT-2A7LC5MAVT7Y,0.24691666666666667
NVT-EDFPANAUP4HP,0.24691666666666667
NVT-B4LMA3AGLKTY,0.24691666666666667
NVT-F8JY3APSNJHC,0.24691666666666667
NVT-VPX6V6HMVUBX,0.24691666666666667
NVT-RHS9KJZN3DZQ,0.24691666666666667
NVT-5WFLQ5WSEHML,0.24691666666666667
NVT-WF2C8E5F8HCR,0.24691666666666667
NVT-PMKAQCVCHQVA,0.24691666666666667
NVT-N394ADCB5FBN,0.24691666666666667
NVT-JBZ459ULLHNY,0.24691666666666667
NVT-D2PPZSNRXHZS,0.24691666666666667
NVT-DTZ7B9ANS794,0.24691666666666667
NVT-JNV8DGW84HQY,0.24691666666666667
NVT-HH6XJKTC84N7,0.24691666666666667
NVT-S3VYLQ892V4U,0.24691666666666667
NVT-X98HL9ZDMLUC,0.24691666666666667
NVT-KLYJPC2S69EE,0.24691666666666667
NVT-YWGLYZYPQWYN,0.24691666666666667
NVT-UJ5A3WYQNPU2,0.24691666666666667
NVT-UHTUQU8ZADGK,0.24691666666666667
NVT-962KWLZXAYDM,0.24691666666666667
NVT-TBJ7ZZ5UQK7M,0.24691666666666667
NVT-KX7ZXDLFRSH5,0.24691666666666667
NVT-ME2RPVJYNVDC,0.24691666666666667
NVT-TPMB6TWDQVRT,0.24691666666666667
NVT-NSDU6G2E6JY6,0.24691666666666667
NVT-VWYRSWWH4B5H,0.24691666666666667
NVT-56LB9MV4M4TH,0.24691666666666667
NVT-KW8SMLLR8BLC,0.24691666666666667
NVT-565CYGXVXECD,0.24691666666666667
NVT-KF66E8JPDEMD,0.24691666666666667
NVT-LW8LGMP64WAU,0.24691666666666667
NVT-ZFCZLFJGQQ8B,0.24691666666666667
NVT-PQA2858Q2GUK,0.24691666666666667
NVT-PEEEQC6BDGTY,0.24691666666666667
NVT-SQ8MUGLQSZY3,0.24691666666666667
NVT-KY3CFBYPGT8D,0.24691666666666667
NVT-DXYM3Y64F4L3,0.24691666666666667
NVT-2RCL9LHDPKF9,0.24691666666666667
NVT-YVQ84EGNUZHM,0.24691666666666667
NVT-DPHHMP86ZSBW,0.24691666666666667
NVT-8NTCVH7XNX7H,0.24691666666666667
NVT-KQM5MHN3U5CK,0.24691666666666667
NVT-4LMH5X2NFBH5,0.24691666666666667
NVT-QM2M3ZTJRS93,0.24691666666666667
NVT-NXHKUH7BEKUG,0.24691666666666667
NVT-BM7PD9VF2S73,0.24691666666666667
NVT-Y92NZBUHFJE3,0.24691666666666667
NVT-2EUNGSDQKQ2R,0.24691666666666667
NVT-CKRXP7J8QRU7,0.24691666666666667
NVT-5NJRU22FKJS8,0.24691666666666667
NVT-AXQ78NTABQY8,0.24691666666666667
NVT-7PHNR9DX5FNW,0.24691666666666667
NVT-7PNSJ4SH6RBZ,0.24691666666666667
NVT-ZK2XDP2QDA9K,0.24691666666666667
NVT-DXS398UDUVWP,0.24691666666666667
NVT-B7BGSK98B42Y,0.24691666666666667
NVT-6HP9NU8MRED4,0.24691666666666667
NVT-VW5G6CTTX6QV,0.24691666666666667
NVT-6FJRAHWG3BRH,0.24691666666666667
NVT-5NRZ8V4X9MCF,0.24691666666666667
NVT-NULPKZRE4QPC,0.24691666666666667
NVT-UP2UFRDH8ZVN,0.24691666666666667
NVT-VK3LAMUSER5B,0.24691666666666667
NVT-BQM355RC5X27,0.24691666666666667
NVT-EPH96WJVCP48,0.24691666666666667
NVT-FWJEJNYZPGGQ,0.24691666666666667
NVT-PSCZVW2D9LTX,0.24691666666666667
NVT-H4V8HVS9F4S5,0.24691666666666667
NVT-8Y625ZLAAZ9W,0.24691666666666667
NVT-3347X3MRBBC2,0.24691666666666667
NVT-XQNVUH4EAA8V,0.24691666666666667
NVT-XWAVTVYV75UB,0.24691666666666667
NVT-PD9DDP35FZ9L,0.24691666666666667
NVT-NMAT5KQ3XURA,0.24691666666666667
NVT-K3RU4NM878C8,0.24691666666666667
NVT-ENMNDM75WK96,0.24691666666666667
NVT-RNVNFB74LQZQ,0.24691666666666667
NVT-9AQFJ54TKWY6,0.24691666666666667
NVT-H7WUN62ALV9H,0.24691666666666667
NVT-ZCU3UCK7ANF7,0.24691666666666667
NVT-7XKEPTCUPEHH,0.24691666666666667
NVT-W5FHWBWR6JNY,0.24691666666666667
NVT-MDZALVCWYF4F,0.24691666666666667
NVT-TG8X4PZZFL4Q,0.24691666666666667
NVT-YDAN3TMXJGF8,0.24691666666666667
NVT-6R7PPDVUK8DB,0.24691666666666667
NVT-6WPV9WY2PBB2,0.24691666666666667
NVT-QBD5U68UPMP9,0.24691666666666667
NVT-6BL45VAHZLZG,0.24691666666666667
NVT-WH8FLV4YN3HZ,0.24691666666666667
NVT-E955QFB5L7Z7,0.24691666666666667
NVT-JV2UVQCXHRRL,0.24691666666666667
NVT-27RWHQ4UZYK7,0.24691666666666667
NVT-ET4QPYR5VHJZ,0.24691666666666667
NVT-2A5Q7XWPLEBP,0.24691666666666667
NVT-FQH2GHSY88N6,0.24691666666666667
NVT-UVV77353T5V6,0.24691666666666667
NVT-24FUGS2U4ME7,0.24691666666666667
NVT-HM88BRW3QAVQ,0.24691666666666667
NVT-4XTQMVNRYMY7,0.24691666666666667
NVT-99QCTKYL95AA,0.24691666666666667
NVT-DRWLEJMNE27U,0.24691666666666667
NVT-XWS7SBGWU69K,0.24691666666666667
NVT-BC749CVEY3PV,0.24691666666666667
NVT-44H4AQKNEE5Z,0.24691666666666667
NVT-GJTLTCZJ9JDB,0.24691666666666667
NVT-CUSGV5PHW73P,0.24691666666666667
NVT-24K4HG6EUP3P,0.24691666666666667
NVT-FWR9AFNWEQPC,0.24691666666666667
NVT-CCSMF393SNHS,0.24691666666666667
NVT-LDVVEBSF8GPG,0.24691666666666667
NVT-SZFBKFLCRZ5Z,0.24691666666666667
NVT-SFMS6BL8699G,0.24691666666666667
NVT-38Z7DRB26EPJ,0.24691666666666667
NVT-RNVVM6U4XY24,0.24691666666666667
NVT-SC29UMW4HDHA,0.24691666666666667
NVT-VQJPSLSG46KV,0.24691666666666667
NVT-34CS4KP8RVTS,0.24691666666666667
NVT-AXUAA6VC8486,0.24691666666666667
NVT-REYB8AELXRKG,0.24691666666666667
NVT-QJXL2DDZQJCU,0.24691666666666667
NVT-WV9DZGWZLFSL,0.24691666666666667
NVT-8B7EUXTXV73H,0.24691666666666667
NVT-EE8VY9QDBEA5,0.24691666666666667
NVT-2QWTLBB6AK4K,0.24691666666666667
NVT-X2FY34KMQ2ZL,0.24691666666666667
NVT-T6LPP5MVK6YU,0.24691666666666667
NVT-UGGDQ64Q5X4H,0.24691666666666667
NVT-3WN2USPP5ZYW,0.24691666666666667
NVT-FQFXPQYG2L3B,0.24691666666666667
NVT-S6JAW8JMJLZP,0.24691666666666667
NVT-C6GVUNUWRFY6,0.24691666666666667
NVT-CFRW6RXYC3FC,0.24691666666666667
NVT-6WPR4UNEXMAE,0.24691666666666667
NVT-LJFBSTE7XM4C,0.24691666666666667
NVT-JAQEZURZ8CVW,0.24691666666666667
NVT-B6UPYRJJZ5K9,0.24691666666666667
NVT-VLRKKM9WEZYE,0.24691666666666667
NVT-NTNFQWD8WT6Q,0.24691666666666667
NVT-VDR3LTYQ2WPX,0.24691666666666667
NVT-UKDZYYYGQFL6,0.24691666666666667
NVT-S5SHBW5FW2N4,0.24691666666666667
NVT-JUBLYNVRR8N6,0.24691666666666667
NVT-EQPVL2MCKY8A,0.24691666666666667
NVT-N37MYHCBNFB9,0.24691666666666667
NVT-KD4KDR4WMKRV,0.24691666666666667
NVT-ZXXJ4NT474DC,0.24691666666666667
NVT-QN6CSMNC2Y7Y,0.24691666666666667
NVT-P55HVU7NLN2R,0.24691666666666667
NVT-3X5SKA4Z4YJR,0.24691666666666667
NVT-TXYSSX4Q7VFL,0.24691666666666667
NVT-FENJBAHEUGA7,0.24691666666666667
NVT-FKXZVZN8GK7V,0.24691666666666667
NVT-R9V9NZYHM4LZ,0.24691666666666667
NVT-FDU9GCNQGQPQ,0.24691666666666667
NVT-J4X5DW53SW6F,0.24691666666666667
NVT-SGSZXDSYHKWY,0.24691666666666667
NVT-57K4XABS5DNG,0.24691666666666667
NVT-JFKU6H3NCXPM,0.24691666666666667
NVT-EEJYL6VPB5NW,0.24691666666666667
NVT-69FDDW6QRANB,0.24691666666666667
NVT-WKB93BZE2YGV,0.24691666666666667
NVT-BL34SVF3Z625,0.24691666666666667
NVT-A2Y5GGZR465Y,0.24691666666666667
NVT-SCF8FSV4EKSH,0.24691666666666667
NVT-J34X7TXKX2XS,0.24691666666666667
NVT-29B5NGD5JCBG,0.24691666666666667
NVT-UAQZ2NLETNVE,0.24691666666666667
NVT-NB3M3DQHU5XU,0.24691666666666667
NVT-MTSTK852RQ84,0.24691666666666667
NVT-5S6GWN9G5MVF,0.24691666666666667
NVT-3H78FJ883GSZ,0.24691666666666667
NVT-GEP3SG3UGANJ,0.24691666666666667
NVT-969MQZMDD5TP,0.24691666666666667
NVT-Z8R9QYLKKYCC,0.24691666666666667
NVT-UYQAQEWXLYKP,0.24691666666666667
NVT-EXZ2SWWANHR7,0.24691666666666667
NVT-QZPNJ5HNTR2X,0.24691666666666667
NVT-NDEADWV4FXAZ,0.24691666666666667
NVT-ECTHAAMKWCZQ,0.24691666666666667
NVT-9USLFZNZ4XTX,0.24691666666666667
NVT-DPN8RZQ4UPMG,0.24691666666666667
NVT-GYNKQQDGWK3M,0.24691666666666667
NVT-HQTV33UY6MQZ,0.24691666666666667
NVT-MJG4QL9DWKCS,0.24691666666666667
NVT-QF7NF5JPT3HA,0.24691666666666667
NVT-YE6TB2KYLDAX,0.24691666666666667
NVT-7HXXBP3LNV7D,0.24691666666666667
NVT-PXX47B7R2BEJ,0.24691666666666667
NVT-AYY9VWRNWZXY,0.24691666666666667
NVT-LLAJY9962L5R,0.24691666666666667
NVT-H8F7D2SBEM6F,0.24691666666666667
NVT-4JVFJXHZUQSM,0.24691666666666667
NVT-W4HRQ3HJSEXY,0.24691666666666667
NVT-WBZVNLNH5QW8,0.24691666666666667
NVT-UGLLE22XFKWC,0.24691666666666667
NVT-GTL2CWCSU3TU,0.24691666666666667
NVT-M4VDKAHQYPFM,0.24691666666666667
NVT-C6PFCWBLL3ES,0.24691666666666667
NVT-LYY2ZQ5XDGA8,0.24691666666666667
NVT-D6ARTYRZNASZ,0.24691666666666667
NVT-XFF8EVLMPG5Y,0.24691666666666667
NVT-JBM2H5CG2F24,0.24691666666666667
NVT-X9TGYQ8ULTWF,0.24691666666666667
NVT-NF2LHYGSY4U7,0.24691666666666667
NVT-ENG27Y9N5UZZ,0.24691666666666667
NVT-L3AES487VS5A,0.24691666666666667
NVT-SCKR9GBEVHMB,0.24691666666666667
NVT-QFKWVTKWQJFX,0.24691666666666667
NVT-VV8QZE94AYC4,0.24691666666666667
NVT-6VAJ6DGE6PLV,0.24691666666666667
NVT-6CVDKC6FC3P6,0.24691666666666667
NVT-4N6XNJ6A643Y,0.24691666666666667
NVT-PZRBYDJGWGDC,0.24691666666666667
NVT-MQYALRCHNKXC,0.24691666666666667
NVT-HXVGGV229ZVJ,0.24691666666666667
NVT-USS9U8ZG2DJR,0.24691666666666667
NVT-SMJ2D947U4VK,0.24691666666666667
NVT-LNJ8YRUCZBGU,0.24691666666666667
NVT-9VVWB543XPYU,0.24691666666666667
NVT-A7RBJNKKR8CF,0.24691666666666667
NVT-YERTDBHB8FAP,0.24691666666666667
NVT-68NCRKSR2X2W,0.24691666666666667
NVT-S9KR7K6EZGHC,0.24691666666666667
NVT-AJKKPPXMDE3H,0.24691666666666667
NVT-YJL97UA5GAZ9,0.24691666666666667
NVT-8AN3D3WVJN56,0.24691666666666667
NVT-Z76ZJXSWTCVX,0.24691666666666667
NVT-VGXLYVLQ4ZYU,0.24691666666666667
NVT-XG4DYVAWCZYK,0.24691666666666667
NVT-HA4JVFEJH7XL,0.24691666666666667
NVT-QTLTV862HS5C,0.24691666666666667
NVT-HEDUM7MU5VN7,0.24691666666666667
NVT-RDEVXTAYUG7U,0.24691666666666667
NVT-2L3V9F9ZBXXW,0.24691666666666667
NVT-5P6HSFDRM3KP,0.24691666666666667
NVT-ZB5P928DMX7B,0.24691666666666667
NVT-HHFSKFBYGKMB,0.24691666666666667
NVT-YBB9A2LMLQWB,0.24691666666666667
NVT-AU2PN4K2HBN6,0.24691666666666667
NVT-QDWKKP57Y9XH,0.24691666666666667
NVT-MFXMLA7NB3Z3,0.24691666666666667
NVT-JNYVTQRSHM7Q,0.24691666666666667
NVT-EPBRZ6LV47DC,0.24691666666666667
NVT-AAJJ4HHM9H23,0.24691666666666667
NVT-JGVYLSG3YFP8,0.24691666666666667
NVT-PURG27YWKQCB,0.24691666666666667
NVT-PAWXVZ24TY2F,0.24691666666666667
NVT-G6TEWCUK4LXE,0.24691666666666667
NVT-79VSZ5CXLMJ8,0.24691666666666667
NVT-Y38F9WAUVH8H,0.24691666666666667
NVT-WJLST98V227Z,0.24691666666666667
NVT-T5Q9BZ6CZXBS,0.24691666666666667
NVT-XSEFEHAT3XWF,0.24691666666666667
NVT-APAV9LUZMPP6,0.24691666666666667
NVT-447C8WRHUYPZ,0.24691666666666667
NVT-SW7BRW3MJUQ8,0.24691666666666667
NVT-47V387DFUSZ6,0.24691666666666667
NVT-MEFGGSGMFDRK,0.24691666666666667
NVT-SSWVU68AM7AN,0.24691666666666667
NVT-LG594Q8YL6VM,0.24691666666666667
NVT-9RRRLAM962J5,0.24691666666666667
NVT-6GQ9B6BBG4YY,0.24691666666666667
NVT-GQWCH7WRRP5D,0.24691666666666667
NVT-EAK72C7MFPXF,0.24691666666666667
NVT-DLBP3VVY85SW,0.24691666666666667
NVT-HSMLQ22KYEV9,0.24691666666666667
NVT-8ZHG572XFP9W,0.24691666666666667
NVT-PXS9VNLCUHFD,0.24691666666666667
NVT-ET7F2X3QBU4D,0.24691666666666667
NVT-DC66QHGL4BKR,0.24691666666666667
NVT-JDDPEX73ATEW,0.24691666666666667
NVT-CTXT2EY2N5AD,0.24691666666666667
NVT-VAUK34BKF975,0.24691666666666667
NVT-XLTJL57DZKKC,0.24691666666666667
NVT-6296KVDYR8YB,0.24691666666666667
NVT-WGTFTMZRQCRF,0.24691666666666667
NVT-L5YWPA5JR5CT,0.24691666666666667
NVT-T9THDY93ZNM6,0.24691666666666667
NVT-V3VNBCJP4FGK,0.24691666666666667
NVT-VRWCT6GRPDQX,0.24691666666666667
NVT-KK92HW5SLPGG,0.24691666666666667
NVT-RG2VFSFF6856,0.24691666666666667
NVT-BLECV6H77BJ7,0.24691666666666667
NVT-P3KY4CFAWCZD,0.24691666666666667
NVT-JCMZMM8A5ZNM,0.24691666666666667
NVT-7NTU48KWM7E8,0.24691666666666667
NVT-HBBHBYZNXC4D,0.24691666666666667
NVT-G4KS9DFLWEPQ,0.24691666666666667
NVT-KJXE2MBZPVDD,0.24691666666666667
NVT-BYUR3TS9B2PN,0.24691666666666667
NVT-SDTE24VLNDAW,0.24691666666666667
NVT-6FLPVPZ3ZZKU,0.24691666666666667
NVT-SG2X3SRA78UX,0.24691666666666667
NVT-QU7F457D2GCV,0.24691666666666667
NVT-PG73XXSRYL85,0.24691666666666667
NVT-CWHJT78AW3FM,0.24691666666666667
NVT-HHHQ8C885VPC,0.24691666666666667
NVT-P6R35THADP9P,0.24691666666666667
NVT-QDRYESKZQ7G4,0.24691666666666667
NVT-XXESSF9DVSX3,0.24691666666666667
NVT-ZKFS744WXFKT,0.24691666666666667
NVT-LA3R2DPDTT4R,0.24691666666666667
NVT-8AHJ38GBM6M5,0.24691666666666667
NVT-9E5PCWXXZKRT,0.24691666666666667
NVT-PRXXFGMASMKQ,0.24691666666666667
NVT-PSKMXTPNSMZG,0.24691666666666667
NVT-JY8FB6NSFMLV,0.24691666666666667
NVT-XKYQAPSPAZX4,0.24691666666666667
NVT-KGFLS5EHHHHP,0.24691666666666667
NVT-YNCBRV66DDJQ,0.24691666666666667
NVT-QF9KES8UMZ2N,0.24691666666666667
NVT-DJB57YRGJRVB,0.24691666666666667
NVT-5SAVS36VJ82G,0.24691666666666667
NVT-TXKRY4DHUEW4,0.24691666666666667
NVT-EUTHS6UREAU4,0.24691666666666667
NVT-MN3NZQWUJDDM,0.24691666666666667
NVT-B29V38GQ9TA8,0.24691666666666667
NVT-TK8H7X3F9VYX,0.24691666666666667
NVT-XVYACEHNPBUZ,0.24691666666666667
NVT-Y6JZLS4AKM5W,0.24691666666666667
NVT-B6DKSBHQXDAY,0.24691666666666667
NVT-YZT86CREE8J6,0.24691666666666667
NVT-TSVBWT4BBGSB,0.24691666666666667
NVT-XDKSWPH6W7G5,0.24691666666666667
NVT-YH4S63322UKG,0.24691666666666667
NVT-XS4DF2GDP5FN,0.24691666666666667
NVT-4DBZURWEZ2FK,0.24691666666666667
NVT-HCF7V4EMT63D,0.24691666666666667
NVT-MJ22Z4FHUM5Q,0.24691666666666667
NVT-QZVHGFMQXKJX,0.24691666666666667
NVT-EDL5DXE5A64R,0.24691666666666667
NVT-MG288YGBAZYJ,0.24691666666666667
NVT-G2NZXGTGCQXB,0.24691666666666667
NVT-6B4FP73WHUYZ,0.24691666666666667
NVT-KC3FDTECSUQ7,0.24691666666666667
NVT-Y6LHCSKCRS4M,0.24691666666666667
NVT-KVPS7PM3TRRP,0.24691666666666667
NVT-7KJVNF6Y43DR,0.24691666666666667
NVT-PMFT3N3G8T39,0.24691666666666667
NVT-EERYM247JDJ6,0.24691666666666667
NVT-TM8YTPRPUDV6,0.24691666666666667
NVT-T4BKHZXBLA44,0.24691666666666667
NVT-JFGAYNJHLYTZ,0.24691666666666667
NVT-7M2NPZ4L6ALX,0.24691666666666667
NVT-VLK2857AH68X,0.24691666666666667
NVT-XG9LEDQ24GGQ,0.24691666666666667
NVT-28VMFE8UGDUH,0.24691666666666667
NVT-QC2N2GSFH95X,0.24691666666666667
NVT-JE23QZYPJVV8,0.24691666666666667
NVT-GU2848W5C9YS,0.24691666666666667
NVT-EYYCXWFGJ7QV,0.24691666666666667
NVT-EZLT5CM2GMLN,0.24691666666666667
NVT-6ZQPDWRSYTUL,0.24691666666666667
NVT-HM8TKRTG8ZRD,0.24691666666666667
NVT-B79P3B7D59JY,0.24691666666666667
NVT-Q3EL9C9935H7,0.24691666666666667
NVT-ZAQUAYLLBTWD,0.24691666666666667
NVT-U9UEL7BBSJQK,0.24691666666666667
NVT-GZ72VBFW5NVV,0.24691666666666667
NVT-C2RA35H6FMFS,0.24691666666666667
NVT-69CYAHMEXAUJ,0.24691666666666667
NVT-2CAD3WAYFQFL,0.24691666666666667
NVT-PBSKMBB9U639,0.24691666666666667
NVT-VGQ43WU55X3W,0.24691666666666667
NVT-DSYHAZBZ7RWX,0.24691666666666667
NVT-YHSDGTNK3BJ4,0.24691666666666667
NVT-MRHLUTYPS3VM,0.24691666666666667
NVT-ME6FTVBX6SES,0.24691666666666667
NVT-EWYEPWM3UC2R,0.24691666666666667
NVT-9FAX5U7HAY5S,0.24691666666666667
NVT-K4YWALVFSXES,0.24691666666666667
NVT-W8R5YYN5G3B9,0.24691666666666667
NVT-HN25G4NKEX9S,0.24691666666666667
NVT-8GPK5EG6K2Z2,0.24691666666666667
NVT-C4GPTPL7WY9D,0.24691666666666667
NVT-ZB6JRJR5TPBW,0.24691666666666667
NVT-NLYE4KZSXCX2,0.24691666666666667
NVT-AA3HK3J33LJZ,0.24691666666666667
NVT-8L7UTZXNBQZU,0.24691666666666667
NVT-GP533JVPJMX9,0.24691666666666667
NVT-NDGQB8P48HNM,0.24691666666666667
NVT-HLZU46JD5R2A,0.24691666666666667
NVT-LRTXQEHBQZVZ,0.24691666666666667
NVT-NBQ46YFD3E28,0.24691666666666667
NVT-GEEP5ECLDK63,0.24691666666666667
NVT-377T439NZH6N,0.24691666666666667
NVT-T6XPGZJB3ZL8,0.24691666666666667
NVT-GEKP7LDFPM82,0.24691666666666667
NVT-AKVAZC5N8CUC,0.24691666666666667
NVT-BH56EYY2GPUU,0.24691666666666667
NVT-F98CRYGN659L,0.24691666666666667
NVT-4VMAN5ZUXJJT,0.24691666666666667
NVT-74F4L83SVE86,0.24691666666666667
NVT-5F2WWCZSXHSN,0.24691666666666667
NVT-DW2SEFFFKPEC,0.24691666666666667
NVT-AYYEXXNH4GPU,0.24691666666666667
NVT-FG86KJHNJXD9,0.24691666666666667
NVT-SP2DA58ERWYB,0.24691666666666667
NVT-LK75HECKP52J,0.24691666666666667
NVT-5AQR3UGUSD6X,0.24691666666666667
NVT-DYLAXBSNUASS,0.24691666666666667
NVT-BZYLQKLJET6D,0.24691666666666667
NVT-J4ZKNXS22LMK,0.24691666666666667
NVT-DK3DZDZKVJQW,0.24691666666666667
NVT-X8R5YZFNCKP5,0.24691666666666667
NVT-HFVXZJLFCJUC,0.24691666666666667
NVT-S6SPBHUWSE3N,0.24691666666666667
NVT-7SJT7W6NX93V,0.24691666666666667
NVT-MN2SXLATMB45,0.24691666666666667
NVT-NDJPKRCZ66US,0.24691666666666667
NVT-43CFTX5PRG4R,0.24691666666666667
NVT-96J7W34EHF5V,0.24691666666666667
NVT-2RCVVYA6EGFX,0.24691666666666667
NVT-C7UNWFVDHDMS,0.24691666666666667
NVT-R5RZJR6XG9XB,0.24691666666666667
NVT-REZ3UFLV5PJB,0.24691666666666667
NVT-CM4C4ASL5JVJ,0.24691666666666667
NVT-Z68D5ZN26PWB,0.24691666666666667
NVT-2TRXBL8Q27WG,0.24691666666666667
NVT-ZEKED7Z8MPAT,0.24691666666666667
NVT-BYUJEJUTZ22C,0.24691666666666667
NVT-B453FW6TLPJY,0.24691666666666667
NVT-VVFTJ3URJKHL,0.24691666666666667
NVT-8YXVTBKA9PEN,0.24691666666666667
NVT-FH5CMFBHBXRK,0.24691666666666667
NVT-79AJ9C4W2LTS,0.24691666666666667
NVT-D7R4WER9V4LA,0.24691666666666667
NVT-FRSM8QT8VDMF,0.24691666666666667
NVT-F4TFKRJ4M76G,0.24691666666666667
NVT-M6VNSN5RMPLW,0.24691666666666667
NVT-S2JCGVWQ4LWM,0.24691666666666667
NVT-PH23B2PT8CUZ,0.24691666666666667
NVT-99BK3487SUX9,0.24691666666666667
NVT-KMC59Q36GXDX,0.24691666666666667
NVT-ZJDJF4QBA4PC,0.24691666666666667
NVT-4LP9Q9UBPL5U,0.24691666666666667
NVT-2S25RXA5VS43,0.24691666666666667
NVT-ABY39ZB6YFF9,0.24691666666666667
NVT-L5QJE29HT9S5,0.24691666666666667
NVT-2WYDV3NYPJVF,0.24691666666666667
NVT-TB6UENAG43FH,0.24691666666666667
NVT-HSQWBS9D6D7F,0.24691666666666667
NVT-QUEHT44D5W36,0.24691666666666667
NVT-PKZJTCXH2M95,0.24691666666666667
NVT-F5PTRPKQKN9U,0.24691666666666667
NVT-HB2SYHSN8JB2,0.24691666666666667
NVT-CDQM4MUEJ3XP,0.24691666666666667
NVT-22J47QQAXZ9M,0.24691666666666667
NVT-P9B6W963TQQ3,0.24691666666666667
NVT-JER7H6LVSLFB,0.24691666666666667
NVT-SANVF622UK2C,0.24691666666666667
NVT-S2HRKS4PEUT4,0.24691666666666667
NVT-UNLPA66DMCC6,0.24691666666666667
NVT-KBBKXKXXKPBL,0.24691666666666667
NVT-M586ACHZCYJT,0.24691666666666667
NVT-7RQ9SVZAF5ZN,0.24691666666666667
NVT-Z6NWAKGUPLYC,0.24691666666666667
NVT-3XPU9NNC3K23,0.24691666666666667
NVT-LPKX2G6FBU6D,0.24691666666666667
NVT-FCGE4PFVH48R,0.24691666666666667
NVT-5MH5YZXF9W2Z,0.24691666666666667
NVT-BY7JHB33XTW8,0.24691666666666667
NVT-YBTU4US4NJNK,0.24691666666666667
NVT-M56RUKGBMZBF,0.24691666666666667
NVT-W2CP587RPB6H,0.24691666666666667
NVT-RDHQT8JZ7292,0.24691666666666667
NVT-936KHVZLLNP9,0.24691666666666667
NVT-B36CTR4TCTZL,0.24691666666666667
NVT-T5PSTRNN2U7R,0.24691666666666667
NVT-BNMR9ETBGPMY,0.24691666666666667
NVT-SBXYTUYVFNPW,0.24691666666666667
NVT-EK3KSNYN2X7A,0.24691666666666667
NVT-M7BMSLAKP6EU,0.24691666666666667
NVT-BVAYT3JNJYVL,0.24691666666666667
NVT-RS4NT7CHMLN5,0.24691666666666667
NVT-QXNEUJMBJUFE,0.24691666666666667
NVT-QRH3T9TV44DK,0.24691666666666667
NVT-4T6Z9LJBPG8S,0.24691666666666667
NVT-G2XZWKAF8VJW,0.24691666666666667
NVT-26LUJA28GSYX,0.24691666666666667
NVT-KASBUQ37A6GY,0.24691666666666667
NVT-YXYQ7Y3YSEZ6,0.24691666666666667
NVT-D4V3MRF7VTYJ,0.24691666666666667
NVT-J6Z6P2HJUF3P,0.24691666666666667
NVT-D8KL3SBRMTBQ,0.24691666666666667
NVT-6672YMFHXMZR,0.24691666666666667
NVT-8V4XPCRRWS5G,0.24691666666666667
NVT-NLVJSKPA77V4,0.24691666666666667
NVT-C7KUQFUVFHLN,0.24691666666666667
NVT-N9DMSLB89D9E,0.24691666666666667
NVT-P2ZM39J5FPD3,0.24691666666666667
NVT-F6YADV4RSYV4,0.24691666666666667
NVT-4LXY5TVYAUW2,0.24691666666666667
NVT-8UXY6EW2PWEY,0.24691666666666667
NVT-YR8AGAAX79EJ,0.24691666666666667
NVT-ECFPRY9F7QUX,0.24691666666666667
NVT-PMPHF36QS4VY,0.24691666666666667
NVT-SAJ59RT4KB4Q,0.24691666666666667
NVT-S659L5KXNWNP,0.24691666666666667
NVT-7RUKKFUDHYF8,0.24691666666666667
NVT-ARZTM9BYVHT2,0.24691666666666667
NVT-BXHMYNCTMALY,0.24691666666666667
NVT-CTXVSAVQYA98,0.24691666666666667
NVT-CP9HJTE2782K,0.24691666666666667
NVT-C5KL4BZL8GWW,0.24691666666666667
NVT-SKSY4H7NKV5D,0.24691666666666667
NVT-FWSY5CUMX9P2,0.24691666666666667
NVT-W27HEK9AYQF2,0.24691666666666667
NVT-LJGJWPYMZUJU,0.24691666666666667
NVT-SJVNUDT4YUUP,0.24691666666666667
NVT-2HBCCXHWR5NR,0.24691666666666667
NVT-3EBJWWQCVNYK,0.24691666666666667
NVT-V7NBJHS7MNE5,0.24691666666666667
NVT-2FZCZWHWYK9G,0.24691666666666667
NVT-LB6BDB9YQ84N,0.24691666666666667
NVT-2AM5B4LHDRZ5,0.24691666666666667
NVT-83AYK6TXEWFT,0.24691666666666667
NVT-TA4ZRHPW85QB,0.24691666666666667
NVT-3GMQ3R49ZQFT,0.24691666666666667
NVT-GX9FAXD8RGUM,0.24691666666666667
NVT-JFSLS3WS8ZQY,0.24691666666666667
NVT-PPBPUHY8GBHF,0.24691666666666667
NVT-FVNKBYQ7JJFQ,0.24691666666666667
NVT-ZJMV39SUC9WU,0.24691666666666667
NVT-KJ2SCDLVZLA4,0.24691666666666667
NVT-LX28Z2QDD79Z,0.24691666666666667
NVT-NDQWML4DYG94,0.24691666666666667
NVT-NQCJFB6HWGKJ,0.24691666666666667
NVT-LD5FQADD9TKM,0.24691666666666667
NVT-Q2VWD3KR9CPM,0.24691666666666667
NVT-35R4JFCNQXGU,0.24691666666666667
NVT-RCS38LNWJLSF,0.24691666666666667
NVT-H3E4XEXBPJA2,0.24691666666666667
NVT-HA9XZT8G9MLN,0.24691666666666667
NVT-NGBHAWVXRC46,0.24691666666666667
NVT-3MRAV7LEFPBB,0.24691666666666667
NVT-9XLJRHCVWUDL,0.24691666666666667
NVT-A9RK9LNLWM5C,0.24691666666666667
NVT-G2JSQMQKPWMU,0.24691666666666667
NVT-9YY2LYPE8GJY,0.24691666666666667
NVT-V3PTXNAXTJJT,0.24691666666666667
NVT-GAWP9M7TKYNT,0.24691666666666667
NVT-3JG6BVXNUTK3,0.24691666666666667
NVT-64ELVD9LA56G,0.24691666666666667
NVT-D6PZDZ5UXNHX,0.24691666666666667
NVT-EDEKVDCF8EU7,0.24691666666666667
NVT-38HPSA7TC6AM,0.24691666666666667
NVT-PUGHHK6M9NR9,0.24691666666666667
NVT-2H98DM9ENHS9,0.24691666666666667
NVT-LRHMFU9ERHUR,0.24691666666666667
NVT-EH67PTHV3FXA,0.24691666666666667
NVT-UF94QVEZJ3DD,0.24691666666666667
NVT-SLYXM2XKAWA4,0.24691666666666667
NVT-UK6CT7GR4SQD,0.24691666666666667
NVT-HNXPW65HVV2E,0.24691666666666667
NVT-M98SGL59PY2X,0.24691666666666667
NVT-DXEXNZR7RHUR,0.24691666666666667
NVT-VNW6UUW2AMP7,0.24691666666666667
NVT-364U4HUEMVZA,0.24691666666666667
NVT-E9A24V5HLVST,0.24691666666666667
NVT-267DG2QRXMH2,0.24691666666666667
NVT-6SKWQKKKSMDN,0.24691666666666667
NVT-F6C2LSVKW2U7,0.24691666666666667
NVT-Q9MAYCK5BMR8,0.24691666666666667
NVT-TCSB75P3XCXD,0.24691666666666667
NVT-HF8MEB3UPUCT,0.24691666666666667
NVT-9PJYD5B72WWU,0.24691666666666667
NVT-39SH5DV3HTDD,0.24691666666666667
NVT-27JRMEHH3QU6,0.24691666666666667
NVT-CMH267MY3Z36,0.24691666666666667
NVT-MQL4XEM2GRYU,0.24691666666666667
NVT-VRRFMATWBS6X,0.24691666666666667
NVT-P8DAV4D7YYEM,0.24691666666666667
NVT-6ZJ96DQ6HULQ,0.24691666666666667
NVT-VVKHFGJVKGKU,0.24691666666666667
NVT-SD5JDDSQAJ5M,0.24691666666666667
NVT-QC8RZCFTSJ24,0.24691666666666667
NVT-U9CQ9UK6VV2H,0.24691666666666667
NVT-K8QJAWE32G8V,0.24691666666666667
NVT-Y23LP8FB4MSK,0.24691666666666667
NVT-GNU2TD8M9T33,0.24691666666666667
NVT-WGSHS4K3NWAD,0.24691666666666667
NVT-FV83CEAAR86A,0.24691666666666667
NVT-A5X8K59NH64W,0.24691666666666667
NVT-HUA7CK7LAPVG,0.24691666666666667
NVT-ACBYQP3JDT82,0.24691666666666667
NVT-VR6E5D89K4XD,0.24691666666666667
NVT-DFJ3C5E7DWVM,0.24691666666666667
NVT-EHQHE3TF6ULY,0.24691666666666667
NVT-WXFQE42JMVKE,0.24691666666666667
NVT-KC58WRPJUQKH,0.24691666666666667
NVT-SRB7WR3AH63Y,0.24691666666666667
NVT-NTLK2T9B8C3W,0.24691666666666667
NVT-VKHABKJHDHGM,0.24691666666666667
NVT-3HBDHY84WXUS,0.24691666666666667
NVT-WG4N72FTW7EA,0.24691666666666667
NVT-82QKDFSRS9BY,0.24691666666666667
NVT-BG4F9VAKRPRK,0.24691666666666667
NVT-JDWAPM4WFVX6,0.24691666666666667
NVT-J884YGV5XWAT,0.24691666666666667
NVT-VAHZ7P5XCCYS,0.24691666666666667
NVT-8M74XMVVNKMA,0.24691666666666667
NVT-LFZQXGKHP3KZ,0.24691666666666667
NVT-53DNBK7Z2WRR,0.24691666666666667
NVT-KAVDG6K62AJN,0.24691666666666667
NVT-YRAW4JKTDKYR,0.24691666666666667
NVT-ZCRCEGJUMYST,0.24691666666666667
NVT-Q4H8R2PZQSQ7,0.24691666666666667
NVT-S3X3A37MA4VH,0.24691666666666667
NVT-83YF8BDBRC53,0.24691666666666667
NVT-LMNKC7SFSBVP,0.24691666666666667
NVT-RGDY4ZMHYG6R,0.24691666666666667
NVT-RKCGSVQ3ZJHC,0.24691666666666667
NVT-UDCAVEEBLJ9W,0.24691666666666667
NVT-LB8CQRYSQPDM,0.24691666666666667
NVT-KYUTXBVCDU9Y,0.24691666666666667
NVT-N5U28UUXSLEX,0.24691666666666667
NVT-72HCNSUA2QUZ,0.24691666666666667
NVT-CVWE6XEX95C7,0.24691666666666667
NVT-AX9G5ELA3VSE,0.24691666666666667
NVT-WAGJCXKRUCMC,0.24691666666666667
NVT-GC5RQBFCKBGN,0.24691666666666667
NVT-4QJWHSVERYST,0.24691666666666667
NVT-KUCX8EFNTFW2,0.24691666666666667
NVT-WT58V6CD34MS,0.24691666666666667
NVT-4ZWFB9KEXSDH,0.24691666666666667
NVT-3PF3RBJ4JG88,0.24691666666666667
NVT-T4T5BUDQCPZ9,0.24691666666666667
NVT-D6AX8EFDAUJV,0.24691666666666667
NVT-N3YAGCNHX7DY,0.24691666666666667
NVT-22KMSGEXUUT8,0.24691666666666667
NVT-VFDPW6PPNXNQ,0.24691666666666667
NVT-FKCFPNHMPA4E,0.24691666666666667
NVT-XW6TBV3JATSE,0.24691666666666667
NVT-82TQUKFQN8ZM,0.24691666666666667
NVT-42TMJDJEEQSE,0.24691666666666667
NVT-LM9545VXZULJ,0.24691666666666667
NVT-2YTD8WC5NWKJ,0.24691666666666667
NVT-JRUY6DV5PZ5K,0.24691666666666667
NVT-E9FKNFFDCEWC,0.24691666666666667
NVT-RV93FMNFHWY8,0.24691666666666667
NVT-UKM9HDK8Y283,0.24691666666666667
NVT-KL8CADMQ7G3Y,0.24691666666666667
NVT-UNXAFL243DWR,0.24691666666666667
NVT-GJ68GFGPSHPM,0.24691666666666667
NVT-KNSZ536G3EW3,0.24691666666666667
NVT-P44GJ9HRMEDY,0.24691666666666667
NVT-CQFLZFA2ZFKY,0.24691666666666667
NVT-8SVD26F7VLKG,0.24691666666666667
NVT-7KQ7D9JTJCXM,0.24691666666666667
NVT-PL7SXJAQJNYJ,0.24691666666666667
NVT-EB92AV4VEU5T,0.24691666666666667
NVT-JKGHX3KAWTZE,0.24691666666666667
NVT-BD6SH42CU3T5,0.24691666666666667
NVT-2M5E6BBBC8TS,0.24691666666666667
NVT-9DU3ZXX7FUHK,0.24691666666666667
NVT-PXGAUHW8XSBQ,0.24691666666666667
NVT-8GVRQM82U5ZU,0.24691666666666667
NVT-87V7U8YAVSNE,0.24691666666666667
NVT-379LVBDRYNCV,0.24691666666666667
NVT-W6HH2TL7ET26,0.24691666666666667
NVT-F728BJQHYCRK,0.24691666666666667
NVT-AHUQCBFUV7WM,0.24691666666666667
NVT-8VCACUZU2XXG,0.24691666666666667
NVT-F8HLTLY26MGP,0.24691666666666667
NVT-6A3HBTWGTZT8,0.24691666666666667
NVT-TB8ZQPH69MYN,0.24691666666666667
NVT-E8KWE5HMUC62,0.24691666666666667
NVT-LHCEQLJ4TJQ5,0.24691666666666667
NVT-QYF3DWYST3T2,0.24691666666666667
NVT-3ZKDXW864Z9Z,0.24691666666666667
NVT-X6APNRNW29H2,0.24691666666666667
NVT-U885NRL3NEP8,0.24691666666666667
NVT-X5ZMNZKJCYKT,0.24691666666666667
NVT-TYDWRUAVG88S,0.24691666666666667
NVT-T6T4T4K6SUZG,0.24691666666666667
NVT-FU3EXJ7394FE,0.24691666666666667
NVT-KT43HW65KHL3,0.24691666666666667
NVT-HQWA8DK5RRU7,0.24691666666666667
NVT-4WDVBNUHGPTL,0.24691666666666667
NVT-TMMEUBEFESZJ,0.24691666666666667
NVT-6BP4YG73G24R,0.24691666666666667
NVT-932QXA479BU8,0.24691666666666667
NVT-3V4ZAHFHM7EU,0.24691666666666667
NVT-FZSN6Z4GB2KJ,0.24691666666666667
NVT-W2XV6P8XJ4C6,0.24691666666666667
NVT-K8LHKPJ5FZD2,0.24691666666666667
NVT-U9J6SGWEQQ4Y,0.24691666666666667
NVT-V8CFKHAYZLAW,0.24691666666666667
NVT-MXN5UEYVRZ3W,0.24691666666666667
NVT-GJZY8DJW3LKZ,0.24691666666666667
NVT-H76B4QACWZZX,0.24691666666666667
NVT-T44X9TVTV4C2,0.24691666666666667
NVT-EGG7CWWZ9PZW,0.24691666666666667
NVT-4PHDDBKLM6F4,0.24691666666666667
NVT-ACD6J53CWTVG,0.24691666666666667
NVT-FY8W2MA368B6,0.24691666666666667
NVT-4WUFXM7P6GKW,0.24691666666666667
NVT-CNUQTPBT6S2J,0.24691666666666667
NVT-HTLHVG8W5S8T,0.24691666666666667
NVT-VWGG9JGGZFZD,0.24691666666666667
NVT-XHRNWV35X2G8,0.24691666666666667
NVT-N6BJPXYHHPUC,0.24691666666666667
NVT-VQTWY5Q35XCW,0.24691666666666667
NVT-2HD7SPT6UMYV,0.24691666666666667
NVT-AKKKKQF7VWVD,0.24691666666666667
NVT-DXLM9SVPZQSV,0.24691666666666667
NVT-4K3ZQYSK8BB9,0.24691666666666667
NVT-TBRNHUC9AR88,0.24691666666666667
NVT-GNRBT4CXR4SR,0.24691666666666667
NVT-MYF65PDVV3Y3,0.24691666666666667
NVT-3P79V6R9XYA2,0.24691666666666667
NVT-QYH6YPKLAMZB,0.24691666666666667
NVT-J78NTWS27BD8,0.24691666666666667
NVT-KLFZPU6J2XFT,0.24691666666666667
NVT-DNZN48MD5ZQM,0.24691666666666667
NVT-Q7ADV9GQSXDT,0.24691666666666667
NVT-TDD33LRHFFAX,0.24691666666666667
NVT-LSRM9UT7FBKG,0.24691666666666667
NVT-FZJ39PXKQHC7,0.24691666666666667
NVT-3TRGAJAGT4FE,0.24691666666666667
NVT-8HKB5ZCW42ZX,0.24691666666666667
NVT-52VW2J6KHHAE,0.24691666666666667
NVT-3FRYAYNACEMQ,0.24691666666666667
NVT-T9H39CLHZVKJ,0.24691666666666667
NVT-3TUDJYRD3D94,0.24691666666666667
NVT-FH557H5K6R77,0.24691666666666667
NVT-GQXYC3GKKWZT,0.24691666666666667
NVT-4Y5V4F8E97BS,0.24691666666666667
NVT-6YFGGBAWGJZP,0.24691666666666667
NVT-2ZR4SSQ5F8VP,0.24691666666666667
NVT-NQJ8WFMJJ2D8,0.24691666666666667
NVT-XZ479U3JAZUD,0.24691666666666667
NVT-JCPDN8HD5DAV,0.24691666666666667
NVT-9HGABWZ9B3LP,0.24691666666666667
NVT-UB9Y5STELBHN,0.24691666666666667
NVT-RJC65Z6DPJKN,0.24691666666666667
NVT-QQ9ATA8NVJ3M,0.24691666666666667
NVT-96RFGDT9AMD9,0.24691666666666667
NVT-MWJG6XFXJFD4,0.24691666666666667
NVT-54NBRYBPAU3Z,0.24691666666666667
NVT-DD8VKZQQHFBR,0.24691666666666667
NVT-47ZEG8F8TVPQ,0.24691666666666667
NVT-FN28PEKF6CKE,0.24691666666666667
NVT-6D5FF6JE3XQY,0.24691666666666667
NVT-2QV3SV6PJ74W,0.24691666666666667
NVT-66JU6C2J265F,0.24691666666666667
NVT-FBNQT8XGMH5C,0.24691666666666667
NVT-MMXZPGAHBS2C,0.24691666666666667
NVT-TH4RU4RDZJKP,0.24691666666666667
NVT-FG7ARFKCMCNB,0.24691666666666667
NVT-RATVPD5D5WKR,0.24691666666666667
NVT-QVTYLP4Z6UWA,0.24691666666666667
NVT-XMXNMFLYXNX4,0.24691666666666667
NVT-E2D959HH9FKQ,0.24691666666666667
NVT-JF5TZWRZAX3D,0.24691666666666667
NVT-HCS4YBQM8A7G,0.24691666666666667
NVT-NR7Y6H465A2W,0.24691666666666667
NVT-GBXSNWE8VT8U,0.24691666666666667
NVT-BZP9DDSBQH7M,0.24691666666666667
NVT-TS9TQ4RFDBTB,0.24691666666666667
NVT-VHAEBRNLJY3V,0.24691666666666667
NVT-8RVRKZ83U2B5,0.24691666666666667
NVT-C4MWM9TTXB83,0.24691666666666667
NVT-HQSRVXSTE7CT,0.24691666666666667
NVT-ZM92KANKXJV3,0.24691666666666667
NVT-X3MAT3PMWTKZ,0.24691666666666667
NVT-NEEMPWBSKHV2,0.24691666666666667
NVT-APD64ZBVYZ2H,0.24691666666666667
NVT-Y2EQLAPXNA2R,0.24691666666666667
NVT-HSHWQ9C8X7V3,0.24691666666666667
NVT-MLXZFMFKGTZJ,0.24691666666666667
NVT-PXHFMTLAA4DP,0.24691666666666667
NVT-7VK3FXDQC93Y,0.24691666666666667
NVT-9W9NT2MTZQBS,0.24691666666666667
NVT-3AJEGHWEJWV4,0.24691666666666667
NVT-AB3GB36B2DER,0.24691666666666667
NVT-VQFAC7UDLRTQ,0.24691666666666667
NVT-ZUG284JS9E92,0.24691666666666667
NVT-49A2XS8DNUU9,0.24691666666666667
NVT-EKP75EAUKPT8,0.24691666666666667
NVT-Q8KD2EJ6NE5A,0.24691666666666667
NVT-EF5N2CFZE54Q,0.24691666666666667
NVT-VHRJBCGVAFWN,0.24691666666666667
NVT-QU56479V88XB,0.24691666666666667
NVT-5DKZQ9VHXK2A,0.24691666666666667
NVT-ZYDSED6APCBD,0.24691666666666667
NVT-C73GP6LXY3FW,0.24691666666666667
NVT-XH37E6MBNZP7,0.24691666666666667
NVT-QGLQUQ5D7CE2,0.24691666666666667
NVT-UQJQGKQ2VPWK,0.24691666666666667
NVT-T4YKSYYHJQSK,0.24691666666666667
NVT-5HJ7R9JBQ86Z,0.24691666666666667
NVT-W7W6CUMLD84K,0.24691666666666667
NVT-SGXY5V5WFGD4,0.24691666666666667
NVT-S436GNPC94CE,0.24691666666666667
NVT-YDLQUNFV5BPF,0.24691666666666667
NVT-ENSESL4BMGRZ,0.24691666666666667
NVT-WYPVK8TRE9E7,0.24691666666666667
NVT-5UHXZKB5TW6A,0.24691666666666667
NVT-FMQXJ3WZRGL7,0.24691666666666667
NVT-2E46MD7CMUEH,0.24691666666666667
NVT-F4YNKD899NN4,0.24691666666666667
NVT-9QHQCDEV7MC3,0.24691666666666667
NVT-6GUN3P5KU2SR,0.24691666666666667
NVT-S8WNWPFDSKTU,0.24691666666666667
NVT-MGNNE68RWAGN,0.24691666666666667
NVT-M56DQCWCVW4X,0.24691666666666667
NVT-L5ZCUUG7N64E,0.24691666666666667
NVT-YQ5EXZVA5GBR,0.24691666666666667
NVT-YSNER6V6XSTR,0.24691666666666667
NVT-2YEVRSQQJQSD,0.24691666666666667
NVT-K86QQZPMP3RN,0.24691666666666667
NVT-3PJW84RK23F6,0.24691666666666667
NVT-CZV45SUQDTZK,0.24691666666666667
NVT-AC89S72NCMGM,0.24691666666666667
NVT-AU4G4MV6YJ7T,0.24691666666666667
NVT-6ESXYX7GPSV9,0.24691666666666667
NVT-SU678AG9GHLY,0.24691666666666667
NVT-357G9U7DWRRB,0.24691666666666667
NVT-E62WAL4CQJRF,0.24691666666666667
NVT-642LXTLA6L8R,0.24691666666666667
NVT-GVANHB54SBEQ,0.24691666666666667
NVT-4FKLGC2L5RP2,0.24691666666666667
NVT-6MGQ26GB2CQ8,0.24691666666666667
NVT-7U3TWVBCFRBC,0.24691666666666667
NVT-3DWYQ9E97BM2,0.24691666666666667
NVT-A4AT43LRSURC,0.24691666666666667
NVT-UU55MWUVPLL3,0.24691666666666667
NVT-S72J27BH97PL,0.24691666666666667
NVT-5JXHMD4TE95J,0.24691666666666667
NVT-NJNL6Q65UF5N,0.24691666666666667
NVT-4GYXQZJ8Z8UN,0.24691666666666667
NVT-ZPUTB5US4X7S,0.24691666666666667
NVT-8D5ZERSVYDFS,0.24691666666666667
NVT-SV7LMYNBWP5V,0.24691666666666667
NVT-FUGMSDQSKU3D,0.24691666666666667
NVT-SBPSEW5G97YZ,0.24691666666666667
NVT-7WRD22V4RUVD,0.24691666666666667
NVT-NEEK9N2SWMU4,0.24691666666666667
NVT-D2652U682Y4B,0.24691666666666667
NVT-PCCUGNKNTL56,0.24691666666666667
NVT-PLLYV2AXSE6L,0.24691666666666667
NVT-V24K4KFXGBJE,0.24691666666666667
NVT-BTPUJWTBXKLF,0.24691666666666667
NVT-P9NNVAA46DLR,0.24691666666666667
NVT-3NSVUX5A4JW7,0.24691666666666667
NVT-V9UBAN9SDJWP,0.24691666666666667
NVT-4RTAG54YRCGE,0.24691666666666667
NVT-GX4QTUXE3NWV,0.24691666666666667
NVT-9C8JPM683PL6,0.24691666666666667
NVT-DFUPSKHZLN8U,0.24691666666666667
NVT-9ANHLHQYNUTD,0.24691666666666667
NVT-YL3QNQ3BMGGL,0.24691666666666667
NVT-82QQ8EH9YBMW,0.24691666666666667
NVT-ZJCZBQ27WDG5,0.24691666666666667
NVT-P3TJRV2HNUND,0.24691666666666667
NVT-NKERMG52KCJZ,0.24691666666666667
NVT-FJU4A7WM59BW,0.24691666666666667
NVT-CFYH5ZEQ8B67,0.24691666666666667
NVT-FJGPX5W37HPH,0.24691666666666667
NVT-AY3L5GGWQWKZ,0.24691666666666667
NVT-VWP6MDUQZY4E,0.24691666666666667
NVT-65NNGCBE99HE,0.24691666666666667
NVT-82UVBBQDZEWA,0.24691666666666667
NVT-VBLMVQJMKRQB,0.24691666666666667
NVT-4AV4V9UB2BXK,0.24691666666666667
NVT-9335AYMTLJC4,0.24691666666666667
NVT-CFA32VL3VTSD,0.24691666666666667
NVT-63AAY3JH43YX,0.24691666666666667
NVT-BQUPGHMGEQLL,0.24691666666666667
NVT-NDQCRJ7HN62D,0.24691666666666667
NVT-9722M77YXBSR,0.24691666666666667
NVT-WNDWVU6RVBAH,0.24691666666666667
NVT-5PKV5Y8BV5FE,0.24691666666666667
NVT-P222MQRSAWX7,0.24691666666666667
NVT-345GNBFCU39D,0.24691666666666667
NVT-K7KCU2HAD3KK,0.24691666666666667
NVT-JXANQWBA32Z3,0.24691666666666667
NVT-VTKGAK2LZ28N,0.24691666666666667
NVT-Z9LD7VTUVE2R,0.24691666666666667
NVT-UWDG7J4YDL64,0.24691666666666667
NVT-P2E54JFBMBC2,0.24691666666666667
NVT-K4FSC86X94LT,0.24691666666666667
NVT-SRMVPWCZZNL2,0.24691666666666667
NVT-WU4KPQPLT425,0.24691666666666667
NVT-WXX8ADHX9UDS,0.24691666666666667
NVT-JW4RWBXHMMRZ,0.24691666666666667
NVT-GZ99PSYHSJ7Z,0.24691666666666667
NVT-AYKNT53KBUB8,0.24691666666666667
NVT-8C8K9HTRQCFL,0.24691666666666667
NVT-66PPVG4ZM2JR,0.24691666666666667
NVT-KPLVD5J8AW7P,0.24691666666666667
NVT-HTSQZZLES3RA,0.24691666666666667
NVT-MBL7P5QEQKY4,0.24691666666666667
NVT-RGDRC8L5SB45,0.24691666666666667
NVT-KJM6LYU8DE3N,0.24691666666666667
NVT-9A4X8GJV3CT2,0.24691666666666667
NVT-YR36P3F37XRN,0.24691666666666667
NVT-7DF86AXSRZB8,0.24691666666666667
NVT-SNSRBCXHT647,0.24691666666666667
NVT-28EUM4GC7VH7,0.24691666666666667
NVT-JLE6MVVHV45T,0.24691666666666667
NVT-K5EQGBVJLGLJ,0.24691666666666667
NVT-XKF2KD7W96CE,0.24691666666666667
NVT-CYR44CGTFWRA,0.24691666666666667
NVT-R2SJ2E5498KD,0.24691666666666667
NVT-VTDVH787JWN2,0.24691666666666667
NVT-NCCFVAVBQEAZ,0.24691666666666667
NVT-8UKYV3V9YDEK,0.24691666666666667
NVT-WZQTDGE4AC8P,0.24691666666666667
NVT-NAGZ4HPL6FR8,0.24691666666666667
NVT-8P6676J643XQ,0.24691666666666667
NVT-JTP86DMUNV6N,0.24691666666666667
NVT-6KXG2D9QK7TM,0.24691666666666667
NVT-4JY7YP946AYG,0.24691666666666667
NVT-Z3UV2TW7JXP6,0.24691666666666667
NVT-VEZQGPSJZPQH,0.24691666666666667
NVT-9B7TU9NANGCQ,0.24691666666666667
NVT-3BCPGT6MT4MZ,0.24691666666666667
NVT-HHCVTSJYFFQP,0.24691666666666667
NVT-JX6Q5LMXCH97,0.24691666666666667
NVT-FY5B95F9JG37,0.24691666666666667
NVT-3B7MTA5MLEP7,0.24691666666666667
NVT-AC278RLWLBSU,0.24691666666666667
NVT-4QXKP3T5YQ29,0.24691666666666667
NVT-PDY8VVW7U3W5,0.24691666666666667
NVT-3VN7B97USCZK,0.24691666666666667
NVT-AAR8A6BMYYMB,0.24691666666666667
NVT-X74BPZ52H392,0.24691666666666667
NVT-LCA9U54JXPQ7,0.24691666666666667
NVT-FNAQKXDPLCZ4,0.24691666666666667
NVT-TUFF6GF8LUY3,0.24691666666666667
NVT-X3TWG5B59J2C,0.24691666666666667
NVT-MR7D3YD4YDLA,0.24691666666666667
NVT-8XM6YTMDQVHG,0.24691666666666667
NVT-LWJCH69U5WRF,0.24691666666666667
NVT-XSHQAJKBURH4,0.24691666666666667
NVT-BDBVG7AQCA8J,0.24691666666666667
NVT-NGHCAP844QD2,0.24691666666666667
NVT-CEFSSL8M9S7H,0.24691666666666667
NVT-XFWWQ4UC9GFR,0.24691666666666667
NVT-LZS5Z3UTXYKT,0.24691666666666667
NVT-78UVZBVCMN58,0.24691666666666667
NVT-K66PH9YX5LPE,0.24691666666666667
NVT-V7LKARHWWQKQ,0.24691666666666667
NVT-STBQHQPC8HSM,0.24691666666666667
NVT-VNXAXBNSMEMS,0.24691666666666667
NVT-BU8Y33X3NHTJ,0.24691666666666667
NVT-9PH9Z3JL5XRR,0.24691666666666667
NVT-YYPTXC6AKJ5H,0.24691666666666667
NVT-8V9UEUWJ6GHR,0.24691666666666667
NVT-ZXBUB5EKZH2F,0.24691666666666667
NVT-H6DZV533AKZM,0.24691666666666667
NVT-5BHNH6H9QH2W,0.24691666666666667
NVT-Q3TDX3DBX2UL,0.24691666666666667
NVT-Z8Q8G7G85ECX,0.24691666666666667
NVT-T84FEDCHQSCX,0.24691666666666667
NVT-T6ACUJ2AA737,0.24691666666666667
NVT-4TV7625GBD79,0.24691666666666667
NVT-XT37PUBMZTED,0.24691666666666667
NVT-VUKKWYSGZEM2,0.24691666666666667
NVT-5TPVZSKDTM3M,0.24691666666666667
NVT-6YSXGRND9BMA,0.24691666666666667
NVT-9YG4DXV2SM44,0.24691666666666667
NVT-9SVNEMCJ9GLP,0.24691666666666667
NVT-F4BJGJWL6PBQ,0.24691666666666667
NVT-AV5VL6HEMNZ3,0.24691666666666667
NVT-CSFS37QRJ6VM,0.24691666666666667
NVT-VZUS3BCX538B,0.24691666666666667
NVT-A43BEASSLCGW,0.24691666666666667
NVT-RPU29B3EB9E2,0.24691666666666667
NVT-3V76TYR5XP54,0.24691666666666667
NVT-87BRCXDC4STU,0.24691666666666667
NVT-JQF6X9PV24KT,0.24691666666666667
NVT-7C264SKXHDUF,0.24691666666666667
NVT-JMUB2ETW73QV,0.24691666666666667
NVT-M55Z2CPHP823,0.24691666666666667
NVT-QKGNWRX9PCTR,0.24691666666666667
NVT-RQUM3CTZ4W95,0.24691666666666667
NVT-T2KFDZPZSQ5R,0.24691666666666667
NVT-8TAQBLQS9SKE,0.24691666666666667
NVT-EFGKB9KDQ4AM,0.24691666666666667
NVT-HNCJQUDKMQMP,0.24691666666666667
NVT-9HLYGCJTG4N2,0.24691666666666667
NVT-Z974AW5LMY8N,0.24691666666666667
NVT-K6DBG9P57BSX,0.24691666666666667
NVT-2E9KYMN5TYZA,0.24691666666666667
NVT-JGY5U8PES22V,0.24691666666666667
NVT-BVZP9L2628L6,0.24691666666666667
NVT-L74DXNAKEW3U,0.24691666666666667
NVT-7FQZHKEZQKGM,0.24691666666666667
NVT-LPLTQ6V38SNN,0.24691666666666667
NVT-DQ5LVAK29UB5,0.24691666666666667
NVT-LT9629D3HSET,0.24691666666666667
NVT-ASUV289NGX9V,0.24691666666666667
NVT-7ATQGMSNKF5S,0.24691666666666667
NVT-R7T2HX5LB679,0.24691666666666667
NVT-4RZ9ALT6GHPH,0.24691666666666667
NVT-FGBF3AC2Q7KM,0.24691666666666667
NVT-R8L5CCE2P43G,0.24691666666666667
NVT-W33NKECC8JZU,0.24691666666666667
NVT-99N2WPKPZ387,0.24691666666666667
NVT-4LM2Z67DLFX3,0.24691666666666667
NVT-5EJ5PBJ55VP8,0.24691666666666667
NVT-J4PBZVD8MCA2,0.24691666666666667
NVT-XY6K6XPZG6NZ,0.24691666666666667
NVT-6AJGWPTS4XVC,0.24691666666666667
NVT-WFDSYML782ZY,0.24691666666666667
NVT-2TKSD2YL9FD9,0.24691666666666667
NVT-SDWUWSQ7JYYS,0.24691666666666667
NVT-4LGXST2GR7SW,0.24691666666666667
NVT-3Q5UKMBHEKP9,0.24691666666666667
NVT-M5QBRD99NDXS,0.24691666666666667
NVT-3UG55HZG6LKC,0.24691666666666667
NVT-AFD9EZDW5T24,0.24691666666666667
NVT-5GUBP8M2V2R8,0.24691666666666667
NVT-TXWEQ76CSH6F,0.24691666666666667
NVT-WTG2N5C3N2Y5,0.24691666666666667
NVT-Q9ZAACFZDZJU,0.24691666666666667
NVT-PGY55Y888WLE,0.24691666666666667
NVT-KBU7GRGA2L6Q,0.24691666666666667
NVT-WG73Y249QPFD,0.24691666666666667
NVT-949XSZYET5WT,0.24691666666666667
NVT-THYNWMECZ8NV,0.24691666666666667
NVT-42N3683ZN5A5,0.24691666666666667
NVT-EJBTZKYA4JQG,0.24691666666666667
NVT-5QC5TDBSBCLM,0.24691666666666667
NVT-C8ZRPCWW5LEB,0.24691666666666667
NVT-BP6E7S5RN27D,0.24691666666666667
NVT-Y5MHY63EDCKM,0.24691666666666667
NVT-K7K2ELSN3LS6,0.24691666666666667
NVT-FYLT94L8FGCQ,0.24691666666666667
NVT-CZN3HBJ8K6HX,0.24691666666666667
NVT-BHCA2Q8MC92J,0.24691666666666667
NVT-QVNZRBBRWUP6,0.24691666666666667
NVT-KZQ6XKPTQ2U5,0.24691666666666667
NVT-3BFE77P6FA83,0.24691666666666667
NVT-59KKF7JX95QS,0.24691666666666667
NVT-H7AZZ7KWVUZ4,0.24691666666666667
NVT-LCM2FGYWGMMQ,0.24691666666666667
NVT-NEKFQLBHRMCC,0.24691666666666667
NVT-8X697DENCNFV,0.24691666666666667
NVT-ANUQYLMLNE8Y,0.24691666666666667
NVT-8HUSWP3K95RT,0.24691666666666667
NVT-FKCRQDM88Z86,0.24691666666666667
NVT-N4N6LY2AUZ22,0.24691666666666667
NVT-D7VT35EQPPTP,0.24691666666666667
NVT-V4D8XXBM4JU3,0.24691666666666667
NVT-MDRLYPEC42RJ,0.24691666666666667
NVT-YMRSSSQ22PQ3,0.24691666666666667
NVT-F5W5V5WXHD99,0.24691666666666667
NVT-CCW7C2L6Y3AA,0.24691666666666667
NVT-XFHR55HFBV32,0.24691666666666667
NVT-DMZCNX6QMQ9F,0.24691666666666667
NVT-V5XEHSPFJQHW,0.24691666666666667
NVT-NFCDXYQHFAEX,0.24691666666666667
NVT-EU48HBPG363S,0.24691666666666667
NVT-AN4FC26JXWGU,0.24691666666666667
NVT-FNMLAVUF3242,0.24691666666666667
NVT-MN4CRERXRQEP,0.24691666666666667
NVT-Y63GDC2HUY4U,0.24691666666666667
NVT-7F7ZKA3D9MS4,0.24691666666666667
NVT-XQVYSQAGWZPE,0.24691666666666667
NVT-A8KF5PKCA5TP,0.24691666666666667
NVT-NGVHUWMRXYDQ,0.24691666666666667
NVT-Q2YJDST9GJVH,0.24691666666666667
NVT-WUK5DX8GEKRA,0.24691666666666667
NVT-EU6UF7SB9RVW,0.24691666666666667
NVT-YQENA36P5VED,0.24691666666666667
NVT-7R8YWBBBXATD,0.24691666666666667
NVT-3QY6AHLNWVUP,0.24691666666666667
NVT-AP2PER3TK6CX,0.24691666666666667
NVT-6U29DGQL96D9,0.24691666666666667
NVT-KM4BVN4K62DU,0.24691666666666667
NVT-C32A85KAXCQN,0.24691666666666667
NVT-6E9WCX2CANML,0.24691666666666667
NVT-QBXT8DXGLHRZ,0.24691666666666667
NVT-MN6PDSCADXWD,0.24691666666666667
NVT-K56AZA56MBKE,0.24691666666666667
NVT-BRFRS9DVXBCA,0.24691666666666667
NVT-7H9LHB7TBB6F,0.24691666666666667
NVT-E3EHSFE2D4L4,0.24691666666666667
NVT-CS6VMMA2XT5E,0.24691666666666667
NVT-C37D8J39RK4D,0.24691666666666667
NVT-QFVU4Q9QXHNJ,0.24691666666666667
NVT-56VUKRFRBP4B,0.24691666666666667
NVT-T3DWHZ5XJX4D,0.24691666666666667
NVT-K9XSAZAJJJZB,0.24691666666666667
NVT-9XPR2MGTAT3N,0.24691666666666667
NVT-Q7DBNQX8D26Q,0.24691666666666667
NVT-CHH566EWMDGF,0.24691666666666667
NVT-NQHJUF72BM75,0.24691666666666667
NVT-PHBVK4D23PSM,0.24691666666666667
NVT-LZZVLF9LPL8J,0.24691666666666667
NVT-67XWEGH4JUD6,0.24691666666666667
NVT-RDHQA6L6G5FC,0.24691666666666667
NVT-PYDB87XEHBT3,0.24691666666666667
NVT-SDSELMDFMETT,0.24691666666666667
NVT-ZB5SHSPBZW6U,0.24691666666666667
NVT-6VGJJWQ3CLFE,0.24691666666666667
NVT-SE4ZRFJ98NJH,0.24691666666666667
NVT-FJNVBXXNM6KV,0.24691666666666667
NVT-SRD6R9Q5CKWK,0.24691666666666667
NVT-FRVHBW6NXPAW,0.24691666666666667
NVT-RKX5CLEPQ6CU,0.24691666666666667
NVT-KQWSDZYGTTNC,0.24691666666666667
NVT-ZEGR65CHT45A,0.24691666666666667
NVT-DMHNUSQSU4Z2,0.24691666666666667
NVT-V9LENS4P6HZ5,0.24691666666666667
NVT-QQ5RQR4BJY8Q,0.24691666666666667
NVT-38SWNHR4BPS2,0.24691666666666667
NVT-GECHE42G5S2N,0.24691666666666667
NVT-Q7R5QL7JDNS7,0.24691666666666667
NVT-WL62RHNKQECT,0.24691666666666667
NVT-VMQCN7XEFGZZ,0.24691666666666667
NVT-4Q9TUYJWV2Q5,0.24691666666666667
NVT-ERRGYFR59VNJ,0.24691666666666667
NVT-4WAGDSAD678G,0.24691666666666667
NVT-F2B68K9KDADB,0.24691666666666667
NVT-N5JFSAC8QD2B,0.24691666666666667
NVT-2QFWP7SG5XZ7,0.24691666666666667
NVT-UX9R8QJLU6JS,0.24691666666666667
NVT-J364JS9PUJ9U,0.24691666666666667
NVT-5JNSVJA7NHA5,0.24691666666666667
NVT-GN5YT3XFQ653,0.24691666666666667
NVT-RCBKXURMHQXV,0.24691666666666667
NVT-X7NPWLFSGPZZ,0.24691666666666667
NVT-SRR83MMN3UBX,0.24691666666666667
NVT-VG67LNJWPL46,0.24691666666666667
NVT-T2D2XBCK35UZ,0.24691666666666667
NVT-CX7HHTSZRYTM,0.24691666666666667
NVT-A4V8MSYURWG6,0.24691666666666667
NVT-A694Y4QLJR4T,0.24691666666666667
NVT-JKS9EA4S4W6Q,0.24691666666666667
NVT-RWJGZM3JZWLE,0.24691666666666667
NVT-K3Z8YMKN2F7E,0.24691666666666667
NVT-T7AGBHG2WDD5,0.24691666666666667
NVT-PAZWQBHKRRDD,0.24691666666666667
NVT-F5RNHTYEN2Q2,0.24691666666666667
NVT-2TJFX5URFQT7,0.24691666666666667
NVT-JFUCT3RRFAYC,0.24691666666666667
NVT-HCV55GDSQP2A,0.24691666666666667
NVT-8KFL4QKTUPT2,0.24691666666666667
NVT-R7SZ486V8QZH,0.24691666666666667
NVT-RE6RXL773Z5Y,0.24691666666666667
NVT-2FRA65N2CY2G,0.24691666666666667
NVT-BKKZSQJTRXP7,0.24691666666666667
NVT-Y7DW6TL95KB3,0.24691666666666667
NVT-6BE96PTKG8JC,0.24691666666666667
NVT-9KULFD865J2B,0.24691666666666667
NVT-KSUWJPXAZX5J,0.24691666666666667
NVT-27JYGL34RHQW,0.24691666666666667
NVT-EKMZCY2SHBCD,0.24691666666666667
NVT-Q4K6DWKUAM2B,0.24691666666666667
NVT-3VDLLBF5ZTE3,0.24691666666666667
NVT-DLLVE48JGSVJ,0.24691666666666667
NVT-RTDZST4CADTX,0.24691666666666667
NVT-YRMDNY87CMMB,0.24691666666666667
NVT-F4ERDZ76M3YP,0.24691666666666667
NVT-2B6FZH6JFFRB,0.24691666666666667
NVT-9APU9D3GJXSW,0.24691666666666667
NVT-BPVSNPQVD2M2,0.24691666666666667
NVT-89VHKS6TCAUW,0.24691666666666667
NVT-P8SMQS4B949B,0.24691666666666667
NVT-ZWF9LBAQE7U9,0.24691666666666667
NVT-TXY6ZDN6KMD7,0.24691666666666667
NVT-RBLMWUCQLWTZ,0.24691666666666667
NVT-ZRMZLQFY2KAY,0.24691666666666667
NVT-FLBYTBLC8NWS,0.24691666666666667
NVT-WK4CHRYMJR3W,0.24691666666666667
NVT-JZNWYCRGW86W,0.24691666666666667
NVT-CN7X6LAEPBMA,0.24691666666666667
NVT-MZZP73H7WBGR,0.24691666666666667
NVT-BMKN46ZS7TCK,0.24691666666666667
NVT-FDNQAZDTAA3F,0.24691666666666667
NVT-48YAK5M272PQ,0.24691666666666667
NVT-UJEJV44YK2WD,0.24691666666666667
NVT-83WQYJK8EKUR,0.24691666666666667
NVT-6X9P4FK992AV,0.24691666666666667
NVT-L3W65KHSQVWQ,0.24691666666666667
NVT-UD6NQ2J2TD9L,0.24691666666666667
NVT-53C6BHWQ3QTB,0.24691666666666667
NVT-2MDJ2XQ3DUAQ,0.24691666666666667
NVT-EYUMCW4E4N89,0.24691666666666667
NVT-CSXQLKT7MEZT,0.24691666666666667
NVT-GCZDMYQFRXJ7,0.24691666666666667
NVT-ETKVUWFN9TT8,0.24691666666666667
NVT-TGF4SCHQZ7QR,0.24691666666666667
NVT-PRJTQL7T473X,0.24691666666666667
NVT-XFD5ADE9NJU3,0.24691666666666667
NVT-C4YEENRW8JCU,0.24691666666666667
NVT-UN2NL39C2GBU,0.24691666666666667
NVT-PBWS5CXU3FSX,0.24691666666666667
NVT-BPSNE25JVYUK,0.24691666666666667
NVT-YBUCWL2235PZ,0.24691666666666667
NVT-HZ3Q5ZRFNACN,0.24691666666666667
NVT-D2BE6TF5CJ94,0.24691666666666667
NVT-9FTKDTGCZ4AH,0.24691666666666667
NVT-3NXQ5BHKEC8Z,0.24691666666666667
NVT-GMV6N5X7CSCS,0.24691666666666667
NVT-6Y5XRMPR6TJH,0.24691666666666667
NVT-QZE47UHNVERA,0.24691666666666667
NVT-49JNLM9BN7TT,0.24691666666666667
NVT-BQUUCT2LSEJB,0.24691666666666667
NVT-RCGP7CCY9JCQ,0.24691666666666667
NVT-5Z95F2V3CL4D,0.24691666666666667
NVT-KH6QPYD5H7XZ,0.24691666666666667
NVT-ND96796TMC66,0.24691666666666667
NVT-2AVA742JKB34,0.24691666666666667
NVT-C348EXG9QXLE,0.24691666666666667
NVT-3QSZ4CVDKEE4,0.24691666666666667
NVT-V2UKSXHE2CB9,0.24691666666666667
NVT-NMKJ4WWKPYU3,0.24691666666666667
NVT-UXNRY63DAWS8,0.24691666666666667
NVT-LMC6TUZHVDXF,0.24691666666666667
NVT-4LE2W9BWARFE,0.24691666666666667
NVT-X5KZKJXGMYSL,0.24691666666666667
NVT-WGRQTSK72XL7,0.24691666666666667
NVT-MDTH63M4PNVP,0.24691666666666667
NVT-4Z4XSYEHQZ4Q,0.24691666666666667
NVT-ME84LJYE3PRU,0.24691666666666667
NVT-TS3TZ439WHWS,0.24691666666666667
NVT-46H5QBNFVEQ9,0.24691666666666667
NVT-VXYWT2HHZWGD,0.24691666666666667
NVT-MYQNGEDM7BAY,0.24691666666666667
NVT-4MEXWT6HX4KM,0.24691666666666667
NVT-Q3C397NBLBBM,0.24691666666666667
NVT-Z6R9YD9F5F2B,0.24691666666666667
NVT-T2FCWN887EPN,0.24691666666666667
NVT-2CL7UK9MYEFD,0.24691666666666667
NVT-CQWVQKVRVTTW,0.24691666666666667
NVT-X9RVP9G9ZNQX,0.24691666666666667
NVT-8CS7RJ3KP8V9,0.24691666666666667
NVT-A9GVWCDU9Y6S,0.24691666666666667
NVT-JFBWUZ9QN22S,0.24691666666666667
NVT-UG6SL47RZ8V8,0.24691666666666667
NVT-V3KXVEFAE999,0.24691666666666667
NVT-GE8FEJSGULCP,0.24691666666666667
NVT-DYPMADWYKGWY,0.24691666666666667
NVT-XDZB6RJATQ9Q,0.24691666666666667
NVT-XF2YGMYSRDX6,0.24691666666666667
NVT-DK6YUQRTWYAP,0.24691666666666667
NVT-92BWMFAQLUNE,0.24691666666666667
NVT-XKYVHP942YX6,0.24691666666666667
NVT-HVPC44UBZPXH,0.24691666666666667
NVT-MD9MTN3XJW2R,0.24691666666666667
NVT-Z4SJJUNHQ68R,0.24691666666666667
NVT-GWHEH85G7WSE,0.24691666666666667
NVT-GVSFNHEMGKDZ,0.24691666666666667
NVT-6T4YCDHLMQJC,0.24691666666666667
NVT-6NMV8K68Y9M7,0.24691666666666667
NVT-LXZJWFLWVAV9,0.24691666666666667
NVT-KHX4YYWJX83D,0.24691666666666667
NVT-Z7ZF524TX7N2,0.24691666666666667
NVT-G52GSCX37VGB,0.24691666666666667
NVT-TT72Q4MPGXUW,0.24691666666666667
NVT-9CPLXSHM8A3U,0.24691666666666667
NVT-8AB332J5STFS,0.24691666666666667
NVT-RGYQTUJYWZCB,0.24691666666666667
NVT-X76UAMZREJ9X,0.24691666666666667
NVT-4GEA7P86UL6Z,0.24691666666666667
NVT-L5APGGTF642J,0.24691666666666667
NVT-4YZUZDYF96F2,0.24691666666666667
NVT-ZVPG4WBG6Y56,0.24691666666666667
NVT-NSXZDYUEXJNX,0.24691666666666667
NVT-8F3ZS4TJ69AJ,0.24691666666666667
NVT-NDA9Y5TMMXGJ,0.24691666666666667
NVT-CKGQ8QQSS6GL,0.24691666666666667
NVT-J4DHE3JHNV5B,0.24691666666666667
NVT-YFJGSJCU49FD,0.24691666666666667
NVT-PAKAD3LPQJGE,0.24691666666666667
NVT-G27QXPF7RDVA,0.24691666666666667
NVT-EDGEVM7C7EVC,0.24691666666666667
NVT-LG5JJCQAJNL8,0.24691666666666667
NVT-TWNEH7FHMQ9P,0.24691666666666667
NVT-BQAHMQCA9WVL,0.24691666666666667
NVT-GGCJXH6526PL,0.24691666666666667
NVT-4KAEHPQLGH4P,0.24691666666666667
NVT-WC7ATJX5BH9C,0.24691666666666667
NVT-WGWT7E43CHF7,0.24691666666666667
NVT-GX33XWMPA965,0.24691666666666667
NVT-A3T92WDVBPFE,0.24691666666666667
NVT-VZB5RKDFVH9V,0.24691666666666667
NVT-FGMS8PGYVTXW,0.24691666666666667
NVT-8FRWSFBX3JKA,0.24691666666666667
NVT-WN7VASPX784F,0.24691666666666667
NVT-T64GGQATU5RP,0.24691666666666667
NVT-VF7CBQ3G7HUZ,0.24691666666666667
NVT-LE2FGSBRKFC8,0.24691666666666667
NVT-5DY4YCXVRTUT,0.24691666666666667
NVT-JFNZP457JCQE,0.24691666666666667
NVT-DP88KCT5P876,0.24691666666666667
NVT-4CZA37ALL2MD,0.24691666666666667
NVT-FL3982GXBT4E,0.24691666666666667
NVT-ZHTPPFMLXQB5,0.24691666666666667
NVT-LQWXKUB9XJ57,0.24691666666666667
NVT-QUE5T4WKAJN6,0.24691666666666667
NVT-27X5DBUE73A4,0.24691666666666667
NVT-LD5QSV5JGUV4,0.24691666666666667
NVT-B8EF3SGTTMEZ,0.24691666666666667
NVT-2RJRDTNKMZU9,0.24691666666666667
NVT-K4NM223VMZ6N,0.24691666666666667
NVT-UFUM59E473YN,0.24691666666666667
NVT-J9Q7DYV3GBFJ,0.24691666666666667
NVT-FCNY9SAZSK9D,0.24691666666666667
NVT-ZGCXHY3SZ2VM,0.24691666666666667
NVT-E358L9MYT56G,0.24691666666666667
NVT-8G8K92A4KV9H,0.24691666666666667
NVT-XJHHWWDBR24Q,0.24691666666666667
NVT-MQNF3ZHTDUDW,0.24691666666666667
NVT-2BHDCBLNH4WN,0.24691666666666667
NVT-9Y8ELWQVA8ES,0.24691666666666667
NVT-WGNNHRJDD2P3,0.24691666666666667
NVT-3DZMNP2XT6PX,0.24691666666666667
NVT-ELDV36N7PJ85,0.24691666666666667
NVT-4ANFQWRG2ETK,0.24691666666666667
NVT-YFLMG2BQLGUB,0.24691666666666667
NVT-LAR5R2CWKA9E,0.24691666666666667
NVT-MNMJCM4V3DE7,0.24691666666666667
NVT-87DBK5EPUFMQ,0.24691666666666667
NVT-PQ9Q3UNFFUA2,0.24691666666666667
NVT-VHVMP4RBSW23,0.24691666666666667
NVT-NNPNMMDDUFQU,0.24691666666666667
NVT-GSAUH2LZ7SJX,0.24691666666666667
NVT-C7EBHZLFH7LR,0.24691666666666667
NVT-ZV4KUHVWMXED,0.24691666666666667
NVT-U7KAXAAX5K5F,0.24691666666666667
NVT-L3LRWHSXQ7GC,0.24691666666666667
NVT-SGZW2SYYYPHV,0.24691666666666667
NVT-RKU9F2NCREPS,0.24691666666666667
NVT-65H3ZVR3CAV3,0.24691666666666667
NVT-P47LZM34DWPB,0.24691666666666667
NVT-TF3D2UK8Q4WW,0.24691666666666667
NVT-QBDUXX9SYFV6,0.24691666666666667
NVT-TP8A2TS62LZT,0.24691666666666667
NVT-JKYCZ3JBGPQE,0.24691666666666667
NVT-U7978A3P5F2L,0.24691666666666667
NVT-TF8XDQGTUJP9,0.24691666666666667
NVT-FHGVR2R2UGYP,0.24691666666666667
NVT-XJM2D2BXWQCR,0.24691666666666667
NVT-97G8DVGLLLDZ,0.24691666666666667
NVT-GAG9MDHKPY55,0.24691666666666667
NVT-PRHP3AXFURZK,0.24691666666666667
NVT-TCW4ZWMPA4GL,0.24691666666666667
NVT-JKXH3GH3QQB7,0.24691666666666667
NVT-TMSFKJHHU79U,0.24691666666666667
NVT-U98SKQLTAMBU,0.24691666666666667
NVT-G6YDUT7NWQ3G,0.24691666666666667
NVT-3Q6H3GUC24BN,0.24691666666666667
NVT-B5444EB6Z2PW,0.24691666666666667
NVT-KX4PHSHLKRSP,0.24691666666666667
NVT-JKZUHBEG36S9,0.24691666666666667
NVT-5KUU7DB3LCHU,0.24691666666666667
NVT-MYJLL98VZGFF,0.24691666666666667
NVT-M98EJ68KR42X,0.24691666666666667
NVT-2DME6B2GFLNB,0.24691666666666667
NVT-GQJ3UJEXPF48,0.24691666666666667
NVT-6GJ893LHED8S,0.24691666666666667
NVT-Z27RZVTWHCHL,0.24691666666666667
NVT-T7PK2ZV5RP6D,0.24691666666666667
NVT-ZGD849SWB9DV,0.24691666666666667
NVT-9QZRPXYMY88N,0.24691666666666667
NVT-BQMDDSSXFPAA,0.24691666666666667
NVT-ZW2P74EQ2QBD,0.24691666666666667
NVT-8DNLBKTFVMTW,0.24691666666666667
NVT-XQXA4SVE5LS6,0.24691666666666667
NVT-SKN8BJST7ZUG,0.24691666666666667
NVT-95DXM6VNRDP3,0.24691666666666667
NVT-ZC5DMV57BGDQ,0.24691666666666667
NVT-HT6XGA2KV4XE,0.24691666666666667
NVT-8RFT2U6PCETM,0.24691666666666667
NVT-6N4M9QTY93UE,0.24691666666666667
NVT-G7XB8R8ZZD4F,0.24691666666666667
NVT-V7JDH4XF3UTH,0.24691666666666667
NVT-MM697VPBDPWD,0.24691666666666667
NVT-27RSTB87PDTW,0.24691666666666667
NVT-9QTTDCXB3KW6,0.24691666666666667
NVT-VNZCMCUS94WQ,0.24691666666666667
NVT-YMDNAP5GZDCS,0.24691666666666667
NVT-5H66Z6YYMXYQ,0.24691666666666667
NVT-727AM2WFXBEA,0.24691666666666667
NVT-WPPPNLMB57FP,0.24691666666666667
NVT-T4TLHVLNGKVJ,0.24691666666666667
NVT-5ZUDCNCT66AY,0.24691666666666667
NVT-C5ZDG6QXHZM8,0.24691666666666667
NVT-S3BWTZNJXUFV,0.24691666666666667
NVT-VWEGRAUXSNN2,0.24691666666666667
NVT-WXWBPDHV8NLH,0.24691666666666667
NVT-9MU8TU3L66XR,0.24691666666666667
NVT-HF5G9HRXFSRJ,0.24691666666666667
NVT-Q6A3VVF3Q8B7,0.24691666666666667
NVT-NQ47MD4HAGGH,0.24691666666666667
NVT-Q5ACQHTYFT39,0.24691666666666667
NVT-62FPECXR2945,0.24691666666666667
NVT-A2K2MWE2JT9J,0.24691666666666667
NVT-BY6XMPM5ADXA,0.24691666666666667
NVT-WHLPYB6Z9MZK,0.24691666666666667
NVT-Y22UBXC533N4,0.24691666666666667
NVT-8445ZQACFY5R,0.24691666666666667
NVT-LM4ZC9F3S6BN,0.24691666666666667
NVT-A4XFCGYQYKAX,0.24691666666666667
NVT-T7ZDFSLBKETC,0.24691666666666667
NVT-FN6APCYUJ56C,0.24691666666666667
NVT-TB2GE5NUCR9M,0.24691666666666667
NVT-Y8NRUY8QFK72,0.24691666666666667
NVT-YN36HHL2TPZ8,0.24691666666666667
NVT-P3AXGVB49FHV,0.24691666666666667
NVT-VXNZPB2HPCK8,0.24691666666666667
NVT-LADF3G4F8NU9,0.24691666666666667
NVT-JQ8QRWP2TBAE,0.24691666666666667
NVT-JTUDK5C34Y8S,0.24691666666666667
NVT-AEESL5YUSXYP,0.24691666666666667
NVT-GRVULMWSB5BF,0.24691666666666667
NVT-5KXME68V5V7J,0.24691666666666667
NVT-DZ9MBBWHTC87,0.24691666666666667
NVT-ARGAEBMG92XH,0.24691666666666667
NVT-YC67RMWV6TQR,0.24691666666666667
NVT-QUFMPJDXR85A,0.24691666666666667
NVT-X9556DKW3PWA,0.24691666666666667
NVT-Q7EQAYPADPGX,0.24691666666666667
NVT-ZDVPZ79JUHW6,0.24691666666666667
NVT-4HSZJB477D4Q,0.24691666666666667
NVT-XLUDFJLCFF7U,0.24691666666666667
NVT-53PBAMFCSGYZ,0.24691666666666667
NVT-LTWX9VZXRYNF,0.24691666666666667
NVT-5BXHDTHPKZXH,0.24691666666666667
NVT-GKMYUUKG8K32,0.24691666666666667
NVT-H2BMTMD4CFW2,0.24691666666666667
NVT-B2G52U2WPY9X,0.24691666666666667
NVT-G82EUECU7EG6,0.24691666666666667
NVT-R3YTGDJLJ5YK,0.24691666666666667
NVT-ADXXQCMTW3Y9,0.24691666666666667
NVT-UVDFXNP928QF,0.24691666666666667
NVT-CFWTFLG5RF49,0.24691666666666667
NVT-FHVXXHRABVZK,0.24691666666666667
NVT-LBLDMHURDFH8,0.24691666666666667
NVT-NRHTYEDTGL9R,0.24691666666666667
NVT-VA9MGQY76HG2,0.24691666666666667
NVT-98M6TPJNUEJF,0.24691666666666667
NVT-K6WKY5GGZ9EY,0.24691666666666667
NVT-8YVL537K59WA,0.24691666666666667
NVT-AKCCRAWU6UQZ,0.24691666666666667
NVT-EMNJEK3XF3QF,0.24691666666666667
NVT-MNBJTME2YQZP,0.24691666666666667
NVT-ZDVPGF35PHAK,0.24691666666666667
NVT-6JRLMK466HWR,0.24691666666666667
NVT-28GGA9DDCMH6,0.24691666666666667
NVT-WEQCMEM5PFS3,0.24691666666666667
NVT-LNWCWT8ABGZY,0.24691666666666667
NVT-HWDVEMYRXRXA,0.24691666666666667
NVT-HQMK34A9H4JW,0.24691666666666667
NVT-QLJYJ4G4H9HY,0.24691666666666667
NVT-CG6WK5T4K4WH,0.24691666666666667
NVT-83TR9D2UEPW6,0.24691666666666667
NVT-5BXZJDHTKTEQ,0.24691666666666667
NVT-YYCL6N7CNECK,0.24691666666666667
NVT-KST7FVEAMTCW,0.24691666666666667
NVT-WRKWRXQ4DR7X,0.24691666666666667
NVT-9Z7MF4VFN7LJ,0.24691666666666667
NVT-JH38MCMLTKS9,0.24691666666666667
NVT-FYWCJN9PJ3YB,0.24691666666666667
NVT-8BH5YZR8H3EZ,0.24691666666666667
NVT-8UY7THYXTNU8,0.24691666666666667
NVT-VASAR5YXG7SN,0.24691666666666667
NVT-A5WTQZPW36CJ,0.24691666666666667
NVT-G8HGDTLEK585,0.24691666666666667
NVT-U33LWB9ELCR2,0.24691666666666667
NVT-7PA2LAGD6RL2,0.24691666666666667
NVT-HBSRSXH3M34C,0.24691666666666667
NVT-U3B3Q8FQKDE3,0.24691666666666667
NVT-F6DL469MQJ22,0.24691666666666667
NVT-D2Z2LEV47EVC,0.24691666666666667
NVT-979RABWPRDS9,0.24691666666666667
NVT-R63PNQGBCXBQ,0.24691666666666667
NVT-GF7RTU2CPSUZ,0.24691666666666667
NVT-PXS9BFLERLQ5,0.24691666666666667
NVT-7EDXQF3NWDDK,0.24691666666666667
NVT-JNSGFVYWKXWA,0.24691666666666667
NVT-WS22Q7DXUVMP,0.24691666666666667
NVT-DM9J27LWAMCA,0.24691666666666667
NVT-8DNVQXT2DDGQ,0.24691666666666667
NVT-MT3UVQQMRC7H,0.24691666666666667
NVT-AZSPAX6BSRGA,0.24691666666666667
NVT-JE8J3XK3KBAX,0.24691666666666667
NVT-C4UL8VHRM42E,0.24691666666666667
NVT-69DTDAS75BC4,0.24691666666666667
NVT-8B8M9RZJXTMJ,0.24691666666666667
NVT-49UDVN9GLCT2,0.24691666666666667
NVT-3HPXKQDB4566,0.24691666666666667
NVT-ZBJ5MBSAESG3,0.24691666666666667
NVT-X6X4WLMYXWYD,0.24691666666666667
NVT-5LZH3KKS8DB7,0.24691666666666667
NVT-695TDTQK37TE,0.24691666666666667
NVT-PRW3D739H6GH,0.24691666666666667
NVT-LAEDKSTM9SFH,0.24691666666666667
NVT-4GBXLV5BP9XV,0.24691666666666667
NVT-L5JCLVAGHGKF,0.24691666666666667
NVT-DZPH345M47RX,0.24691666666666667
NVT-LT44FW28A2NS,0.24691666666666667
NVT-24X4SYR7H4LC,0.24691666666666667
NVT-JDW44G3EAAGK,0.24691666666666667
NVT-KZSE952SH5H4,0.24691666666666667
NVT-5WN6WB27RUAE,0.24691666666666667
NVT-PQKZ7MLEPYCE,0.24691666666666667
NVT-3TVFFT4ARCZ7,0.24691666666666667
NVT-FDS9SXGAQNMF,0.24691666666666667
NVT-QK3ZKQBEEQ55,0.24691666666666667
NVT-GC93AY4FMHTZ,0.24691666666666667
NVT-2UZXB8GRA9DG,0.24691666666666667
NVT-V2BD5CHUL5QD,0.24691666666666667
NVT-ZNDRN9GCLKCL,0.24691666666666667
NVT-MN494835B34W,0.24691666666666667
NVT-4AQ6SUHG4LM9,0.24691666666666667
NVT-AZKV99U6MY9E,0.24691666666666667
NVT-EQJULLFE347H,0.24691666666666667
NVT-7BWBGKBQ2WSU,0.24691666666666667
NVT-FB4QWF35XKJU,0.24691666666666667
NVT-7X842GKTYT9W,0.24691666666666667
NVT-WQ5BPVADDAX4,0.24691666666666667
NVT-F47CH4PBCNCH,0.24691666666666667
NVT-BL6J6SLDMD6L,0.24691666666666667
NVT-ED5XLDJAVKQS,0.24691666666666667
NVT-TPKLEVE4X72K,0.24691666666666667
NVT-CNU9RUVU9RMQ,0.24691666666666667
NVT-A7KE268RQVE5,0.24691666666666667
NVT-X5ZJ7AD9NA28,0.24691666666666667
NVT-TPAGHCHN28PM,0.24691666666666667
NVT-YMMB5VDKLWSM,0.24691666666666667
NVT-ZDXX66DHE9YT,0.24691666666666667
NVT-AH229MQA7YNX,0.24691666666666667
NVT-N5MJCR4S52WK,0.24691666666666667
NVT-C679A7W4BZ7H,0.24691666666666667
NVT-VS4HR4FUNPF3,0.24691666666666667
NVT-SJMDSZNAC2RR,0.24691666666666667
NVT-HLZ42WAA5R2M,0.24691666666666667
NVT-3TUTABYB4KVQ,0.24691666666666667
NVT-Y4NYLEW4NTWX,0.24691666666666667
NVT-XW2ELYD7MA44,0.24691666666666667
NVT-2VJFUU7SJEV6,0.24691666666666667
NVT-MXAYQ7VB22HQ,0.24691666666666667
NVT-J2LU8UTHD5G4,0.24691666666666667
NVT-PJ4FNNTP98QM,0.24691666666666667
NVT-H45WQ5F6H7QG,0.24691666666666667
NVT-Q6WRZ32UPB5H,0.24691666666666667
NVT-YKYXPJYABQVG,0.24691666666666667
NVT-A6DLFPGZJ4RQ,0.24691666666666667
NVT-K33HAS6N4QJL,0.24691666666666667
NVT-ALPRN3VBGL3R,0.24691666666666667
NVT-VWPLUXD935P2,0.24691666666666667
NVT-V4YVGSHEX9EU,0.24691666666666667
NVT-3J5E4RE7DHN3,0.24691666666666667
NVT-P8FLXKBG34XX,0.24691666666666667
NVT-FCHNU399VK6L,0.24691666666666667
NVT-KDD9AGVTY4YY,0.24691666666666667
NVT-FUN3RQXTFGSM,0.24691666666666667
NVT-27ZT3Z7XHDCQ,0.24691666666666667
NVT-ZWEWKKATJF7A,0.24691666666666667
NVT-A8AHUV639D6S,0.24691666666666667
NVT-XK52LSS6YYCC,0.24691666666666667
NVT-WR4S6BSDQ5MG,0.24691666666666667
NVT-HNM2KY4KZF7P,0.24691666666666667
NVT-RWLDVFGP74VU,0.24691666666666667
NVT-X2FFXCUCVE6R,0.24691666666666667
NVT-J5NZ8WP4UMBT,0.24691666666666667
NVT-A859ATMLMQPX,0.24691666666666667
NVT-938BX3HEJVZH,0.24691666666666667
NVT-A4QZNFTTRXHE,0.24691666666666667
NVT-WKNU7NH4SWJ8,0.24691666666666667
NVT-AYYP76XE9747,0.24691666666666667
NVT-A6AZSEU6LGDW,0.24691666666666667
NVT-XXNPTMMA2TP3,0.24691666666666667
NVT-J92VARJXL4H8,0.24691666666666667
NVT-6792R8DM5NPB,0.24691666666666667
NVT-VHADQD2N4UUX,0.24691666666666667
NVT-G3YBZC6C77HJ,0.24691666666666667
NVT-NLENA3MMJT6G,0.24691666666666667
NVT-ZEWTV4Q945MH,0.24691666666666667
NVT-8TE6TLZZFZTC,0.24691666666666667
NVT-Y8CYCJYNZ6L7,0.24691666666666667
NVT-A8J3ZXCNYBJJ,0.24691666666666667
NVT-XPUBDWBPKKRN,0.24691666666666667
NVT-68B79WHHNYZ9,0.24691666666666667
NVT-6AXAQ4KDNLH3,0.24691666666666667
NVT-QJ2SGM5PFQUN,0.24691666666666667
NVT-QZTY9SNSGCBT,0.24691666666666667
NVT-M7826FHF2JBK,0.24691666666666667
NVT-3FBB726AL44U,0.24691666666666667
NVT-9THHVBYKHUDA,0.24691666666666667
NVT-532LS5S8VVUY,0.24691666666666667
NVT-ECZ9KPKASQXY,0.24691666666666667
NVT-S5CSQ99A667N,0.24691666666666667
NVT-TUXMHD4XBV65,0.24691666666666667
NVT-FPS8TZP33WR8,0.24691666666666667
NVT-8Z6L58HKL8GW,0.24691666666666667
NVT-QXNJ7XKQL65M,0.24691666666666667
NVT-P4BTKW4FBYL3,0.24691666666666667
NVT-KMG723MLAQ6X,0.24691666666666667
NVT-TMB3EGHEQDAF,0.24691666666666667
NVT-PK2NR6DNG3N8,0.24691666666666667
NVT-DYJUF8HWHP2A,0.24691666666666667
NVT-XC7WENU59TFF,0.24691666666666667
NVT-X6R7M7W7W47T,0.24691666666666667
NVT-XS8J98GBCQP5,0.24691666666666667
NVT-CWYDJTYCWPMV,0.24691666666666667
NVT-BZL43HVP2VFX,0.24691666666666667
NVT-V7E5JKFHUYYQ,0.24691666666666667
NVT-DRSELWNEMFSD,0.24691666666666667
NVT-G2T8R8DPC8M6,0.24691666666666667
NVT-CL7N2HSRDFHM,0.24691666666666667
NVT-RUTYE8KFBCQB,0.24691666666666667
NVT-MSX889EFD67N,0.24691666666666667
NVT-Q7C3V6JQWF7G,0.24691666666666667
NVT-DK9YCSQSZBJP,0.24691666666666667
NVT-BNG8HFJCY5AM,0.24691666666666667
NVT-JMVZXGSTK89Y,0.24691666666666667
NVT-3B8Q53DQHA6F,0.24691666666666667
NVT-QFX2MWEXTRUX,0.24691666666666667
NVT-9XDLUATQKUTU,0.24691666666666667
NVT-XL3FVXR973QY,0.24691666666666667
NVT-29QZFDNGLNU4,0.24691666666666667
NVT-SKFE4HCKUW3E,0.24691666666666667
NVT-JS6AMDVSXAWN,0.24691666666666667
NVT-4SYXZWJTQHYU,0.24691666666666667
NVT-JWNNZG56GXHA,0.24691666666666667
NVT-67P6TES4B8FC,0.24691666666666667
NVT-3NAVTCXGUQJH,0.24691666666666667
NVT-5ZP7UWBUD52W,0.24691666666666667
NVT-3B46YVWS7ML7,0.24691666666666667
NVT-H95JTJDF4GXW,0.24691666666666667
NVT-BLZZFS2HW4QY,0.24691666666666667
NVT-YU3GKR8ARSA2,0.24691666666666667
NVT-XT9QTD9TCKSC,0.24691666666666667
NVT-8FH2LS2S5XPL,0.24691666666666667
NVT-HZYBY323L2TP,0.24691666666666667
NVT-VUSHVGRRRLZ2,0.24691666666666667
NVT-TV8WS7KL5E9U,0.24691666666666667
NVT-YZVYSRVVRMJ8,0.24691666666666667
NVT-CF4JBKJHF99W,0.24691666666666667
NVT-HDK5UGUNNFBF,0.24691666666666667
NVT-SJ4QMAT7LFU6,0.24691666666666667
NVT-U7YTQS6YYFZD,0.24691666666666667
NVT-ESTT9MZBH8LN,0.24691666666666667
NVT-VMFP58ZRQDJL,0.24691666666666667
NVT-MRGC9U9HL4CN,0.24691666666666667
NVT-38VH8NGFPHXR,0.24691666666666667
NVT-AYLZW4RPSPAS,0.24691666666666667
NVT-LVTW5GJVRQLM,0.24691666666666667
NVT-U629L54VV5ZB,0.24691666666666667
NVT-XBVW8F8UXZML,0.24691666666666667
NVT-W6FWFVCYMTUS,0.24691666666666667
NVT-W6CKV8RM3X3M,0.24691666666666667
NVT-YJFVSC5GU8SF,0.24691666666666667
NVT-ZRH4UHURNU83,0.24691666666666667
NVT-UPJRMS4HE9BY,0.24691666666666667
NVT-DHTMNUGCM8FD,0.24691666666666667
NVT-25F2CPWQ2QHB,0.24691666666666667
NVT-DWEBZ8PF53ZN,0.24691666666666667
NVT-5G9FXMJWF6AU,0.24691666666666667
NVT-D7888VMYVBZB,0.24691666666666667
NVT-ALV8BA9LTEDM,0.24691666666666667
NVT-G3TECRE2P59V,0.24691666666666667
NVT-9YU73WS9JP4X,0.24691666666666667
NVT-8MVARQYPJGJ8,0.24691666666666667
NVT-4CUTEEVQ7MK6,0.24691666666666667
NVT-DKMSDZKR5YFC,0.24691666666666667
NVT-WST4VPBARFMK,0.24691666666666667
NVT-N6EBWECUZQAB,0.24691666666666667
NVT-2RPKL7X5HG4E,0.24691666666666667
NVT-MSYLVG2V27JA,0.24691666666666667
NVT-6NV4NPF7YQ8W,0.24691666666666667
NVT-SK35EZUWW9B9,0.24691666666666667
NVT-ETKWPN4A28JQ,0.24691666666666667
NVT-K74YDW5M9LKC,0.24691666666666667
NVT-YAWZEGHBXG66,0.24691666666666667
NVT-4YATAMNW4DDH,0.24691666666666667
NVT-5PZVJH2MJ4JM,0.24691666666666667
NVT-5NQ4MLDJCG46,0.24691666666666667
NVT-UVVFXJPF4S73,0.24691666666666667
NVT-4X5RZB5LFPGD,0.24691666666666667
NVT-QRYDATKE2KLM,0.24691666666666667
NVT-LKERGX4ZJ8Z6,0.24691666666666667
NVT-Z9RJQNNJL6RC,0.24691666666666667
NVT-Y2YYY5ARBQEV,0.24691666666666667
NVT-XLLHZZFQZY9V,0.24691666666666667
NVT-VZDW65F65F6E,0.24691666666666667
NVT-KP3UBFFX2UAY,0.24691666666666667
NVT-EYK8FGFBEQQ5,0.24691666666666667
NVT-8SN8B4M9BKQM,0.24691666666666667
NVT-H4WPHJ84P93R,0.24691666666666667
NVT-7R4SEEGR69PN,0.24691666666666667
NVT-8TEHZRS349VT,0.24691666666666667
NVT-VT8QVDKYCKU5,0.24691666666666667
NVT-NGBU8G4CZEN5,0.24691666666666667
NVT-W24669SWQ3VD,0.24691666666666667
NVT-9RNNGQWMGA9T,0.24691666666666667
NVT-5G5K4U3MVFJG,0.24691666666666667
NVT-495S4DT4ZCJH,0.24691666666666667
NVT-XHTYFFQJA3GQ,0.24691666666666667
NVT-4XHP66PPLNBU,0.24691666666666667
NVT-PRS6XURE5529,0.24691666666666667
NVT-K92KZUPMEN39,0.24691666666666667
NVT-YCDW3RBYZSD7,0.24691666666666667
NVT-EVCN3NYGS9YY,0.24691666666666667
NVT-UKB7Q7DHRSS6,0.24691666666666667
NVT-ETF4LQZ98MXB,0.24691666666666667
NVT-ZEHF2ZBKNKLC,0.24691666666666667
NVT-EASK3UEZQ8H4,0.24691666666666667
NVT-YYAUQLG7UCFZ,0.24691666666666667
NVT-R4DF99ZVWTG3,0.24691666666666667
NVT-KUFY59Q9GNGM,0.24691666666666667
NVT-Y56WHJTL7M4H,0.24691666666666667
NVT-YBZP56A867E3,0.24691666666666667
NVT-YAVW8F4WCADW,0.24691666666666667
NVT-5HTAA8FZ4GG6,0.24691666666666667
NVT-GLDUV8E526NQ,0.24691666666666667
NVT-Q9X4M4RUTPB4,0.24691666666666667
NVT-NEN2BW2C7GEL,0.24691666666666667
NVT-UVNLM8KTVSW9,0.24691666666666667
NVT-NLPW5HU29384,0.24691666666666667
NVT-T5JPEZRTXBYN,0.24691666666666667
NVT-2YMTRXZVD3Z7,0.24691666666666667
NVT-TGWGWJTHMMWW,0.24691666666666667
NVT-J6WA3HP4KCNZ,0.24691666666666667
NVT-4YP3QBVE54JL,0.24691666666666667
NVT-Z9ZGN6FR8HKH,0.24691666666666667
NVT-K9MJNG6ZMCJE,0.24691666666666667
NVT-BST56QBWSZ2M,0.24691666666666667
NVT-9WGKVRKLNC4S,0.24691666666666667
NVT-D24CTZ9S5FKL,0.24691666666666667
NVT-UTEZMWCB7W93,0.24691666666666667
NVT-7YKND2EQBK84,0.24691666666666667
NVT-HWT5QFZ7XJHX,0.24691666666666667
NVT-FYGMXF22SLSQ,0.24691666666666667
NVT-VJNN2DH3C97G,0.24691666666666667
NVT-BE438GB5YCAW,0.24691666666666667
NVT-JTNLAK8RFKSC,0.24691666666666667
NVT-Q382R5HK9CQY,0.24691666666666667
NVT-XQ6DNNAEBNBU,0.24691666666666667
NVT-NFS84P7UDYJQ,0.24691666666666667
NVT-KC6QKJYG7GQS,0.24691666666666667
NVT-SQY3SX4H5AZQ,0.24691666666666667
NVT-6Y2X862U6WD4,0.24691666666666667
NVT-35B8TDKUT8LZ,0.24691666666666667
NVT-PWU9L8235Z9H,0.24691666666666667
NVT-RVXRPWY5CYDV,0.24691666666666667
NVT-YKAB5R22HWPE,0.24691666666666667
NVT-CA5ASG5H6VE6,0.24691666666666667
NVT-62ATMQ68ZSD7,0.24691666666666667
NVT-QZ7CNNDU7QLQ,0.24691666666666667
NVT-EZL9JA8ZNAFF,0.24691666666666667
NVT-G55SVPW8VDR6,0.24691666666666667
NVT-KUHA2MKRCZ36,0.24691666666666667
NVT-A2ZFX6PWH7HQ,0.24691666666666667
NVT-2SDCZPVAYPHX,0.24691666666666667
NVT-QDG9KEK6NEJ3,0.24691666666666667
NVT-SZAC4KUQD6G9,0.24691666666666667
NVT-9MG8ZLPHB258,0.24691666666666667
NVT-VV6B7YL6BUEP,0.24691666666666667
NVT-YCQAB9JT9T33,0.24691666666666667
NVT-GD26FPUKXB5Y,0.24691666666666667
NVT-CNYPKJUAKKSC,0.24691666666666667
NVT-G7ZJRE34LYPM,0.24691666666666667
NVT-TLG2R8VNWSWA,0.24691666666666667
NVT-JYKSM665C96S,0.24691666666666667
NVT-E4AT2QNQAQCT,0.24691666666666667
NVT-7PBCUPQWTT33,0.24691666666666667
NVT-R4SGVZF8G7DH,0.24691666666666667
NVT-99ZG84YRHQUW,0.24691666666666667
NVT-S9YJD9DKJNRJ,0.24691666666666667
NVT-BHX7TKPFPTVJ,0.24691666666666667
NVT-3YAL9SXRWQBP,0.24691666666666667
NVT-ATPNN3ALYBRE,0.24691666666666667
NVT-6P8UR3C59XGB,0.24691666666666667
NVT-R7MY2A2YLC3V,0.24691666666666667
NVT-DDHP3HB5SHQ6,0.24691666666666667
NVT-CTEV4TP2QLUP,0.24691666666666667
NVT-TWRAF6LW86EU,0.24691666666666667
NVT-6LY56XAGV3B9,0.24691666666666667
NVT-9PKBEMPSRKNS,0.24691666666666667
NVT-7LPW8AH987WP,0.24691666666666667
NVT-H5LPBGY4ABUD,0.24691666666666667
NVT-UWLYN2GA3E5B,0.24691666666666667
NVT-8AU659ZL5MEZ,0.24691666666666667
NVT-FJKSPFALSKNK,0.24691666666666667
NVT-RM9VV5G6ERAT,0.24691666666666667
NVT-59ATNUBUNR3T,0.24691666666666667
NVT-48UQY3NDYGHK,0.24691666666666667
NVT-M9JUJPJNETTS,0.24691666666666667
NVT-PZFLD6DUAAQW,0.24691666666666667
NVT-CGS39URKL63P,0.24691666666666667
NVT-V9RXB7JA8FBY,0.24691666666666667
NVT-J6FB23WFGPTL,0.24691666666666667
NVT-GSMB2MB4AZ79,0.24691666666666667
NVT-YHECNAQQHR4N,0.24691666666666667
NVT-NJVZA3G5YDSS,0.24691666666666667
NVT-MEUUQ9Q7WVVB,0.24691666666666667
NVT-UD5GVN5KPDM3,0.24691666666666667
NVT-EGR9UV3GECTT,0.24691666666666667
NVT-HH9J9NJY9ERY,0.24691666666666667
NVT-9TV37PYVYCP6,0.24691666666666667
NVT-VGPR9L2RN7DD,0.24691666666666667
NVT-LGSEGUA8EWMS,0.24691666666666667
NVT-AXJXW252VSGR,0.24691666666666667
NVT-JHYZAFV8BPK6,0.24691666666666667
NVT-QX767PAZTW67,0.24691666666666667
NVT-RHKG6AGR6FUD,0.24691666666666667
NVT-RATC2UYYU8HX,0.24691666666666667
NVT-Z4JVBEZUW9VN,0.24691666666666667
NVT-RP4D28VFCKXC,0.24691666666666667
NVT-KJRFYQT54KBM,0.24691666666666667
NVT-5ZL5QUDYDA3H,0.24691666666666667
NVT-Y23DC44W6W4L,0.24691666666666667
NVT-G6SZT6ASL26Z,0.24691666666666667
NVT-GBJV4RCFK2AN,0.24691666666666667
NVT-TFNYVHAQT23Q,0.24691666666666667
NVT-NQQFR26HKMTR,0.24691666666666667
NVT-GD6BSFEUMZE2,0.24691666666666667
NVT-NM2ZT8ERNSHQ,0.24691666666666667
NVT-KCT7H5SQGAK6,0.24691666666666667
NVT-CMC7CQRXQ7CW,0.24691666666666667
NVT-MW58QMVPKVQ3,0.24691666666666667
NVT-VG5CNCU9Q6LX,0.24691666666666667
NVT-9YKQUYDWFSWY,0.24691666666666667
NVT-ND5YA7PFYDJX,0.24691666666666667
NVT-5EW23GX87KN8,0.24691666666666667
NVT-D83V6EB86S63,0.24691666666666667
NVT-B32TDMJRNKP4,0.24691666666666667
NVT-288C6A7KFMQK,0.24691666666666667
NVT-T96CY6GB8MJH,0.24691666666666667
NVT-XN5JEUD3LMHK,0.24691666666666667
NVT-Y9UL3FEKFXTR,0.24691666666666667
NVT-35TL2AW63G9A,0.24691666666666667
NVT-SNCC3Q7BHHNW,0.24691666666666667
NVT-5PUPF69MXPWV,0.24691666666666667
NVT-JH6L3XKJ4A7B,0.24691666666666667
NVT-SVRLJY9DSBMZ,0.24691666666666667
NVT-RJXP79USSXPL,0.24691666666666667
NVT-CV2AZU596WY5,0.24691666666666667
NVT-B7GGNABJX4XK,0.24691666666666667
NVT-4DTPVH2AKYEU,0.24691666666666667
NVT-SY2YP42Y5N3L,0.24691666666666667
NVT-YY6YKEZHBAXQ,0.24691666666666667
NVT-CSJZUCVWPGFC,0.24691666666666667
NVT-FUAA2SB89LKP,0.24691666666666667
NVT-8WBYGW5ZGSKK,0.24691666666666667
NVT-HMBX8VBGQ3EJ,0.24691666666666667
NVT-58FN9HL548SX,0.24691666666666667
NVT-KY7JPEDJ8GAT,0.24691666666666667
NVT-LA452WYMNQUX,0.24691666666666667
NVT-GZT87824XUTQ,0.24691666666666667
NVT-9XSFNNTLG2GK,0.24691666666666667
NVT-TV7XSYQB6DUL,0.24691666666666667
NVT-6TYZFLKKB69J,0.24691666666666667
NVT-TT4VAF7ZMRU9,0.24691666666666667
NVT-4GE8WWPARBZL,0.24691666666666667
NVT-3SWHYYRP7CSU,0.24691666666666667
NVT-MB3SN7X3UMS8,0.24691666666666667
NVT-B425PG6R8QGN,0.24691666666666667
NVT-WPR7YCDYWNDX,0.24691666666666667
NVT-VK5C2CASLCV2,0.24691666666666667
NVT-C4JG9DVPMAKY,0.24691666666666667
NVT-5KDPC2RBGHVG,0.24691666666666667
NVT-9B2YSFMS9CG4,0.24691666666666667
NVT-7FYD4RABZH4X,0.24691666666666667
NVT-7XAKAFZ3YFB7,0.24691666666666667
NVT-TMKLSLBZPQFG,0.24691666666666667
NVT-XJQFUHRBV7LM,0.24691666666666667
NVT-WGUGPL95RQBU,0.24691666666666667
NVT-Q8NW6HQHS8A2,0.24691666666666667
NVT-4WX2FJNC5PNG,0.24691666666666667
NVT-K5M9TV5L456A,0.24691666666666667
NVT-CUZSWTRS295P,0.24691666666666667
NVT-SCWQVVD2FQJ5,0.24691666666666667
NVT-F6PMPNWMD64M,0.24691666666666667
NVT-5NRARU3E8SAK,0.24691666666666667
NVT-BL3SSM2PXKBM,0.24691666666666667
NVT-YV57KDNEZD5J,0.24691666666666667
NVT-D3AVKU5NPPGW,0.24691666666666667
NVT-JP4B4ZLTM8F6,0.24691666666666667
NVT-9WM668MHT9FR,0.24691666666666667
NVT-XHEGJGYB8HVT,0.24691666666666667
NVT-XJDHEGJYNJTW,0.24691666666666667
NVT-APK5YFRWQF4F,0.24691666666666667
NVT-U5ZLR2S98H5N,0.24691666666666667
NVT-WZVFC6VQLTGS,0.24691666666666667
NVT-C56XG5BDKGB8,0.24691666666666667
NVT-FC8KK9ZUBGEF,0.24691666666666667
NVT-RF2FG9SACAHX,0.24691666666666667
NVT-DQAHLQB7HYE5,0.24691666666666667
NVT-DW4Y22XUJHGB,0.24691666666666667
NVT-HNA2RGM7AJV6,0.24691666666666667
NVT-TP2MDLYHQ3LM,0.24691666666666667
NVT-VZKEZJZ6HWDM,0.24691666666666667
NVT-ZSF7Z68P2GVQ,0.24691666666666667
NVT-FUYCG9Y8KNHZ,0.24691666666666667
NVT-MQ7C42AGKXJK,0.24691666666666667
NVT-EFX7UW3PB3ZF,0.24691666666666667
NVT-ZLHPUGYBK589,0.24691666666666667
NVT-4BUAFX567LQP,0.24691666666666667
NVT-6KGWAB6NSMLX,0.24691666666666667
NVT-TFMAC72QC87X,0.24691666666666667
NVT-D64YPZYJ7KHR,0.24691666666666667
NVT-H45UVV76EUCU,0.24691666666666667
NVT-V8BMGRKW5RCX,0.24691666666666667
NVT-5NLHT7NDB5B9,0.24691666666666667
NVT-3KE2A8395AL7,0.24691666666666667
NVT-F46JW67TTENR,0.24691666666666667
NVT-2NHCND9GT4SK,0.24691666666666667
NVT-7M47FG353CXP,0.24691666666666667
NVT-8YQ4MS9RWAXP,0.24691666666666667
NVT-MJSRERU7558N,0.24691666666666667
NVT-Z7CDJUWS3N96,0.24691666666666667
NVT-XN8NKWZPYBRU,0.24691666666666667
NVT-PZ8ZG8MM3NS3,0.24691666666666667
NVT-69DSPZ8R7L2Q,0.24691666666666667
NVT-RALD2PXRP694,0.24691666666666667
NVT-HBZVDSAGBPXV,0.24691666666666667
NVT-WMHRBMKE5XUS,0.24691666666666667
NVT-LN6NJYMUEA3B,0.24691666666666667
NVT-MKBB2SHEK9SW,0.24691666666666667
NVT-X946787D5MMN,0.24691666666666667
NVT-DW2W95JGE6CC,0.24691666666666667
NVT-QWDFFALVH94R,0.24691666666666667
NVT-BVW99THPQ369,0.24691666666666667
NVT-B5K8PF8QU3KD,0.24691666666666667
NVT-5QUJJYRCU6FP,0.24691666666666667
NVT-N3KFC96WVYGA,0.24691666666666667
NVT-EEAJVRZXPJBD,0.24691666666666667
NVT-2SB88LNF2JU4,0.24691666666666667
NVT-25FBTMCGQ3TG,0.24691666666666667
NVT-RARTXYP8VVWW,0.24691666666666667
NVT-JH5LG6QWRHMF,0.24691666666666667
NVT-NEHU7WR423FC,0.24691666666666667
NVT-XKLRD9KTK6PZ,0.24691666666666667
NVT-GXQ3U8PR7D27,0.24691666666666667
NVT-KC2NE88CS5B9,0.24691666666666667
NVT-CK5FTQ79QSPZ,0.24691666666666667
NVT-F9GCZABLW4DA,0.24691666666666667
NVT-7EWBAWZY4GEP,0.24691666666666667
NVT-9VUFETDSJ5AJ,0.24691666666666667
NVT-ECW8R8VMJ94R,0.24691666666666667
NVT-FL2U6Q2B255S,0.24691666666666667
NVT-D253NXMY5NPR,0.24691666666666667
NVT-YEC36WPJWVBC,0.24691666666666667
NVT-SXMARWH74SQN,0.24691666666666667
NVT-ZXD5FXA6GKLK,0.24691666666666667
NVT-Z6P72UBX5L3G,0.24691666666666667
NVT-TMRELT9E4HVC,0.24691666666666667
NVT-LVQH8N9NSFKF,0.24691666666666667
NVT-WSEDFT6GW7EK,0.24691666666666667
NVT-PDZYRDDYXUKV,0.24691666666666667
NVT-B7X55BN47YRV,0.24691666666666667
NVT-2STFDTEWGT58,0.24691666666666667
NVT-EF755XDPSJL7,0.24691666666666667
NVT-BK92XBC8M2JJ,0.24691666666666667
NVT-J255XWDNQV25,0.24691666666666667
NVT-LNVXX34Z5UNC,0.24691666666666667
NVT-DMDG4C84979U,0.24691666666666667
NVT-KS979CY3F7NV,0.24691666666666667
NVT-A356QJPSFMPF,0.24691666666666667
NVT-G2ZHRLPY33BK,0.24691666666666667
NVT-C6WM73SG2BA3,0.24691666666666667
NVT-6V5DWPC6CAFK,0.24691666666666667
NVT-6A9A5PQTST5E,0.24691666666666667
NVT-G7XAERGZHA4F,0.24691666666666667
NVT-WJKF774HDXAJ,0.24691666666666667
NVT-UNYFJXRP3ULD,0.24691666666666667
NVT-GZRPWTBK8LMN,0.24691666666666667
NVT-KK4SBRC2AHY4,0.24691666666666667
NVT-Z74D5VHUM3C9,0.24691666666666667
NVT-5JJJQCGEWLXJ,0.24691666666666667
NVT-2BCBZMA5F2WH,0.24691666666666667
NVT-6L33KPJ6BU2V,0.24691666666666667
NVT-6ZKSV75G3VHR,0.24691666666666667
NVT-9PU7D5828CS2,0.24691666666666667
NVT-SZSQDHZUM4VJ,0.24691666666666667
NVT-8A7GGNR2BF4B,0.24691666666666667
NVT-RHJD66UALBZY,0.24691666666666667
NVT-AEG8MQQS5PAM,0.24691666666666667
NVT-773GWPVW7ECW,0.24691666666666667
NVT-NJNPUUD4A9TL,0.24691666666666667
NVT-5FPB5WZF2ZJD,0.24691666666666667
NVT-ZYEPNMPF8RAF,0.24691666666666667
NVT-NPK2UGA3BSJL,0.24691666666666667
NVT-NXPEK7BPGF9M,0.24691666666666667
NVT-52CWDALE3DNR,0.24691666666666667
NVT-Y2M5B5397EBY,0.24691666666666667
NVT-8V4G688QJMYT,0.24691666666666667
NVT-NG8FEZWK6HLF,0.24691666666666667
NVT-4F43QUCCRX4H,0.24691666666666667
NVT-Y5PP7D3ZATY7,0.24691666666666667
NVT-B3TM5U9HE4W9,0.24691666666666667
NVT-XXFJPUWRHQUY,0.24691666666666667
NVT-NMZBNGGU5NHC,0.24691666666666667
NVT-5KA269YMPZY8,0.24691666666666667
NVT-9TJYVB6N9JCZ,0.24691666666666667
NVT-T8ZSZ3R6DUSX,0.24691666666666667
NVT-AP424EY6ME8P,0.24691666666666667
NVT-ANV9G47CUU8F,0.24691666666666667
NVT-C2JCG2KVD68G,0.24691666666666667
NVT-TGFE6BJJ7G9U,0.24691666666666667
NVT-HWSY9HYSKUMS,0.24691666666666667
NVT-DAXSNZ6T7X84,0.24691666666666667
NVT-9G75TP7FFNYJ,0.24691666666666667
NVT-WWT4NDL4YXR7,0.24691666666666667
NVT-7HTYMKSE27Z8,0.24691666666666667
NVT-PR4DPKHXDKFN,0.24691666666666667
NVT-Y68PCPF27SQB,0.24691666666666667
NVT-BR2YMZDATD8F,0.24691666666666667
NVT-PNERGPJNA2KZ,0.24691666666666667
NVT-U63VCGBT5LUE,0.24691666666666667
NVT-G9JWLQXVMC2G,0.24691666666666667
NVT-5XZZAMZXSPLB,0.24691666666666667
NVT-M59XSCNXC3G8,0.24691666666666667
NVT-BVZWU8GVDN5K,0.24691666666666667
NVT-M8BFECXJVZN8,0.24691666666666667
NVT-WTYSHX9EGD8P,0.24691666666666667
NVT-845NCRF2HWQH,0.24691666666666667
NVT-MR8HM8RQUPLB,0.24691666666666667
NVT-R9AFEZ26ZZUH,0.24691666666666667
NVT-YHQ66PYKSHTE,0.24691666666666667
NVT-FET439HMA82E,0.24691666666666667
NVT-GFP8WLNL4TUY,0.24691666666666667
NVT-ADZEW2PWZEVG,0.24691666666666667
NVT-CHCPMDH6GG5V,0.24691666666666667
NVT-2ZCRKLKYQCQJ,0.24691666666666667
NVT-7M75V8Y3BVYU,0.24691666666666667
NVT-DHGPVCP87A8J,0.24691666666666667
NVT-8YNKZN3QEF9K,0.24691666666666667
NVT-M68MD6Q2GYCN,0.24691666666666667
NVT-VGX26VUMY6F7,0.24691666666666667
NVT-HYMJK4NGJM3B,0.24691666666666667
NVT-XNJX9WQJGZUP,0.24691666666666667
NVT-W8CAZPA5RKVL,0.24691666666666667
NVT-F8LYXN7XV9N2,0.24691666666666667
NVT-AXQU3G7H5SKB,0.24691666666666667
NVT-MR56WVEWGVZW,0.24691666666666667
NVT-UJJCY3JE57BS,0.24691666666666667
NVT-3F6XGN6W6JB4,0.24691666666666667
NVT-32HJVJVQ5RFL,0.24691666666666667
NVT-9JVNB3J6QVBD,0.24691666666666667
NVT-YGYUZZ3PVBCW,0.24691666666666667
NVT-HV42VTD4DSVE,0.24691666666666667
NVT-JUUGZZVPTBJG,0.24691666666666667
NVT-E46C5EWEXY72,0.24691666666666667
NVT-5H9MYR9YNTK3,0.24691666666666667
NVT-7KZHC95QWSR7,0.24691666666666667
NVT-JR9E9BH277WK,0.24691666666666667
NVT-Q5BS9ZD9ZEU8,0.24691666666666667
NVT-G4CXBCA3EB64,0.24691666666666667
NVT-2CL3XPQUTZLE,0.24691666666666667
NVT-XVDM2QWZ6A93,0.24691666666666667
NVT-H6LNZB4BZHN3,0.24691666666666667
NVT-E5Z8HFXFJZYX,0.24691666666666667
NVT-LWHQVEZ3NFK3,0.24691666666666667
NVT-WFDJWVFLD5YH,0.24691666666666667
NVT-LBQHXZ3W86CT,0.24691666666666667
NVT-JX4YNA5C8UBJ,0.24691666666666667
NVT-E55VDZF99XHU,0.24691666666666667
NVT-DATLHFHVC7JS,0.24691666666666667
NVT-G7X2E3MLGCP6,0.24691666666666667
NVT-JXPAFKPNTBJH,0.24691666666666667
NVT-QBBX7XXFWV7F,0.24691666666666667
NVT-R5KGWE27XK96,0.24691666666666667
NVT-VX9C3ZND8G6M,0.24691666666666667
NVT-LMFGENT2GFNB,0.24691666666666667
NVT-Q8AYW42JA6KM,0.24691666666666667
NVT-RUXDBLZ739FK,0.24691666666666667
NVT-2GXWHD5W67EA,0.24691666666666667
NVT-X588MY3EMSLT,0.24691666666666667
NVT-YBR7XTRN46N6,0.24691666666666667
NVT-S9B4RVRNTVBT,0.24691666666666667
NVT-BBLFCVMJSNV6,0.24691666666666667
NVT-4AXAGHY65V2D,0.24691666666666667
NVT-NACPNRHXAB7T,0.24691666666666667
NVT-PB2BARENV6GF,0.24691666666666667
NVT-M9XXHDMBNB3U,0.24691666666666667
NVT-F9HRGRSW2WEF,0.24691666666666667
NVT-8ACEUFNXJQPV,0.24691666666666667
NVT-JHLPQ7AGRFZL,0.24691666666666667
NVT-UM9EDA8F75TW,0.24691666666666667
NVT-8TX3RTA4VZ5G,0.24691666666666667
NVT-CVPLASGYFS2Z,0.24691666666666667
NVT-HWJ5CMJ4CRGT,0.24691666666666667
NVT-5M4FT6JRX3RL,0.24691666666666667
NVT-4SSH7SRC7B5U,0.24691666666666667
NVT-XA3GPTL5TVFN,0.24691666666666667
NVT-UBYEWDA7GJWP,0.24691666666666667
NVT-G2D8EUD6E45C,0.24691666666666667
NVT-NCW72BPDYGVS,0.24691666666666667
NVT-2EKW7BDTYZVK,0.24691666666666667
NVT-BYZHA7DNSH24,0.24691666666666667
NVT-3YP4GL44NFLV,0.24691666666666667
NVT-MA6Y7VZYVPA2,0.24691666666666667
NVT-MM3MBJ3J2GZ3,0.24691666666666667
NVT-A7PZTANEKJR4,0.24691666666666667
NVT-U96CWGWY2XDR,0.24691666666666667
NVT-6T692N8CV5NH,0.24691666666666667
NVT-AKP2FU8TKWPX,0.24691666666666667
NVT-T8BRG5MMRDBH,0.24691666666666667
NVT-A9TPHDWXP4ZT,0.24691666666666667
NVT-Y5TN3R25D55Y,0.24691666666666667
NVT-MKDHHKU8BE97,0.24691666666666667
NVT-VSJ855WJA5HE,0.24691666666666667
NVT-ZLME93RSKL6S,0.24691666666666667
NVT-EB72B46RJM86,0.24691666666666667
NVT-A7KS2U275MCF,0.24691666666666667
NVT-Q9EAKR5TXKAC,0.24691666666666667
NVT-T86J3HT58CPH,0.24691666666666667
NVT-PXM4CLU42KPF,0.24691666666666667
NVT-EM7DF229RKR9,0.24691666666666667
NVT-Y8RP5T399E3L,0.24691666666666667
NVT-8MJGSAP3EB4C,0.24691666666666667
NVT-6VLKSBVB5PS4,0.24691666666666667
NVT-3X7FN3D5CKM4,0.24691666666666667
NVT-TYGZESG46SG5,0.24691666666666667
NVT-FL56K3VMEU6J,0.24691666666666667
NVT-T792WT4MXN3A,0.24691666666666667
NVT-8AGUDJJMMVNT,0.24691666666666667
NVT-XQGC795QW2D7,0.24691666666666667
NVT-PBN7FYTEXC8K,0.24691666666666667
NVT-3TWM2SUTVVQU,0.24691666666666667
NVT-DQBLF6Y2PHHQ,0.24691666666666667
NVT-F274QGZQCJ6Y,0.24691666666666667
NVT-SNCZB9KJXP95,0.24691666666666667
NVT-VU3X33HKSEVU,0.24691666666666667
NVT-G3TPHUXZ65HW,0.24691666666666667
NVT-L2L9TJ3HQ59K,0.24691666666666667
NVT-MUX5RSFLJQLG,0.24691666666666667
NVT-RJZ6L88WV7RS,0.24691666666666667
NVT-7D64A7PJYWPZ,0.24691666666666667
NVT-79SWLFLKK77C,0.24691666666666667
NVT-GCGE6N24X3QH,0.24691666666666667
NVT-426YPDVJQHTT,0.24691666666666667
NVT-VRGV7T5UTX5P,0.24691666666666667
NVT-P37HN9HLQBNT,0.24691666666666667
NVT-DVZGGV3AC7WM,0.24691666666666667
NVT-D7VJ5U687FF4,0.24691666666666667
NVT-MUT68QJNNE32,0.24691666666666667
NVT-HMEZSJMT2Y82,0.24691666666666667
NVT-MB6VS7ENWSC8,0.24691666666666667
NVT-CEH7BC2Z25F7,0.24691666666666667
NVT-GDDRLF47HDTD,0.24691666666666667
NVT-D5XFEFSBZVD5,0.24691666666666667
NVT-MZBYAJ9CQB2L,0.24691666666666667
NVT-58K6HRT6DKBN,0.24691666666666667
NVT-B4XK57FSQS6L,0.24691666666666667
NVT-DW7VRLDGNCG3,0.24691666666666667
NVT-QEVXQLADT3FC,0.24691666666666667
NVT-KX5Q5K46CXSG,0.24691666666666667
NVT-49WT3NPW4ANH,0.24691666666666667
NVT-PAAMKTKW5ERS,0.24691666666666667
NVT-FTCV7TCZ7GX3,0.24691666666666667
NVT-GUJ4ZAMH7BRF,0.24691666666666667
NVT-WJ95L9NXRGB2,0.24691666666666667
NVT-P8MA8STZYFAY,0.24691666666666667
NVT-VU3MJ2P2XJXZ,0.24691666666666667
NVT-MSGGCQ8VYLU6,0.24691666666666667
NVT-N6DBBGWNUTTU,0.24691666666666667
NVT-4JUJ2NUSHGYL,0.24691666666666667
NVT-ATHP2NHR2AQD,0.24691666666666667
NVT-TRJ9P3ADZA3K,0.24691666666666667
NVT-XQHCR4A3K64F,0.24691666666666667
NVT-VV6SMTDMF625,0.24691666666666667
NVT-9K3WFHKYZUCK,0.24691666666666667
NVT-SR4B7QWQAXK5,0.24691666666666667
NVT-L9RQRC2E8FXA,0.24691666666666667
NVT-ATXYRTM8PSM5,0.24691666666666667
NVT-TZZJ9A9V884M,0.24691666666666667
NVT-B4DECTRBUHEM,0.24691666666666667
NVT-A3T6TPHZNRH7,0.24691666666666667
NVT-XLNGY455Y6CM,0.24691666666666667
NVT-T7373JJPDNS7,0.24691666666666667
NVT-8LZCBY2PKP8T,0.24691666666666667
NVT-WUTKZHRCGUPW,0.24691666666666667
NVT-7YDKF7TCRRDU,0.24691666666666667
NVT-L5LRM6M796L4,0.24691666666666667
NVT-QG5FS2TMH838,0.24691666666666667
NVT-HYBZ4H9VMKGL,0.24691666666666667
NVT-7W48QFXGXWZP,0.24691666666666667
NVT-NSJZBQ4MP8V7,0.24691666666666667
NVT-YE8R2GYDW9GN,0.24691666666666667
NVT-JAXAK4V74JUL,0.24691666666666667
NVT-TCKKEDQASFET,0.24691666666666667
NVT-WGXNC26FD3AQ,0.24691666666666667
NVT-JHARGDGJWULL,0.24691666666666667
NVT-QZBCWFWZ52JB,0.24691666666666667
NVT-DPVKBMBQ778A,0.24691666666666667
NVT-LR7FA9RU2UWB,0.24691666666666667
NVT-37KU8WYRFSH2,0.24691666666666667
NVT-JV947Q9BB68R,0.24691666666666667
NVT-ZWXWS52SNRWD,0.24691666666666667
NVT-6ECQCEYWF36J,0.24691666666666667
NVT-N59VPBACRE2J,0.24691666666666667
NVT-WHSD5XAQJQRN,0.24691666666666667
NVT-VPYZQJBTCRN8,0.24691666666666667
NVT-JH6QUEKDMT5F,0.24691666666666667
NVT-LWJL9QPGVG2B,0.24691666666666667
NVT-8NQKUQ5JYLB5,0.24691666666666667
NVT-56G2JJMVH5XA,0.24691666666666667
NVT-5MQLR5VTNRTC,0.24691666666666667
NVT-L9936CWBB8AH,0.24691666666666667
NVT-S84EZQZ5DGRR,0.24691666666666667
NVT-856Z9XQJNQ3H,0.24691666666666667
NVT-NNDY6EU5R2WG,0.24691666666666667
NVT-8V7PM2KL5849,0.24691666666666667
NVT-VWWKCRMPXM9D,0.24691666666666667
NVT-BRTZS48WAX22,0.24691666666666667
NVT-HV9S2WZXY2TX,0.24691666666666667
NVT-TYAHT88KC5WJ,0.24691666666666667
NVT-GNSUTRGBAAEG,0.24691666666666667
NVT-CMWH7KDF95WK,0.24691666666666667
NVT-BKJ6YPH2PGQB,0.24691666666666667
NVT-P639W9FMA7HV,0.24691666666666667
NVT-8S2UVXBBXUA8,0.24691666666666667
NVT-KAUBES4CYZ37,0.24691666666666667
NVT-R2CYDUEZT9L7,0.24691666666666667
NVT-4VKRNV386UTG,0.24691666666666667
NVT-FM7LNGYEVDC4,0.24691666666666667
NVT-YFG6WQ4ZNA95,0.24691666666666667
NVT-NPT7T9G7XN33,0.24691666666666667
NVT-3UNN5JFMMTYD,0.24691666666666667
NVT-QABAU2GR8R7E,0.24691666666666667
NVT-3YVPFNC8AANG,0.24691666666666667
NVT-6TBK554HP828,0.24691666666666667
NVT-8W7H882YYYXK,0.24691666666666667
NVT-AZZWC4THB46Q,0.24691666666666667
NVT-95USRTWEQZQQ,0.24691666666666667
NVT-5BVBWVMLWTQF,0.24691666666666667
NVT-32Y55TQLMRHY,0.24691666666666667
NVT-2SCD26AK6PGX,0.24691666666666667
NVT-WCJPENP6FJD6,0.24691666666666667
NVT-4FM3NMMPLFVW,0.24691666666666667
NVT-WTBCMVZQ5DKA,0.24691666666666667
NVT-ZZK684DE6MRD,0.24691666666666667
NVT-3HUMDRY3DHNV,0.24691666666666667
NVT-6PCWZGFHTY2G,0.24691666666666667
NVT-2GFLGPDYVLSE,0.24691666666666667
NVT-FXDA227LN7RU,0.24691666666666667
NVT-PTSHU5CGUD7B,0.24691666666666667
NVT-XGD4VD35FNFX,0.24691666666666667
NVT-ZKXPGLCDRXCM,0.24691666666666667
NVT-PHW7XVELJFTD,0.24691666666666667
NVT-C4DUBZNHZ7QV,0.24691666666666667
NVT-UX9EUSYYQL86,0.24691666666666667
NVT-V8UZUJXSM439,0.24691666666666667
NVT-8BXDEHYXXAFZ,0.24691666666666667
NVT-B3VBML2YB2M5,0.24691666666666667
NVT-M2J5XCN7GFB9,0.24691666666666667
NVT-CKWHJHKX5EFP,0.24691666666666667
NVT-LLNZZQ93A9MB,0.24691666666666667
NVT-WNTUSY3B43K4,0.24691666666666667
NVT-D4UQHU3E8MHJ,0.24691666666666667
NVT-D2BC8VGSD6RK,0.24691666666666667
NVT-ZAPNCY67W8UH,0.24691666666666667
NVT-82CN8KAGYYCE,0.24691666666666667
NVT-JLXEEQ8PS6MH,0.24691666666666667
NVT-5GDX6SWD2HL4,0.24691666666666667
NVT-6QKW5TCK444S,0.24691666666666667
NVT-MYXSKKXK4NWR,0.24691666666666667
NVT-LGUP93LX9ZZK,0.24691666666666667
NVT-M9378VBVJ58S,0.24691666666666667
NVT-UQEU4RGLQXFY,0.24691666666666667
NVT-2QD2SL57QXLB,0.24691666666666667
NVT-S3H6LBQF5TAA,0.24691666666666667
NVT-YD6Y5LKEEVPK,0.24691666666666667
NVT-PT2DL2EV4R5E,0.24691666666666667
NVT-YXDF8KMGLKCW,0.24691666666666667
NVT-L9NW435HDEC9,0.24691666666666667
NVT-PUKHRZGXQZ5D,0.24691666666666667
NVT-P5BLK43ZA2CT,0.24691666666666667
NVT-EJZCWB6PTACC,0.24691666666666667
NVT-GVFWYFC2KVMK,0.24691666666666667
NVT-87NQYSXAD42D,0.24691666666666667
NVT-LC6JJ9SVVUKK,0.24691666666666667
NVT-NXT63YBEKY23,0.24691666666666667
NVT-B6BM8PVZB4JG,0.24691666666666667
NVT-BEGXCKRP9FXC,0.24691666666666667
NVT-DN9YVAXEVULY,0.24691666666666667
NVT-39D7XCSH43ZP,0.24691666666666667
NVT-H72VWNNT52C3,0.24691666666666667
NVT-A5HRJJB935K7,0.24691666666666667
NVT-DGLZ7YD2DC2J,0.24691666666666667
NVT-2FPJC2GEVJL8,0.24691666666666667
NVT-RYCJQURBH7M7,0.24691666666666667
NVT-ZV3MQYD6U2XM,0.24691666666666667
NVT-L5VFX5PSYB3W,0.24691666666666667
NVT-RWYE4Y3NGKJW,0.24691666666666667
NVT-EEXN3CKW7XXH,0.24691666666666667
NVT-MPLAG8AJ4KQC,0.24691666666666667
NVT-NNPS9G2QZHQQ,0.24691666666666667
NVT-ZPB9QKGS43F8,0.24691666666666667
NVT-MJWU3J6MJZZW,0.24691666666666667
NVT-U46DH7WA4WY8,0.24691666666666667
NVT-43GZX3R6KXP2,0.24691666666666667
NVT-J3XBGEZB272A,0.24691666666666667
NVT-4AQWPTNA9M9K,0.24691666666666667
NVT-H8AE4PL3JSV3,0.24691666666666667
NVT-T3GS433A26EN,0.24691666666666667
NVT-JR9W2WSDRH3L,0.24691666666666667
NVT-PL6BTBRUNR6D,0.24691666666666667
NVT-CMX3JG9NAGF2,0.24691666666666667
NVT-BZAVJHWDWFLR,0.24691666666666667
NVT-2542TY5JX3NV,0.24691666666666667
NVT-LDJHL8G2JK9Q,0.24691666666666667
NVT-B87QA2T99F97,0.24691666666666667
NVT-WR87DTDPX8JJ,0.24691666666666667
NVT-2NTRWFDTN9MJ,0.24691666666666667
NVT-3KR4PD4FZ2JE,0.24691666666666667
NVT-G385VNDEDAN2,0.24691666666666667
NVT-ALEB2M5EBWJN,0.24691666666666667
NVT-WUHSY8PHLXKE,0.24691666666666667
NVT-M32QVM7HT5PQ,0.24691666666666667
NVT-ZYBRN7DSQCN9,0.24691666666666667
NVT-3BLHNR94ZZZ5,0.24691666666666667
NVT-MPU8GDSE5CB4,0.24691666666666667
NVT-69QD98TKCSRF,0.24691666666666667
NVT-6GPGZGMM7NNM,0.24691666666666667
NVT-XDTEYSQSMER4,0.24691666666666667
NVT-XTQJZ4NRG5XR,0.24691666666666667
NVT-S6C5YEAH5BU3,0.24691666666666667
NVT-36SLUUT9TMVE,0.24691666666666667
NVT-TL5NRMBAGQU5,0.24691666666666667
NVT-LVSHZUCA4PCP,0.24691666666666667
NVT-JJDU7SBPCVYP,0.24691666666666667
NVT-N7A8YBAS2HEH,0.24691666666666667
NVT-GRL73YCUT2LE,0.24691666666666667
NVT-NF3CE5LMU5BR,0.24691666666666667
NVT-9R63NAQY44FJ,0.24691666666666667
NVT-V9TSM2672Y42,0.24691666666666667
NVT-3MBYX8R65QDH,0.24691666666666667
NVT-75M6FM8GUPZE,0.24691666666666667
NVT-PZY2Y2SQ58KZ,0.24691666666666667
NVT-XJWK8YJDJZZC,0.24691666666666667
NVT-B7NPCAXD73A2,0.24691666666666667
NVT-UGQ3SG89KES6,0.24691666666666667
NVT-X7NXWDLS7QHV,0.24691666666666667
NVT-K4C5EQ3JN92B,0.24691666666666667
NVT-CWV2N7DZJXHL,0.24691666666666667
NVT-NSAM84DLVCTB,0.24691666666666667
NVT-Q2JFBGDJAVFY,0.24691666666666667
NVT-F83FQLP6QBPT,0.24691666666666667
NVT-H86WQ9SVYUCH,0.24691666666666667
NVT-DG8HY2MFT5BZ,0.24691666666666667
NVT-E2TE9TNU29MV,0.24691666666666667
NVT-FNLP5UC459RE,0.24691666666666667
NVT-JTS8WEDTJU62,0.24691666666666667
NVT-B9RWAYHGHXZE,0.24691666666666667
NVT-FU7BP6QU3QR2,0.24691666666666667
NVT-P2FCSKGP58QW,0.24691666666666667
NVT-VVEN28VCH6MK,0.24691666666666667
NVT-AA69SA55NR2X,0.24691666666666667
NVT-9RP8DNZW35WL,0.24691666666666667
NVT-NQDPJ76W84AZ,0.24691666666666667
NVT-3UB3LWBVZX8L,0.24691666666666667
NVT-4A6FMAJQKZ6J,0.24691666666666667
NVT-LJBBTJS9ED9D,0.24691666666666667
NVT-92VJ6G92563G,0.24691666666666667
NVT-8G3N7WDWPHEW,0.24691666666666667
NVT-LV4JVDPDUGDY,0.24691666666666667
NVT-MHY46C4HW56D,0.24691666666666667
NVT-HCFSEZGYBYNG,0.24691666666666667
NVT-CK6BFLCSNG58,0.24691666666666667
NVT-3JWVE5VG29KT,0.24691666666666667
NVT-9SLTLXTE4L4D,0.24691666666666667
NVT-WQDFC78VESAX,0.24691666666666667
NVT-BAXGPQBKKV4E,0.24691666666666667
NVT-PMFAL92SPDVK,0.24691666666666667
NVT-3A3K8DQWF6JT,0.24691666666666667
NVT-2DQ6DLS2RACP,0.24691666666666667
NVT-4PZUFV9ACWXA,0.24691666666666667
NVT-ZREY9L2PN7UW,0.24691666666666667
NVT-7Z28PCFKB8NU,0.24691666666666667
NVT-L7DCF9CWJFVJ,0.24691666666666667
NVT-U6NTWHMGC6KR,0.24691666666666667
NVT-CZL9N8WFFL2C,0.24691666666666667
NVT-2Y4XW7SSUZ3Q,0.24691666666666667
NVT-JNMGJ6TACE73,0.24691666666666667
NVT-33SSCYUQ2NLR,0.24691666666666667
NVT-R34A4MBNWW2D,0.24691666666666667
NVT-4UFFWGLE4N46,0.24691666666666667
NVT-RTGFX76YSTT5,0.24691666666666667
NVT-MD3FV59ANKWU,0.24691666666666667
NVT-CA35A4UVY9WQ,0.24691666666666667
NVT-4CHNZHLVRGYE,0.24691666666666667
NVT-HXUKPTVT4HDQ,0.24691666666666667
NVT-WB7VJCZ2ST8V,0.24691666666666667
NVT-RCAP3S4UW27D,0.24691666666666667
NVT-F7WM35KN7MZS,0.24691666666666667
NVT-XCZZA6BL4B8U,0.24691666666666667
NVT-7D9GUY963LVN,0.24691666666666667
NVT-ZN7ULRTB584C,0.24691666666666667
NVT-UV52B3K9R9VT,0.24691666666666667
NVT-T4ECKNU5LK2D,0.24691666666666667
NVT-AMWY96R5CJT8,0.24691666666666667
NVT-CTP26QCCWLRK,0.24691666666666667
NVT-FTJ7PEBWJWYJ,0.24691666666666667
NVT-5ZBZG9JKQYAR,0.24691666666666667
NVT-LUN8QAQ3W4WV,0.24691666666666667
NVT-FXUL76UR7U86,0.24691666666666667
NVT-T7AFRSF25RG5,0.24691666666666667
NVT-F92RW59Q778V,0.24691666666666667
NVT-DLQBM2MUPAX8,0.24691666666666667
NVT-YRYK8FJV7V3L,0.24691666666666667
NVT-9MXVXHSWRY9V,0.24691666666666667
NVT-7SX3337BEHG7,0.24691666666666667
NVT-TF5PLH2CLEC4,0.24691666666666667
NVT-HBAKVDWNABBC,0.24691666666666667
NVT-5TQBW3MPGNFF,0.24691666666666667
NVT-GS9YFL2S7LQR,0.24691666666666667
NVT-CRMNVTZELRX7,0.24691666666666667
NVT-2UES2BWBAXDT,0.24691666666666667
NVT-5RKHD92F38WW,0.24691666666666667
NVT-AGD8DD7KVXAC,0.24691666666666667
NVT-WVS7YCT9RQLC,0.24691666666666667
NVT-UCEUYZ5K4M5A,0.24691666666666667
NVT-9TAAXAQCQU83,0.24691666666666667
NVT-LRUVBQP93ENU,0.24691666666666667
NVT-H4BS6YE9VXM9,0.24691666666666667
NVT-2WRLR4PCAAKU,0.24691666666666667
NVT-YS6MSDX3LRRP,0.24691666666666667
NVT-823742GVZYV5,0.24691666666666667
NVT-VHQB46PVZB79,0.24691666666666667
NVT-5FJQU4X8VZHN,0.24691666666666667
NVT-UH2NNF3Q9TVQ,0.24691666666666667
NVT-M4UBXUA6HZ48,0.24691666666666667
NVT-UHPPDCTM2G4P,0.24691666666666667
NVT-YV2T67Q78LFT,0.24691666666666667
NVT-SX5ULY5EMMKL,0.24691666666666667
NVT-K7NUVY7XXLR6,0.24691666666666667
NVT-NJ56FVHWVNUE,0.24691666666666667
NVT-7DG9AAW75XP7,0.24691666666666667
NVT-G93AT7LVUCN6,0.24691666666666667
NVT-ZDRVPNEQ5VS8,0.24691666666666667
NVT-KJ3YK9XKGW5J,0.24691666666666667
NVT-97BBXF5KZT7H,0.24691666666666667
NVT-DYG7P567ACU3,0.24691666666666667
NVT-JRFCC7LEMV4E,0.24691666666666667
NVT-2RD2LVXF5V96,0.24691666666666667
NVT-9ZQV35YAPQY5,0.24691666666666667
NVT-9M9ET9NSLCHK,0.24691666666666667
NVT-M7ZXM4FSGBD2,0.24691666666666667
NVT-Z854YGAGY4TR,0.24691666666666667
NVT-BYZZXWYP45L4,0.24691666666666667
NVT-AHLCVGSGD6ED,0.24691666666666667
NVT-PWBZKQCZYSZW,0.24691666666666667
NVT-MATCTHADYDTH,0.24691666666666667
NVT-AWFJ9TPDMLKP,0.24691666666666667
NVT-VAU52WXNK43N,0.24691666666666667
NVT-U5Y2YX5FWA8Q,0.24691666666666667
NVT-66LLTDW2BMU2,0.24691666666666667
NVT-ZXJ7FQ826F22,0.24691666666666667
NVT-4Z9GN52B77EK,0.24691666666666667
NVT-FH7XD2MU2F5N,0.24691666666666667
NVT-3HCBWP7FWW62,0.24691666666666667
NVT-FE5ESCX7EWFZ,0.24691666666666667
NVT-J2T2M3WR4S9A,0.24691666666666667
NVT-2JXUGGKVDQEZ,0.24691666666666667
NVT-927JYK33K3BS,0.24691666666666667
NVT-RC8S7G7LK2SN,0.24691666666666667
NVT-HQSJTN62AFQX,0.24691666666666667
NVT-WDDHK5WTSWHH,0.24691666666666667
NVT-ZAFKYBY7MSEF,0.24691666666666667
NVT-KZTCR9ZVUMKN,0.24691666666666667
NVT-T6J7PAB2WKPT,0.24691666666666667
NVT-77USJ7Y37TBH,0.24691666666666667
NVT-G8QQ6WJMHKLR,0.24691666666666667
NVT-D6WHWA73VRXN,0.24691666666666667
NVT-JT3673CZBHZ4,0.24691666666666667
NVT-2T9MXLDKGX3P,0.24691666666666667
NVT-UMHGJM4RCUS3,0.24691666666666667
NVT-VKBJST7Y5CEY,0.24691666666666667
NVT-QJL8GNREEFJ6,0.24691666666666667
NVT-MTJZWPDE2UZR,0.24691666666666667
NVT-Q8XWZYWSNDFB,0.24691666666666667
NVT-YC594WP4X5LR,0.24691666666666667
NVT-922S5TTQT8H2,0.24691666666666667
NVT-BS525QJN8LCU,0.24691666666666667
